iteration	score	status
0	1.275734	keep (baseline)
1	1.394374	keep
2	0.0	discard
3	0.607814	discard
4	0.577137	discard
5	1.335599	discard
6	1.306673	discard
7	1.270048	discard
