period,n,mean_pairwise_dist,std_pairwise_dist,pc_spread
1600,3,1.8294206627720084,0.44436165655094123,0.0
1750,7,3.156582952356235,1.3430400056869953,4.074970694590214
1850,15,4.335355156482971,1.8819735099613566,174.787425550017
1900,10,5.602590534260627,2.0482486102479776,234.37939569798462
1950,42,6.972676775777273,2.429533947008423,1065.8440152090527
2000,14,6.455404177220067,1.9380019521163563,165.9108071027135
