feature_set,f1_mean,f1_std,n_features
Berre material,0.33365800865800865,0.10760182928797744,30
Berre hundreår,0.4377575757575757,0.08786227810710077,1
Material + hundreår,0.4012490842490843,0.08358540109293763,31
Material + hundreår + opphav,0.38324058512293807,0.10330352655235624,33
