period,n,entropy,n_materials
1600,3,2.503258334775646,6
1750,7,1.4958242288403438,3
1850,15,3.325871146123145,13
1900,10,2.4659573209491747,7
1950,42,3.4892752112031276,17
2000,14,3.263603705626787,12
