from,to,drift
1600,1750,11.655832585371535
1750,1850,7.235760081411978
1850,1900,3.930373166405862
1900,1950,5.132783679725627
1950,2000,4.75366119728686
