Task,Feature,F1
Style,Geometry,0.40461014881007473
Style,Material,0.47566956496850005
Style,Combined,0.46269748344364503
Nation,Geometry,0.7601549381355771
Nation,Material,0.8333276491910363
Nation,Combined,0.7810067993893205
