Task,Feature,F1
Style,Geometry,0.44873969756406823
Style,Material,0.4629619430697017
Style,Combined,0.5240963723864939
Nation,Geometry,0.7750215407479539
Nation,Material,0.8168210479858476
Nation,Combined,0.8249356918378166
