Feature,Importance
h_dist_top,0.07458111224519465
d2_bin_3,0.0664676912701187
d2_bin_4,0.05569665637043109
d2_bin_1,0.052564985609171146
curv_std,0.05247673853507176
d2_bin_2,0.05034720392072812
bbox_D,0.04177104099649411
pca_l2_l1,0.03922244059945652
h_dist_mid,0.03894891937644591
symmetry_score,0.03515470189711206
d2_bin_5,0.03510451398994929
aspect_D_W,0.03447677038980274
mat_Nøttetre,0.03406690535914487
surface_ratio,0.03301114512188186
bbox_H,0.03264720427477749
