objekt_id,n_verts,n_faces,bbox_x,bbox_y,bbox_z,vol_bbox,vol_hull,vol_mesh,area,sphericity,fill_ratio,vert_centroid_norm,inertia_smallest,inertia_middle,inertia_largest,inertia_ratio,complexity,is_watertight,load_error
NMK.2005.0581,479520,959048,1.7202532291412354,1.9940351843833923,1.5262135863304138,5.235287233065309,3.7556102522498396,nan,9.97365285741865,0.8632063716079436,0.7173646994055941,0.6095395148941508,1.2448282190024422,1.6193677778962485,1.7430793883048874,0.7141546319430779,4.681952477493358,0.0,
NMK.2005.0591,187921,375840,1.9948810935020447,0.699571430683136,0.8145797252655029,1.1367963644348937,0.4302775208188046,nan,4.154529998631531,0.6298466235006874,0.37850008522212103,0.4956680506669845,0.02395063912230877,0.13009809977095046,0.1477206226959715,0.1621347018797933,4.655453415595755,0.0,
NMK.2005.0593,1210450,2421026,1.9948012828826904,1.8720816373825073,1.5465214848518372,5.775377546175076,5.175775681280078,nan,29.744688604357854,0.8613323190531634,0.8961796246044378,0.536783561116079,2.3894541036061097,2.4722166595627995,2.8467604707302225,0.8393590286832916,4.609537428089157,0.0,
NMK.2005.0638,247806,495624,1.5248878598213196,1.0799999833106995,0.5883326232433319,0.9689125617255737,0.5760483319483353,0.08240141127490519,2.9130317124263665,0.7820036266397997,0.5945307705810198,0.5778606672261695,0.052880889685364384,0.09141658726156364,0.12099247801383493,0.43705931602886666,4.9297666049610855,1.0,
NMK.2005.0638_09013,326621,499872,0.665171205997467,1.0800000429153442,1.7743943929672241,1.2746981935999173,0.8053490585747481,nan,3.5056167600007804,0.782781668774306,0.6317958734218766,0.5833371856400708,0.08330850369171897,0.16703148693850298,0.2005375287461976,0.4154260013703225,4.969279667593025,0.0,
NMK.2005.0639,265637,531264,0.9148184657096863,1.8199999928474426,0.896215409040451,1.4921714120434524,0.9136169956129895,nan,4.529322682582078,0.8584537759657288,0.6122734883131408,0.47090218614749824,0.08334254504799879,0.22851851152958413,0.2371488132079751,0.3514356404343838,4.768255304611751,0.0,
NMK.2005.0640,371882,743772,0.6133423447608948,1.0699999928474426,0.6072801649570465,0.3985435824585279,0.23303777904909015,nan,2.3519110740528353,0.8741057442984151,0.584723451351371,0.36556330237248263,0.009881857331176898,0.01966794657715203,0.02054059934304766,0.481089045462619,5.198984260945456,0.0,
NMK.2005.0641,365437,731016,1.8488182425498962,1.9944868087768555,1.350248396396637,4.9789648031010945,2.9818259269533454,nan,6.852001879905533,0.8787062020669303,0.5988847169789486,0.44644824023470847,0.8311922145586197,1.0902510621681396,1.3158014018325401,0.6317003564527317,4.7269950435233365,0.0,
NMK.2005.0643,496458,992936,1.9932377338409424,1.837876319885254,1.4475910663604736,5.302995719391459,4.370687776195918,0.31764122484384333,12.215825340221874,0.8393499610791747,0.8241922127550714,0.8088104126555463,1.7793491700093018,1.879388119349688,2.352761518971441,0.75628114267492,4.608959698751002,1.0,
NMK.2005.0644,344964,689940,0.6507642269134521,0.8600000143051147,0.6106646955013275,0.3417629207701182,0.21939444552079745,nan,1.289584779659177,0.8258894818901602,0.6419492349445652,0.550242834267224,0.010806222764349388,0.014988527925749517,0.017041485970058938,0.6341127049211199,5.427323876298543,0.0,
NMK.2005.0645,161274,322524,0.4211151897907257,0.8949999809265137,0.5342230498790741,0.20134764544021236,0.09860965628017482,0.007767358278280838,0.7432637402340286,0.830361950404274,0.48974824644500603,0.3450268910496729,0.002336255149805924,0.005025254929100779,0.005180030580023698,0.451011845145369,5.336421411204921,1.0,
NMK.2005.0646,247901,495792,0.9555470049381256,1.2000000476837158,0.661279946565628,0.7582609169702961,0.5283817218914023,nan,1.791588067790196,0.8221307837067034,0.6968336492966062,0.35862432872341626,0.04833438965779087,0.06129201009794865,0.07872834080488768,0.6139388835537372,5.141040117333638,0.0,
NMK.2005.0661,259724,519444,0.955303281545639,1.2099999785423279,0.804121732711792,0.9294979408429482,0.7090933002665248,0.017777507573448984,2.0842129728898677,0.8399425777398197,0.7628777527182667,0.4254091942338762,0.07241492022657363,0.10901168374574334,0.11925286721898046,0.6072383995061543,5.0955699880320795,1.0,
NMK.2006.0076,335969,673582,0.6831918954849243,0.7300000190734863,0.4848858565092087,0.24182717012219632,0.14412888717397368,0.0015863069907685126,0.8419592644243841,0.8788035980249951,0.5959995607654207,0.5848568970832866,0.005221471877283444,0.007000396973400617,0.008549098343570542,0.6107628743340306,5.601008126682579,1.0,
NMK.2007.0006,453154,906434,1.3465495109558105,1.9931806921958923,1.077860414981842,2.8928873377246545,1.6759075367341436,nan,8.895983794048774,0.8587797801277177,0.5793200152938887,0.5409448805732638,0.27382775819188887,0.5036503002801671,0.5657332348736148,0.48402275368011954,4.707051834794783,0.0,
NMK.2008.0005,195905,391832,0.434274360537529,0.800000011920929,0.48394906520843506,0.1681333391662844,0.11019377597140852,nan,0.6721530635782939,0.7925083951938222,0.6553951555225257,0.5900513593631987,0.003042537282101723,0.005738207848501414,0.005935265893369872,0.5126202156335508,5.464577338023689,0.0,
NMK.2008.0006,191958,383916,0.43122170865535736,0.8300000131130219,0.5349342823028564,0.1914604814682109,0.11756176702129885,0.01004707493072559,0.7168785448553712,0.800868098758595,0.6140262790513153,0.5584900872221279,0.0032878815253886084,0.00663697579869156,0.006741380138903162,0.48771638116279764,5.427760633622471,1.0,
NMK.2008.0014,320815,641650,1.3032175302505493,1.995326280593872,1.6740249395370483,4.353041021154025,2.8476503066551966,nan,6.895892484539242,0.7918523627255936,0.6541749303111924,0.4339774576779937,0.7642136584079059,1.1799084439854992,1.2056265921716454,0.633872596515443,4.667664184240916,0.0,
NMK.2008.0110,201813,403628,0.4642765074968338,0.8299999833106995,0.42031727731227875,0.16196904991062458,0.09158891579956198,nan,0.6851837964931113,0.814399073011073,0.5654717111083954,0.5846661839142379,0.002039904950074287,0.004474342844816169,0.004803433104393416,0.4246764565553139,5.469142054303764,0.0,
NMK.2008.0111,167273,334576,0.364520862698555,0.8300000131130219,0.3908305913209915,0.11824670245152931,0.08804004003646083,nan,0.6723941097896116,0.7752285921989466,0.7445454140469537,0.4794172134459323,0.0018132547072848722,0.004752055265761721,0.004775790317181248,0.37967636492782325,5.395801945599663,0.0,
NMK.2008.0118,361051,722100,0.6446311771869659,0.8300000131130219,0.3931294232606888,0.21034149413294542,0.11651152491815436,nan,1.2976164463674402,0.8248370684907441,0.5539160278309793,0.4207920659210376,0.003292468796601507,0.006181057750787627,0.007148692829576112,0.46056934814427286,5.44442221091798,0.0,
NMK.2009.0087,422064,844168,0.5694060325622559,0.7800000011920929,0.5170888304710388,0.22965812991479356,0.18028416970801864,0.020028866443578253,1.4210365335358695,0.843247265664305,0.7850110500111911,0.5563312391297763,0.007449059576876366,0.010859918136333524,0.012167872549714916,0.6121907955923562,5.47277306715296,1.0,
NMK.2009.0116,261889,523836,0.627147763967514,0.7949999868869781,0.47407424449920654,0.23636510500315852,0.14470153764304639,nan,0.8946844664590692,0.8259601809173075,0.6121950092468715,0.5673454108239006,0.005331165356151272,0.007662128797207181,0.00869344299680192,0.6132398128235801,5.466447360168495,0.0,
NMK.2009.0117,300526,601132,0.5994818210601807,0.7849999964237213,0.5391886234283447,0.25373851447021445,0.15234977712408587,nan,0.974070803720028,0.8341473102944118,0.6004203872722276,0.5618202242021798,0.005703019533871562,0.008266177396075108,0.009277371543150347,0.6147236323721674,5.489291524712277,0.0,
NMK.2009.0164,253391,506792,0.472652330994606,0.7399999797344208,0.39041846990585327,0.13655382415996634,0.09291004409416241,nan,0.7641343299365824,0.8236890083997166,0.6803913743588953,0.5096201439877719,0.0021815582122942795,0.00429080538396672,0.00478647013362863,0.45577600013988534,5.520621473965523,0.0,
NMK.2009.0193,236890,473796,0.8308051228523254,1.994982659816742,0.8363127410411835,1.3861397063963705,0.9842444928987338,0.13809726641950265,5.765551350681971,0.7548774207988925,0.7100615387878416,0.40705127084531645,0.09439128201510598,0.2979754848010828,0.3094750747104351,0.305004472826849,4.6137058834185,1.0,
NMK.2010.0161,201794,403604,0.4603554904460907,0.8799999952316284,0.46134473383426666,0.18689667045119654,0.12477429769392777,0.014662753177184172,0.9111442504523279,0.7790643602492762,0.66761113182329,0.46261133891600226,0.003481170538452466,0.007724316289388441,0.008009307125030717,0.43464066043529515,5.345321110077615,1.0,
NMK.2010.0162,354647,709378,0.39112070202827454,0.6899999976158142,0.404485821723938,0.10915991682448876,0.09621288585691286,0.009228420926242967,0.9112643143787302,0.8216832233277955,0.8813939095575475,0.5452389941714095,0.002310967315382002,0.0045675518661171645,0.004719515700457453,0.48966196153516445,5.590151927061644,1.0,
NMK.2010.0164,413652,827308,0.3788439631462097,0.36499999463558197,0.39508453011512756,0.05463151624287778,0.03281797975685166,nan,0.32449121382054863,0.8324241117857515,0.6007151551670523,0.6631957521588474,0.0005043363061004879,0.000573051108714069,0.0007085016806200149,0.7118350173271849,6.105432186478056,0.0,
NMK.2011.0001,279673,559930,0.421205997467041,0.945000022649765,0.44027724862098694,0.17524781389607805,0.12128959394463053,0.024309619353065554,1.4218563540776226,0.7652210126972862,0.6921033207099249,0.43204741008954173,0.003168706192727548,0.008085970314459446,0.008308534525475158,0.38137967447951754,5.293794817904709,1.0,
NMK.2011.0004,351834,703700,0.5127095878124237,0.75,0.527264267206192,0.20275008383062976,0.15492703302720368,nan,1.1019403893668944,0.8386796734650707,0.7641280836984721,0.5721697389054031,0.00587098167028819,0.008591887000452943,0.009227469600531016,0.6362504483298792,5.504179704309327,0.0,
NMK.2011.0139,274772,549540,0.6519568860530853,1.0700000524520874,0.6071780323982239,0.4235636929953017,0.24697130048819219,nan,1.736887955959856,0.8630117370608437,0.5830794862083036,0.4871970988620964,0.01102105108418248,0.021504874630838795,0.02154834327246649,0.5114570036697292,5.199200671211436,0.0,
NMK.2011.0140,339327,678644,0.4481470584869385,0.5949999988079071,0.4170738160610199,0.1112116900617882,0.07395881910757106,nan,0.6713662729945353,0.8752812501850521,0.6650273821617153,0.4970666613073625,0.0015073442916640782,0.0028077859716301302,0.002888087267935948,0.5219178479815618,5.703658897431667,0.0,
NMK.2011.0142,281192,562384,0.5879530608654022,0.7400000095367432,0.5417038798332214,0.23568737916806776,0.09070693578386696,nan,0.7674984122427799,0.8303309924235616,0.38486123484441737,0.6691463765688821,0.002759443763805935,0.003497392860224839,0.0037639513280450444,0.7331241887336413,5.563925475003899,0.0,
NMK.2011.0320,495195,990406,0.5038326978683472,0.7700000107288361,0.6114631295204163,0.23721784431412377,0.17672625467444888,0.05337816207893534,1.5554160929868126,0.8514761273122461,0.7449956186282009,0.5112235969961443,0.007302857608224143,0.010869297160243005,0.01123387853926262,0.6500744673979264,5.502929662913624,1.0,
NMK.2012.0160,233168,466344,0.4725673496723175,0.9500000178813934,0.5131585597991943,0.23037688587394362,0.13906692273837942,nan,1.1448553447154621,0.806207078267718,0.6036496335594765,0.4952617722442494,0.004097559828077391,0.009339360474189177,0.00943124471417078,0.4344664943239848,5.30891833158978,0.0,
NMK.2012.0277,298702,597436,0.12874796986579895,0.26500000059604645,0.18505088239908218,0.006313605253351244,0.0044581694546158195,nan,0.12687189911005547,0.8179001114054738,0.7061210316006746,0.5171689629402073,1.4141036298829108e-05,2.7148732883544246e-05,2.961081995292752e-05,0.47756314486762574,6.371872689743696,0.0,
NMK.2013.0359,308678,617380,0.31809379160404205,0.46000000834465027,0.30427034199237823,0.044521793915876066,0.03464133326858577,nan,0.3588169127671479,0.8501646374438736,0.7780758640148366,0.5695111844012847,0.000462370019212264,0.0007401385920919626,0.0007586798137465391,0.6094402550780575,5.934632772444666,0.0,
NMK.2014.0078,201192,402400,0.4383174777030945,1.0099999904632568,0.5204745233058929,0.23041440889115447,0.11991075088844123,0.016826162171231885,1.1970688843884623,0.7757124273519069,0.5204134214761105,0.43401049340132314,0.002834660615757652,0.008983959349411317,0.009008419513318,0.31466791833649677,5.225491565610084,1.0,
NMK.2014.0118,454684,909376,0.6852552890777588,0.75,0.564923495054245,0.29033760968266087,0.1658934484550478,nan,1.30533197738482,0.8437053081634328,0.5713811883908854,0.5087473425265823,0.007542851710541948,0.008212313639576625,0.010508191772297126,0.717806819097769,5.541988694689677,0.0,
NMK.2014.0144,428741,857976,0.624140590429306,0.9399999976158142,0.6669326424598694,0.39128414825455077,0.27586012026018497,nan,2.010013184718617,0.8091267957926815,0.705012256414547,0.507847645446303,0.014976061924321889,0.02336073522922778,0.025358122196235035,0.5905824496162974,5.328996110377008,0.0,
NMK.2014.0145,261843,523660,0.406313955783844,0.800000011920929,0.4754962921142578,0.15456062583072822,0.11097805637720243,nan,0.9571001354301254,0.7890282123672153,0.7180228197234619,0.5280701420138747,0.0030468489277269426,0.005733338011807397,0.006183267239643456,0.49275711523389243,5.437083590465225,0.0,
NMK.2015.0284,248500,497046,0.4981468617916107,0.9999999701976776,0.5107522010803223,0.2544295985387271,0.16394774799589096,nan,1.4866309183888013,0.763734686534015,0.6443737243524214,0.45563723860364824,0.005407979580577484,0.012770851121269631,0.013152731476239266,0.4111677935755879,5.223123232215758,0.0,
NMK.2015.0285,241383,482812,0.48862944543361664,1.0000000298023224,0.5004688501358032,0.244543823986631,0.1584637932372189,nan,1.4542709171412154,0.7616884200202618,0.647997527207565,0.45908300019983345,0.005065953753201171,0.012212966217967714,0.012601102042093273,0.4020246591352596,5.220061361484779,0.0,
NMK.2015.0335,261850,523700,0.455851212143898,0.8199999928474426,0.46828632056713104,0.17504448569911635,0.10692924711473321,0.008806113537703171,0.8991351577216856,0.8214820277679128,0.6108689838909505,0.5519857328017123,0.002533868880573045,0.006255562358469504,0.006283634163913754,0.4032489502849777,5.464227598583539,1.0,
NMK.2016.0133,261782,523592,0.6414050161838531,0.9199999868869781,0.5053136646747589,0.29818185747707404,0.19244495620216084,0.0170534023389505,1.2084668987601574,0.8551387138278239,0.6453945851382227,0.4440956423035006,0.00831057370465785,0.011972774749884974,0.01414136283428871,0.587678415584325,5.335705022266736,1.0,
NMK.2016.0134,231074,462136,0.6224770247936249,0.9500000178813934,0.6486352384090424,0.383572513931907,0.19607300404699932,0.015573968471748962,1.1384953564246678,0.8629247126403181,0.5111758453104562,0.4077274453622237,0.008213096279554478,0.013283525043714429,0.014187886059785411,0.5788809019853871,5.307419818652057,1.0,
NMK.2016.0135.001,215317,430664,0.6417502164840698,0.7449999749660492,0.5813327729701996,0.27793746317324125,0.19560409488241923,nan,0.5999288755181792,0.8108908957215539,0.7037701670339317,0.5645062824968015,0.009730646110704018,0.011536878391649763,0.01360603847920974,0.7151711444571182,5.5549785544690815,0.0,
NMK.2016.0135.002,409572,819148,0.605595737695694,0.42000000178813934,0.8255269825458527,0.20997296212662805,0.15917566722963786,nan,1.3402686625304487,0.8289717945674426,0.758076971518095,0.5434369036263615,0.006225051782708248,0.008956575119456932,0.011660420829672176,0.5338616739172406,5.485138395593825,0.0,
NMK.2016.0135.002_143736,322371,499926,0.5008187294006348,0.41999998688697815,0.7177219986915588,0.15096841545453044,0.1077431597902959,nan,1.1977957632564986,0.8293646711751251,0.7136801394245714,0.6173238247705034,0.00315271099559851,0.0047382610792193495,0.00588009511844449,0.5361666660304847,5.429973193825095,0.0,
NMK.2016.0136,193140,386278,0.5798672437667847,1.0099999904632568,0.628882497549057,0.36831504063426435,0.17951854701695236,nan,1.0069948643434068,0.8442678450509108,0.48740487683535494,0.4450960718438439,0.006581600027997503,0.012711924318833327,0.013188876414069873,0.4990265903906918,5.282844971404424,0.0,
NMK.2016.0137.001,113898,227784,0.38161860406398773,0.699999988079071,0.16592749953269958,0.044324713768402364,0.017649647848131115,0.002616036262864274,0.2869676102504035,0.7286728104198796,0.39818977603219113,0.5254298543701611,0.00011740983554241519,0.00045345864400104114,0.0005176656490295437,0.22680630975325639,5.598683217008722,1.0,
NMK.2016.0137.002,102346,204688,8.703559875488281,1.14000004529953,8.703974723815918,86.3613477180455,30.232977233144254,4.782058030487654,42.2251196273898,0.5728821989693696,0.35007532920687584,0.5014228840684535,31.41101231608726,212.08988483527395,237.06576483820166,0.13249914991953984,3.384499985112746,1.0,
NMK.2016.0137.003,247292,494584,1.683915138244629,0.7400000095367432,2.0985292196273804,2.6149714232250525,1.364678576167812,nan,6.145472662483584,0.7415646884493658,0.5218713153219662,0.5019764838685412,0.170966542142718,0.5244091749824132,0.5723435025117867,0.29871317031190925,4.604654775881922,0.0,
NMK.2016.0137.004,93001,186000,7.921570062637329,1.0199999809265137,6.611443996429443,53.42047617064114,19.00517725506243,nan,31.36253999548861,0.5828316874973202,0.3557657777956556,0.4999766969045983,13.98102127344838,95.71706545392307,106.52806710331406,0.1312426072641417,3.472076390199239,0.0,
NMK.2016.0137.005,92788,185572,1.4924771189689636,0.8499999940395355,4.91387939453125,6.233774633741144,3.5337059543099216,0.8381212517042141,12.722514723249072,0.6527849900320402,0.5668645663228283,0.4987879018926502,0.6170450606675336,4.758516212841921,4.95258664232991,0.12459046256629425,3.8629188516814112,1.0,
NMK.2016.0137.006,96742,193480,5.032250165939331,1.2200000286102295,7.863290309906006,48.27545477166947,21.13230728847711,2.8509171103439073,34.42243846900325,0.6250686820745391,0.43774434416884334,0.5025069981346244,17.47189284067138,85.23875992149911,97.51366256726257,0.17917379350426604,3.4487734292576193,1.0,
NMK.2016.0137,175722,351440,1.0702759623527527,1.9947924613952637,0.8078563213348389,1.7247558135718541,0.6770064871621931,0.10122399063709792,3.7513991942581897,0.7762987232584802,0.39252309331844365,0.5346860869148953,0.051822790249818056,0.15739467248110844,0.1623270020013317,0.3192493523005674,4.670632856796947,1.0,
NMK.2016.0139,388796,777616,1.9928738474845886,1.1885205507278442,1.1066991686820984,2.6212961351843247,1.4153218841762483,0.3888268225524473,8.157215502148148,0.8505677934137272,0.5399320836662072,0.42608314800057046,0.21102992361370443,0.37775658478145785,0.4470135894495543,0.47208838521791574,4.678179852273584,1.0,
NMK.2016.0141,92974,185932,0.39840954542160034,0.9300000071525574,0.35630105435848236,0.13201698023851816,0.058062071938457686,0.004523487412602826,0.4235209196704758,0.7886074501216275,0.4398076053061931,0.4162409510616499,0.0008411658248416128,0.0026801125170125136,0.0027805940608153965,0.30251299054956077,5.341486648893651,1.0,
NMK.2016.0142,66354,132700,0.3642018884420395,1.0350000262260437,0.3685436099767685,0.13892213200239484,0.05328856499958796,0.0038470859992817395,0.3881160632268338,0.7548058382911949,0.38358585656221666,0.4062142597983748,0.0006166969845003273,0.0030184513385748536,0.0030657104201545736,0.20115956825081782,5.23290549088801,1.0,
NMK.2016.0144,300686,601412,1.0460618138313293,0.9099999964237213,0.7907179594039917,0.7526972722291811,0.3896139091176603,0.01612363200912692,1.9158185640961403,0.8444463718392108,0.5176236496297952,0.48319503341162306,0.02613012102288304,0.04129602360609689,0.04549596428453963,0.5743393163283834,5.195758830518838,1.0,
NMK.2017.0169,146657,293324,1.4800370335578918,0.46000000834465027,0.5773932337760925,0.393099156831641,0.1304299719404699,nan,1.7025049681375233,0.6579443689046295,0.3317991648512522,0.3502017696908033,0.002784870702567251,0.017440823183166757,0.018687882857881966,0.14902012837653675,4.935214408952567,0.0,
NMK.2018.0110,244155,488316,0.5372463464736938,0.7849999964237213,0.531652182340622,0.2242181301359672,0.13218958137014622,nan,0.8575755146157983,0.8373580188055436,0.5895579509559984,0.5187770230238965,0.0039650925300134775,0.007716679617522183,0.007859711311709476,0.5044832275335919,5.4543932499322025,0.0,
NMK.2018.0221,265531,531076,0.5333051085472107,0.9300000071525574,0.5100254416465759,0.2529592333183143,0.16433157750094626,nan,1.305855325774592,0.8265046827815621,0.6496366048601896,0.5185316907219975,0.005625661409611597,0.01114733114734965,0.011646662698563574,0.48302776127494707,5.308220166428143,0.0,
NMK.2018.0382,160374,320748,0.3586924076080322,0.8300000131130219,0.4844428598880768,0.14422576216087019,0.1122217294157883,0.01106518988255134,0.6977697675946228,0.7821614713452002,0.7780976694761064,0.49943525123165106,0.002990428043442574,0.00618891426764987,0.006810605875105015,0.43908399609109133,5.361421812622,1.0,
NMK.2018.0383,268289,536592,0.5315034687519073,0.785999983549118,0.5516493618488312,0.2304579849714829,0.13942023008772075,nan,0.948529172543677,0.8111320980895804,0.6049702730194954,0.471889088817263,0.004949240587333093,0.007752893102739358,0.007758765778214536,0.6378901914051622,5.4515521743196995,0.0,
NMK.2018.0423,239455,478964,0.5809699594974518,0.7599999904632568,0.44908255338668823,0.19828663687940873,0.10518317601746546,nan,0.7150133861338315,0.7980556637298337,0.5304602351061829,0.5512875245985712,0.003052466679765482,0.004748810057821978,0.0054223847519493246,0.562938046524296,5.524909737339978,0.0,
NMK.2018.0430,278878,557768,0.5185443460941315,0.7549999952316284,0.5670323371887207,0.2219937150367719,0.13846968981019872,nan,0.8416456395609588,0.8494724260464311,0.6237550003938718,0.575593247809906,0.0045479288081251975,0.007794032281249019,0.00804308376779321,0.5654459084880348,5.520284977442263,0.0,
NMK.2018.0468,622998,1247102,0.7006799578666687,0.8050000071525574,0.6620736420154572,0.3734408972496618,0.2610209036530476,nan,1.966579698954492,0.8204994897297218,0.6989617515795105,0.5243698993268584,0.014959447504697722,0.019843116455578402,0.021348881677592156,0.7007134017890594,5.500775100835382,0.0,
NMK.2018.0486,353319,706696,0.5224630832672119,0.9199999868869781,0.5076036155223846,0.2439878145623089,0.16262403472073406,nan,1.8867550663867974,0.8171697968045799,0.6665252320590938,0.44811452395655565,0.005736961641540121,0.010607878393911868,0.01105202181831793,0.519087071655208,5.27245146773228,0.0,
NMK.2020.0270,451322,902644,0.2898556739091873,0.3739999979734421,0.32898102700710297,0.035663524271897146,0.027423304971689363,0.0009597379504207852,0.32320059936048173,0.8420827086035909,0.7689454570618228,0.45792598679310453,0.0003713086567370637,0.0004333585088216074,0.0004505789079303985,0.8240702132342604,6.145014346535888,1.0,
NMK.2020.0271,210739,421502,0.19414720684289932,0.3799999952316284,0.19333747774362564,0.014263653708165663,0.00876661046167872,0.0014122396752846477,0.17215894947232568,0.7932783702810048,0.6146118407698027,0.4796584171359105,4.180919252195893e-05,9.149451221943827e-05,9.34549655927916e-05,0.44737261692581237,6.087815311008323,1.0,
NMK.2020.0272,229367,458758,0.19323275983333588,0.37299999594688416,0.19069530814886093,0.013744520444613996,0.008853247633075814,0.0014697583766276187,0.18029347095570625,0.792050809683344,0.6441292490888685,0.4508473894797079,4.288714728102459e-05,9.172939809419157e-05,9.402279618534674e-05,0.456135629028532,6.104550934560492,1.0,
NMK.2020.0273,285351,570730,0.20296381413936615,0.37300001084804535,0.2199564203619957,0.016651911854166312,0.008593373874098876,0.002011016737879067,0.20287829026785775,0.8301303462751577,0.5160592939331955,0.47749035648008437,4.0389254941117495e-05,8.651862989026781e-05,8.811706373175168e-05,0.45835906498282264,6.148143822600431,1.0,
NMK.2021.0137,538131,1076280,1.1095437407493591,0.6800000071525574,0.8033427596092224,0.6061138791838848,0.4881325859075039,nan,3.2848011554721914,0.8684049265056796,0.8053479761340568,0.6593835753230695,0.04067701392048915,0.053801325084373346,0.06399436720690939,0.6356342862016346,5.2143789262831834,0.0,
NMK.2021.0149,394521,789048,0.6740110814571381,0.8900000154972076,0.5954350531101227,0.3571835496544672,0.2175922958826155,nan,1.7467253366524513,0.8524815241453076,0.6091890180639906,0.555324399800059,0.010169286540699027,0.014827631129358247,0.017265413556129407,0.5889975648506155,5.353845505433011,0.0,
NMK.2021.0204,346566,693134,0.6902900040149689,0.949999988079071,0.7212791740894318,0.4729972078438691,0.22863780774961728,nan,1.5662271509311034,0.83549577900459,0.48338088250425354,0.5071139121531699,0.00983407364726165,0.0194202004425843,0.020689980539734604,0.4753060849127214,5.344931205531059,0.0,
NMK.2023.0091,671351,1342784,0.6145810484886169,0.7599999904632568,0.7296054065227509,0.3407852540737326,0.2326137479774403,nan,2.0362138425963208,0.8199156352366623,0.682581611724056,0.4935137494110285,0.013322853112925557,0.0157876569508225,0.016487282685881493,0.8080684589907758,5.518126254607401,0.0,
NMK.DEP.2010.0009,2189126,4378764,1.995854914188385,1.7324857115745544,1.960415005683899,6.778703640120212,5.791781675750996,nan,48.245510438779405,0.8753564147969677,0.8544084508241292,0.512896186096057,2.9289999544278005,3.024741662835712,3.1030685334367054,0.9439043717103726,4.656813853459305,0.0,
NMK.DEP.2019.0014,395337,790738,1.398942470550537,1.9942795038223267,1.2363165020942688,3.449177521501706,2.348084590365531,0.07959479231043098,8.038609720536325,0.8581404298784487,0.6807665235343469,0.5708472368259377,0.4769426250271507,0.890877302802484,0.9645819585029654,0.49445526201564804,4.691786518407301,1.0,
NMK.INVENTAR.2017.0213,303706,607414,0.4391516447067261,0.8100000023841858,0.45227251946926117,0.16087913930580844,0.12493093044748195,nan,1.1487369491764363,0.7978306093986539,0.7765514596022668,0.49960679313669104,0.0037158774218490993,0.00705354536337716,0.007293239066377264,0.509496176942801,5.422232781508441,0.0,
NMK.INVENTAR.2017.0213_146734,298858,499889,0.43637731671333313,0.8100000023841858,0.46878644824028015,0.16569989612740807,0.13070812869209653,nan,1.3312876771440525,0.7958074209541852,0.7888244455602671,0.47701555293033676,0.0040915534837191675,0.007524924830644576,0.007549110582854772,0.5419914622805678,5.351192973719595,0.0,
O100671,352136,704328,1.0208685994148254,1.3270000219345093,0.9120792150497437,1.2355870123259007,0.8128538631728163,0.11494520543695792,3.433770053800333,0.8325144227569186,0.6578685718318448,0.4473982653745933,0.09449060051393651,0.13248914661870514,0.1500727157689083,0.6296321088734029,5.010939217877137,1.0,
O100678,359515,719096,0.7701702415943146,1.0170000195503235,0.6448565125465393,0.5050923438043375,0.355023283295623,nan,2.0294111963433106,0.8308115389423234,0.7028878731789919,0.4415283900332061,0.023610094082208936,0.03346530249446593,0.0375565083131836,0.6286551956674044,5.24834696304673,0.0,
O101934,820664,1641336,1.8343634009361267,1.9913505911827087,1.9934543371200562,7.281810891480334,4.804174242195155,nan,19.55018992164286,0.8871382909241906,0.6597499322340277,0.4438421003338014,1.9656291482875758,2.3635674862708025,2.4802295368845315,0.7925190467478441,4.623014401945365,0.0,
O101947,528875,1057748,0.45309117436408997,0.6599999964237213,0.458908274769783,0.13723201008934813,0.09210816459512323,nan,1.2283443378260261,0.8547582450727231,0.6711857134144873,0.4302919909679821,0.00249877484844927,0.0036099357660342645,0.00375881656851945,0.6647770123652258,5.634032910088601,0.0,
O10273,475988,952044,0.8806096315383911,1.2700000405311584,0.6506757736206055,0.727699041862932,0.4253372003474714,nan,4.208446479606071,0.7543946243921943,0.5844960290982314,0.4307152540453468,0.03171203128985844,0.0522134865895329,0.06800695987002452,0.46630567445547844,5.053474195521043,0.0,
O10416,412825,825672,1.8037969470024109,1.9946099519729614,1.0362433791160583,3.7282703568821796,1.7985867303953436,nan,9.011815408366857,0.7796700210544502,0.4824185368089663,0.38223311524480386,0.3010927834259855,0.6914726853755075,0.7320768161306629,0.41128577874844996,4.660953702209036,0.0,
O107395,345437,691520,1.9917314052581787,1.3656127452850342,0.7127781212329865,1.9387092982860208,1.4510406469724604,nan,7.883496680610001,0.7446464089976823,0.7484570524602633,0.4692869899380067,0.22369736456624872,0.4809691798919957,0.6053987758030406,0.3695041574365952,4.64164996421369,0.0,
O107438,306052,612144,1.1978074312210083,1.9954943656921387,1.1110397577285767,2.6556272056240036,1.9803611788544664,nan,6.844047668340435,0.8163583306640312,0.7457225828461616,0.4659321157062014,0.37253802984574597,0.6835764907032069,0.7033461966463221,0.5296652368663861,4.650482196176215,0.0,
O107439,294516,589032,0.6183582246303558,0.8950000107288361,0.4900822639465332,0.27122653004917446,0.1824013598592368,0.022624419009636316,1.3677613664815789,0.810022683837037,0.6725055982767125,0.4624564253336388,0.007355056654811495,0.01203068867424455,0.013827249437433978,0.5319247828783239,5.333098560854805,1.0,
O107444,216238,432480,2.4851986169815063,1.1200000047683716,0.6652112901210785,1.8515640474775013,1.408482659621458,0.4331181919597988,7.883364708800683,0.7014116266020206,0.7606988597236589,0.4824259444961636,0.15589401245362225,0.7375763125168995,0.8124860182570454,0.19187285559454664,4.4382203970581955,1.0,
O107557,161622,323248,0.4686216413974762,1.0800000429153442,0.48503170907497406,0.24548007384196185,0.13596955099476526,0.020077029320000234,1.0289773766139612,0.7751275488250624,0.5538924152446744,0.44100244558591045,0.0035559153699758683,0.010882486892736125,0.010938885113605967,0.3250710957328697,5.1960946503164,1.0,
O108602,293223,586448,1.133484423160553,1.9948495626449585,1.359739363193512,3.074548697958774,1.720096628918876,nan,6.209478145685055,0.7913947416018853,0.5594631270797131,0.45905967427537825,0.2834941504052208,0.6165862412795251,0.6259203279921468,0.4529236992743551,4.674142929835437,0.0,
O108604,198266,396564,0.19900890439748764,0.42000000178813934,0.20164544135332108,0.016854280183155025,0.009659909474794885,nan,0.19493204711526896,0.7625375641468201,0.5731428082256198,0.3974481333126722,4.6253524000606875e-05,0.0001232673492696571,0.00012542678332586485,0.36876911592668354,6.007365001184646,0.0,
O108606,240676,481360,0.18965502828359604,0.4150000065565109,0.1972292885184288,0.01552329365656094,0.008673564446961398,0.0010079141205982286,0.22432603689132663,0.7646855759656076,0.5587451116274867,0.4328711425843755,3.730837435805049e-05,0.00010650721186023865,0.0001078296087518265,0.34599378398856084,6.030553101122769,1.0,
O108869,278879,557828,1.097824513912201,1.982791543006897,0.982347846031189,2.1383327093163613,1.5233560090257139,nan,5.805934378451525,0.8053297223072837,0.712403641579584,0.47432723397976273,0.22411671385637233,0.47956953599578117,0.5033984946722864,0.44520735804399425,4.681543689570411,0.0,
O109262,446329,892690,1.243716061115265,1.9944537281990051,1.399499773979187,3.4715069611574525,1.8539664863654306,nan,9.047593719274895,0.8206927380496949,0.5340523602888846,0.4355604374734229,0.33145997830864965,0.6179228235949668,0.6746932581513791,0.4912750710105374,4.693122015388454,0.0,
O109491,578431,1156900,1.0994380116462708,1.9945647716522217,1.5121572613716125,3.316010152400443,2.037788998628283,nan,13.203069192642804,0.8280335201713644,0.614530385907636,0.47953156568329486,0.4047425573097694,0.6667959363190055,0.8104673284793799,0.49939404475336224,4.641576660891815,0.0,
O109522,236399,472814,0.5098870396614075,1.0200000405311584,0.35729074478149414,0.1858214859420388,0.13199141291564218,0.019044515606954908,1.4255367450427139,0.7194173748796097,0.7103129772453374,0.45749276819965284,0.0038316494199589378,0.00959368484343921,0.011356575197331477,0.3373948002263291,5.219667218799743,1.0,
O109823,501670,1003164,1.9930651783943176,1.62884521484375,1.5724979639053345,5.1049490222877445,4.733000660965341,1.0441742464348647,10.742043957610296,0.8649914076439248,0.9271396521887857,0.6958117106345285,1.8812809193195565,2.3909230044735983,2.4494960634988767,0.7680277373593009,4.669331205654939,1.0,
O109825,470757,941428,1.9945334792137146,1.6639298796653748,1.5431846380233765,5.121465393721088,4.60640127290223,nan,10.236271333722259,0.8624820466830349,0.899430322920794,0.6845283042435959,1.8353623397444025,2.2266802247878648,2.3459967535405313,0.7823379708324449,4.662654997302393,0.0,
O109862,246799,493712,0.5028390139341354,1.0400000214576721,0.5434744954109192,0.28421139240956605,0.17568443354559737,nan,1.4738409846481928,0.7835481922372205,0.6181470491247069,0.4665787841880527,0.005912869572351103,0.014465699521127097,0.01468954514634109,0.4025223050438629,5.223892766416868,0.0,
O110055,360233,720456,1.0612712502479553,1.9955695867538452,0.9032906591892242,1.9130256589933237,1.3792574863569873,nan,7.720481236204216,0.7930650472618309,0.7209822199053948,0.4245982630925663,0.18978540971746433,0.41470485563916637,0.45253894075065476,0.41937917961856575,4.668939123082649,0.0,
O110056,184167,368350,0.9378274977207184,1.9954927563667297,0.7605674266815186,1.423347161769152,0.8265108207514253,nan,3.8273064220126214,0.7758445624174989,0.5806811176860831,0.3983595052868118,0.0757083943152842,0.2004416008056058,0.22240227163055032,0.3404119650407586,4.682318579565493,0.0,
O110757,376673,753356,1.9538379907608032,1.599305510520935,1.2375146746635437,3.866965888446889,2.69455793624716,nan,8.36173927878598,0.8119772555746804,0.6968145088368985,0.490149617821947,0.6911716364263166,0.993433517693883,1.2101750755101333,0.5711335908442523,4.653667868988804,0.0,
O111434,186778,373640,0.7719486355781555,1.9953488111495972,0.6686059534549713,1.0298582914584682,0.5904789918430103,0.1115471911013471,3.962972730399915,0.7361476241907042,0.5733594580345455,0.38812949653655016,0.038332641051284526,0.14552015048488123,0.15587051617010142,0.2459261827904139,4.673304636787534,1.0,
O111829,260441,520928,0.32578353583812714,0.5409999787807465,0.33965520560741425,0.05986385160410088,0.04448805055818076,nan,0.385214986438915,0.8303958269823802,0.7431538293325112,0.5805832076320726,0.0006695032859585225,0.001230122471907076,0.0012311385013673577,0.5438082597652028,5.830006179599816,0.0,
O111968,298337,596758,0.4073241353034973,0.6649999916553497,0.3878944367170334,0.1050691780880494,0.060678661783428234,nan,0.6859999797691605,0.8252353242289735,0.5775115299044091,0.48333851843083553,0.0010491122817319319,0.00215546402095613,0.0022867729311968764,0.45877413862111616,5.6383830153620265,0.0,
O112016,472524,945132,1.4757975935935974,1.9948312640190125,1.4183270931243896,4.175508411336208,3.0200212381405116,nan,10.241155811441637,0.8522256532269097,0.7232703040284553,0.5554151389810457,0.787146591208578,1.2574514380396509,1.31736448665708,0.5975161765640327,4.664074898035343,0.0,
O112068,781860,1563736,0.7936554253101349,0.7600000202655792,0.8344630599021912,0.5033298758027347,0.35501719030521967,0.22649869902740263,3.31426934176755,0.8761701054792138,0.7053370113169245,0.5020382258399271,0.027629965723517246,0.0278029222310246,0.03318093964782703,0.8327059455450561,5.372741195705369,1.0,
O112073,762167,1524328,0.7565048933029175,0.7599999904632568,0.8090035915374756,0.4651315276936471,0.32319206716432264,nan,3.027747614424483,0.882326491254877,0.6948401643871988,0.47776344350965805,0.022560232586371375,0.02450266496930841,0.029145927092360552,0.7740440890722136,5.400930470315903,0.0,
O112074,792137,1584264,0.7300964891910553,0.7599999904632568,0.6639724671840668,0.3684206104569944,0.30864369382666174,nan,2.8378160195708118,0.875068010493498,0.8377481744135201,0.46612990751711375,0.02184769120535262,0.022214605595303662,0.025706415343651114,0.8498925623540308,5.445816063278778,0.0,
O112075,738014,1476032,1.8540751338005066,1.8509705662727356,1.994465410709381,6.844683184034823,4.912717557462817,nan,18.251650030895952,0.8758070336332822,0.7177421401945524,0.4758086558388673,2.1157720816147703,2.3030176838746432,2.668785599032126,0.7927845842626271,4.606762467660279,0.0,
O112076,594062,1188128,0.6425847411155701,0.42000000178813934,0.5462724566459656,0.14743106558329802,0.11830727921356154,nan,1.4096833435985365,0.8973470007189971,0.8024582793693393,0.49797452193878566,0.0037609256575396755,0.004964760471980177,0.005863813387356278,0.6413788108688948,5.62471020473832,0.0,
O112077,571098,1142196,0.6181025803089142,0.41999998688697815,0.501212865114212,0.13011640132624283,0.1164660727013682,nan,1.371403965028487,0.8517463014207456,0.8950914067270509,0.48868301266496783,0.003749865981966429,0.005002206669665249,0.005645412146434032,0.6642324572059917,5.6195452384854985,0.0,
O112078,670555,1341044,0.5808375477790833,0.42000000178813934,0.5359992384910583,0.1307579635412717,0.11810064619867905,nan,1.4073630341496772,0.8532086242525682,0.9032004093685845,0.47010556711809326,0.0042087250760420546,0.0045866099968296555,0.005767873897910476,0.7296839616356292,5.678028265534727,0.0,
O112079,643890,1287760,0.6254872977733612,0.42000000178813934,0.5567000508308411,0.14624770101772563,0.12543290043018565,nan,1.4814542713195245,0.8792534893181272,0.8576743398857452,0.4995212293930829,0.0044531776354309206,0.005155309382465335,0.006464395273274776,0.6888776826258337,5.638123429819225,0.0,
O112081,714268,1428536,0.5821868181228638,0.42000000178813934,0.5821695923805237,0.1423512148963354,0.12947214487033232,nan,1.4984473633861408,0.8477829317455892,0.9095260968767845,0.46633207352422595,0.005103384433993419,0.005142912475480972,0.006913715389594655,0.7381536766286565,5.67821970178707,0.0,
O112088,292369,584956,1.1626664400100708,1.9912886023521423,1.2688668966293335,2.937686260574543,1.747132451680061,nan,7.015596040594616,0.8479182777068084,0.59473078358557,0.4990658284904463,0.2998341760888485,0.5344753897672089,0.5850755677216475,0.5124708544170418,4.6198667479964035,0.0,
O1121874,331968,664054,1.139210045337677,1.994338572025299,1.133493721485138,2.5752643368847736,1.7485283616293026,nan,7.359598377294795,0.8124102729700307,0.6789704406594816,0.4720158556229374,0.28652814477043076,0.6047080302713996,0.6260363963176996,0.4576860809623345,4.654242106999188,0.0,
O112269,212603,425232,0.5094610452651978,1.0799999833106995,0.5456360578536987,0.3002187370387124,0.19413521946742165,nan,1.4188016909705488,0.767482213193807,0.6466459135173447,0.4392524903621233,0.007167028967124752,0.016848375328330722,0.017227003052333326,0.41603457927953447,5.175647691070888,0.0,
O112351,828180,1656360,1.0626663565635681,0.7400000095367432,1.0084550380706787,0.7930219286079722,0.5149007943599156,nan,4.818882925759306,0.9037088681820282,0.6492894783675713,0.3567228060989993,0.04942236817629634,0.05101316089268406,0.07001105730928431,0.705922322497797,5.235178363076301,0.0,
O1123933,366853,733724,1.0603142976760864,1.9931392669677734,1.6652382612228394,3.5192380435956756,2.474375092431836,nan,7.6642157577143815,0.833734146553024,0.7030996658309927,0.5787399362487032,0.5755699699224968,0.8901846971666603,1.0883247121564505,0.5288586793017308,4.680024352737779,0.0,
O112468,181098,362196,0.3837386965751648,0.9149999916553497,0.42934489250183105,0.15075196685348577,0.09889743888979437,0.011686632425347019,0.8335583983795882,0.7448853274953433,0.6560275196005352,0.4591803229086812,0.002140462164168279,0.0061663840698644315,0.006422991447499502,0.33325004114734885,5.336977622578118,1.0,
O112501,198950,397920,0.4711778610944748,1.0800000429153442,0.5002799183130264,0.25457849772403063,0.16990029409854354,nan,1.3477701830281479,0.7585492041742069,0.6673788069985378,0.42917603383618824,0.005468549842245775,0.014629878219234208,0.014664934335602852,0.37289971554591156,5.169128099318502,0.0,
O112502,181266,362560,0.8375238180160522,1.9953328371047974,0.8095273077487946,1.3528324741652193,0.9054696678922397,0.1295385621413894,4.157936366539014,0.742128079216964,0.6693139654641792,0.4310461965394295,0.08503877974686455,0.2540830592049363,0.2681308442465174,0.3171540371859664,4.639438512709282,1.0,
O112503,194478,388972,0.5528499186038971,1.0799999833106995,0.48107464611530304,0.28723904082430235,0.18818774770464794,0.028456660501970394,1.2922178326542988,0.7696846038751508,0.6551607579686849,0.42554688603778146,0.006706310689937435,0.016309403312661164,0.016867898400633415,0.397578318925943,5.1775347495744795,1.0,
O11281,162575,325192,0.5135414898395538,1.3650000095367432,0.49835437536239624,0.34933851249532016,0.21957685145312011,nan,1.7706868236370517,0.7229811382717476,0.6285503704835911,0.39966680523734704,0.007500429878256255,0.027471794073319553,0.028650241629410118,0.2617929012702251,4.9629120071327195,0.0,
O11300,415641,831292,1.3633878827095032,1.9911777973175049,1.449044406414032,3.9337899422435236,2.5091432945588648,nan,8.899342171380747,0.8284182185607826,0.6378437413787904,0.4572930025686688,0.603351416273476,0.9257952741203934,0.9997557122274938,0.6034988436617041,4.669360475722204,0.0,
O1131394,246856,493728,1.034927487373352,1.9956350922584534,0.9082306921482086,1.8758030086350064,1.3940600270466892,nan,5.217426017135303,0.8163088550916107,0.7431803982770695,0.4549145503724406,0.18393253380881874,0.42971397462259725,0.4608273199183457,0.39913548059913173,4.674987387996299,0.0,
O1131697,319319,638634,1.9932100772857666,1.3814871907234192,0.9115388095378876,2.5100079700772597,1.472390397000462,0.650198882101198,7.2202518312748944,0.814552173145031,0.5866078572472185,0.45863226924565054,0.2010106315427887,0.49129897978021686,0.5333042046645177,0.3769155198565089,4.645672415179364,1.0,
O11334,551362,1102828,0.52671018242836,0.7649999856948853,0.43368078768253326,0.17474442313126282,0.12350568830239607,nan,1.7679886487972785,0.834990385059911,0.7067789980892395,0.5077640763350075,0.003425386182391264,0.006911681107894776,0.007716388585857648,0.4439105346080163,5.49395735878266,0.0,
O113385,275136,550296,0.6309939622879028,1.3050000071525574,0.522995114326477,0.4306588234375247,0.2661538194763609,nan,2.594551032870516,0.7743456576493979,0.6180154799846371,0.42814303636366013,0.011615977666639726,0.02839340459936609,0.031724497708617,0.3661516652944389,5.025485201739599,0.0,
O113387,154512,309020,1.9955379366874695,0.6374868452548981,0.41544005274772644,0.52849341523864,0.40299797615717314,0.07954461249237217,3.8851753478600255,0.7087007478116567,0.7625411491176296,0.7555902971658777,0.018433273973606612,0.09389035622816368,0.10177405893044777,0.1811195717977985,4.599551589665705,1.0,
O113388,305248,610536,1.0984628200531006,1.1500000357627869,0.5537740588188171,0.6995452682252358,0.3237293805975074,nan,2.269983505428085,0.7532068834348754,0.46277116764554366,0.4107187416483366,0.026587590812020015,0.02756016327430238,0.04571577095239509,0.5815846535696905,5.128630125653211,0.0,
O113389,150792,301580,1.995099663734436,0.859939694404602,0.5777246356010437,0.9911821652197194,0.7715532895340124,0.07267451577289614,3.758038277847379,0.740031825605232,0.7784172441833425,0.7470904759733692,0.06362411405674376,0.216692083079137,0.24595881451434762,0.2586779180179873,4.603417102093791,1.0,
O113420,721366,1442524,1.8688448667526245,1.9956113696098328,1.713062822818756,6.388847350804844,4.382715224801791,nan,15.498995763221538,0.895134117871594,0.685994669171376,0.39238472627828064,1.7051950633110196,1.9531555995710348,2.131423394646817,0.8000264366027452,4.667852109399791,0.0,
O11345,553212,1106504,0.5412825345993042,0.7650000154972076,0.45592837035655975,0.18879134270977652,0.12994945823914836,nan,1.7635232631429891,0.8411446829674089,0.6883231846012977,0.4940139508516188,0.003836392120886341,0.0072263791838786786,0.007943709343579426,0.4829471919169776,5.496510399094879,0.0,
O1135253,445161,890336,0.579245388507843,0.8400000035762787,0.6268616914749146,0.30500966627459014,0.2227954984521008,nan,1.72145600119361,0.8419050080680381,0.7304538940465098,0.5494292435277787,0.010546850740093627,0.01620767010395614,0.01675637489678098,0.6294231780478815,5.412621182309828,0.0,
O1135719,230264,460598,1.179995596408844,1.9948234558105469,0.9703196287155151,2.2840187752311447,1.436109934985959,nan,5.168641225615577,0.7811475654684333,0.6287645051607,0.47118780396803717,0.2122279114364767,0.44679099176456194,0.5178854111738127,0.4097970455577262,4.648849657441853,0.0,
O1135720,249642,499344,1.2252225875854492,1.9927992820739746,1.1063397526741028,2.7012642462098073,1.6476976512706731,0.2778872506807856,5.577978569574658,0.7833415233569085,0.6099727761112551,0.4741000486289808,0.27420907231711256,0.537005267708571,0.6108059023598215,0.44892996491638015,4.650840811874108,1.0,
O1135721,262461,524980,0.2657378315925598,0.431999996304512,0.23972434550523758,0.027520053354530487,0.017425192883855755,nan,0.2727655700787387,0.7884725396734437,0.6331816533701281,0.4548802797982898,0.00013905639834160564,0.00027392193816442803,0.000305729965024558,0.4548340504681503,5.983275228712572,0.0,
O1135723,284038,568086,0.28187088668346405,0.4299999922513962,0.2887185961008072,0.034993987043931994,0.020484839444902935,nan,0.29368190199872524,0.793874890575141,0.5853816948376288,0.459189540943336,0.00018565103648106624,0.00034856770086394304,0.00038021987042081626,0.48827284138409993,5.985499261819037,0.0,
O113578,351495,703140,1.9944283366203308,1.562781810760498,1.6470322608947754,5.1335629236956875,3.4482471673456225,nan,7.357003358968447,0.8397028949210787,0.6717064188361415,0.518882332854356,1.1549402616732742,1.3930745033013416,1.4397609988825375,0.8021749877720502,4.67921819725373,0.0,
O113729,326780,653588,1.6517477631568909,1.9958345890045166,1.061605155467987,3.4997038172040935,1.9043244739688339,nan,7.842606813567562,0.8042644612235558,0.5441387538589465,0.4354371905443845,0.4459214445094957,0.5112488224704567,0.7554078497924335,0.5903055477011834,4.619795026088054,0.0,
O1140195,225537,451080,1.1380327939987183,1.9946292638778687,1.1354946494102478,2.5775200697415506,1.5821560345778216,nan,4.808429402802142,0.8374781834501944,0.6138287934791776,0.5444746606876347,0.22307905939994785,0.5377562778753133,0.5635427461457598,0.3958511770857727,4.671214555198059,0.0,
O1140196,235988,471972,1.4391982555389404,1.9925034046173096,1.2904627919197083,3.7005406826087746,2.0734282793121652,0.23303605266859173,5.138257344126851,0.794089123862444,0.5603041439475428,0.6592899489906965,0.3990091839951406,0.803364532284883,0.9173738028885574,0.434947218613362,4.662074067988444,1.0,
O114110,221014,442056,1.2397208213806152,1.9947309494018555,1.0315893292427063,2.55102704312523,1.838471823187079,nan,4.862306710595584,0.8072515732360995,0.7206790802714467,0.5235652505198161,0.32075368786979114,0.6360956672957621,0.6464501526824183,0.49617698524601916,4.65757743434559,0.0,
O114123,254095,508196,1.4056565165519714,1.9918761253356934,1.0642587542533875,2.979811334102379,2.1595941268234293,nan,5.771875379625813,0.8232783741745684,0.7247418996323716,0.5328358866134523,0.461383091978352,0.7387298010558361,0.808789301858865,0.5704614179712086,4.643679173542175,0.0,
O1141612,188120,376256,0.9465516209602356,1.9880378246307373,1.0353830456733704,1.9483635481748878,1.1656010861457804,0.09837329382519035,4.065041876529351,0.8200180417568471,0.5982461985791342,0.5182051222224197,0.1261246547688147,0.3592135585069886,0.3668448522310546,0.3438092534262304,4.665369946182838,1.0,
O114191,475961,952164,1.0880367159843445,1.3165854811668396,1.9947835803031921,2.8575141999916416,2.0768847051252117,nan,10.110768529650532,0.7757628938939081,0.7268151826266643,0.5532642846929137,0.39666821527723944,0.801348578854406,0.9585337489194495,0.4138281158325428,4.672787200306903,0.0,
O114197,619174,1238424,0.7308695018291473,0.7300000190734863,0.6377635598182678,0.3402690216224579,0.295209128522998,nan,1.7269432806744631,0.8323615594137757,0.8675756820747096,0.5879760753562285,0.020103641702951446,0.0218397830867262,0.0240603538614797,0.8355505417207144,5.554534637478343,0.0,
O114267,274628,549256,0.3728838860988617,0.8100000023841858,0.44070836901664734,0.13310977030472762,0.10492197762049398,0.02337441855172338,1.1561006964706415,0.7764729613340917,0.788236486174505,0.4769299174622608,0.0026168303169323112,0.005767109543336411,0.005981359100357199,0.4374976109988176,5.375749151311131,1.0,
O114457,273617,547432,1.5310038924217224,0.9300000071525574,0.5424823760986328,0.772404651261292,0.5080032067158952,nan,3.346483489843728,0.7369598865620531,0.6576905070242073,0.4551051167218804,0.0349455814888011,0.09576399815772416,0.11292925132252479,0.30944667638853707,4.912554390164885,0.0,
O114459,281214,562522,0.48625321686267853,0.8950000107288361,0.5284793972969055,0.2299924550052771,0.10125008778271873,nan,1.1503650245359418,0.820950442516805,0.44023221448892996,0.5020776193621653,0.002284400518683304,0.005508622151145784,0.006106463495252104,0.3740955006870131,5.38820126882919,0.0,
O114460,240943,482100,1.994508147239685,1.1555824279785156,0.590050458908081,1.3599592534002345,0.8552314332635805,nan,5.028638521737757,0.6883329072654464,0.6288654833777486,0.46093637886358224,0.0846624300969531,0.26309405072899483,0.3149093396343636,0.26884699639348053,4.680463895521758,0.0,
O114462,238799,477750,1.9909197688102722,1.1551393270492554,0.5561109185218811,1.278938174682218,0.8459851959880629,0.14574858624372503,4.915276230021554,0.687394649943456,0.6614746613519983,0.456467567212375,0.08277617017201803,0.2612160884558934,0.31171302275765195,0.26555249260912067,4.6864845743473005,1.0,
O114827,290830,581684,0.6254153549671173,0.8149999976158142,0.4570988863706589,0.23298947907219933,0.16112019799194063,nan,1.0514361775627221,0.8009327816419439,0.6915342213457301,0.48991298942978434,0.00605771558056897,0.01003521318660476,0.01079145814208677,0.5613435645868682,5.441856287256435,0.0,
O114853,425147,850320,1.4999210238456726,1.9941805601119995,1.4694772362709045,4.395372975193138,2.8281061349623093,nan,8.587300015618297,0.8374931823321513,0.6434280209947459,0.5551147062453523,0.7563290903713814,1.0773847494700177,1.1624481861467062,0.6506346686113107,4.69468248270863,0.0,
O115054,571284,1142580,0.35027073323726654,0.26999999582767487,0.24918204545974731,0.023565917634476394,0.018358692219599574,nan,0.4144053499874013,0.844292631147828,0.7790357457899807,0.47776316745553277,0.0001699839300821231,0.00024540531964901876,0.00024739828942720607,0.6870861171905507,6.13942670737791,0.0,
O115280,347589,695172,1.4015523195266724,1.9951996803283691,1.1545191407203674,3.2284704708602603,1.8218852537378496,nan,7.979725289952682,0.8453881355679275,0.5643183885935896,0.5054703828765161,0.31759731963938104,0.5974491820891394,0.6261830097987852,0.5071956834814735,4.639078083477992,0.0,
O115282,288490,576988,0.3764627277851105,0.6599999964237213,0.42797255516052246,0.10633637167551531,0.0689001536272559,nan,0.6840288690768884,0.8114608987299555,0.6479453129875847,0.5071185174768726,0.0014384519857145283,0.0025035835810686166,0.0026348566468723353,0.5459317824451739,5.625056332419966,0.0,
O1153416,285260,570768,1.0008998811244965,1.9925644397735596,0.9624970257282257,1.9195631724821676,1.4131028175503457,nan,6.425922199920616,0.7704349952982161,0.7361585374255106,0.5323120119867941,0.19861772379563303,0.44098058367900717,0.4737340240142609,0.41925999342967607,4.647305414724194,0.0,
O1153451,376953,754310,1.166006863117218,1.9835782647132874,1.6568413972854614,3.832051920092553,2.469043629386162,0.1703009238700995,8.533120467471091,0.7971388750680126,0.6443137203961811,0.4858169111833282,0.5989035698793082,0.8949122844326796,1.0257233348911248,0.5838841230446207,4.645179327130735,1.0,
O1153458,559767,1119520,0.33526715636253357,0.4000000059604645,0.3038271814584732,0.04074531066844275,0.023751477176332195,nan,0.5103939139888554,0.8450057415644859,0.5829254161197921,0.3647043807690555,0.0002655071992180794,0.0003744038264822095,0.00039232563937987734,0.6767520971551813,6.04010180472521,0.0,
O1154715,340731,681480,0.6308422386646271,1.0,0.6494231820106506,0.4096835739803044,0.2217516498995257,nan,1.8513860936128748,0.811152086327738,0.5412754232372188,0.4819470755068232,0.009726888903443434,0.017723245277923322,0.019406983027147363,0.5012056170625296,5.264914650578861,0.0,
O1154716,247214,494424,1.9918774962425232,1.9940239787101746,0.09465275704860687,0.3759466941313352,0.1958027323348991,0.03783423023428675,6.305094329672871,0.24737198392136156,0.5208257856537936,0.4941893530819753,0.03999833812114665,0.04653912085695434,0.0863802050345073,0.4630498168552396,4.593381473306765,1.0,
O1154717,418277,836568,0.6108607947826385,0.9999999701976776,0.6663935482501984,0.4070736803903973,0.22515919536821502,nan,2.193447059270715,0.8172362055713761,0.5531165639406601,0.47048719150519464,0.009701250322449515,0.018624018470628723,0.020275573225205647,0.4784698422429494,5.28033682767913,0.0,
O1154718,334293,668596,1.154518961906433,1.9948259592056274,1.265843391418457,2.9153188451891063,1.5974352460733348,nan,7.141131816749789,0.8028289146833931,0.5479452954895281,0.4865639531648661,0.2528892808994898,0.49920847965749127,0.5446204349877664,0.4643404188555106,4.670360232979983,0.0,
O1155998,434184,868368,0.6850933730602264,0.4150000065565109,0.322587326169014,0.09171601379652275,0.059283610888623293,nan,1.0950790357030566,0.8582630262165613,0.6463823320990312,0.5868195183783198,0.001018703127817858,0.0019492386785303433,0.002299616018482824,0.4429883596349051,5.598228350475377,0.0,
O1156220,504388,1948596,0.4141654968261719,0.29999999701976776,0.4715944826602936,0.05859544838135111,0.03680159186845875,nan,0.5607600603831392,0.8516900484640504,0.6280622963911207,0.47402411055745797,0.0005047185313750873,0.0008190518571337662,0.000880419409620499,0.5732705638471147,5.953987671796291,0.0,
O1156224,207907,426372,0.285140797495842,0.5119999945163727,0.34267327189445496,0.050027586038783184,0.029646525538699824,nan,0.27041838057890977,0.8334203091272525,0.5926035590787205,0.5366024577930154,0.0003234034826310633,0.0006411125923104403,0.0006688769036440337,0.483502242145251,5.885832904138339,0.0,
O1156228,257714,930376,0.30944664776325226,0.5470000207424164,0.3323311507701874,0.05625280415569112,0.03907457969784098,nan,0.41673382198508585,0.8284553323407964,0.6946245664428408,0.5663357641572825,0.0005511253074028539,0.0009433054116793091,0.001006294589029709,0.5476779001010638,5.791279262621561,0.0,
O1156234,506892,1013772,1.9391259551048279,1.9950101971626282,1.666501760482788,6.446988804580642,3.323158040833395,nan,9.793970123985442,0.8501216457305171,0.5154589439448479,0.5769680164669415,1.0480918727067543,1.2815664095957042,1.5580300013700337,0.672703267450003,4.713956662153837,0.0,
O1156386,671707,2603690,1.0942298769950867,1.0199999809265137,1.0421229004859924,1.163128431726885,0.7598229379943623,nan,4.145005103756004,0.9114153492072741,0.6532579870532963,0.5283872762547531,0.09367796310524147,0.10206427673278771,0.11360513689941094,0.8245926695039016,5.209654804561871,0.0,
O115748,433998,869382,1.775352120399475,1.9945939779281616,1.3635491728782654,4.828473041023376,2.8697851871762765,nan,8.091678491917648,0.8001452699486011,0.5943463208335604,0.44583756486557563,0.7241694627331337,1.2743709941436347,1.2886643927572956,0.5619534975926989,4.729449109608174,0.0,
O115798,335669,801268,0.2179730087518692,0.4320000112056732,0.3124053627252579,0.029417445488068412,0.02304786376068821,nan,0.35468939368416486,0.7987724199128133,0.7834760421341248,0.577379296485764,0.0002351680066326866,0.00038858000294404255,0.00044394579084935655,0.5297223478181051,5.976063032841741,0.0,
O115893,274298,548924,1.2427743077278137,1.9955515265464783,1.1415300369262695,2.8310175127437485,1.8746530595744126,0.11206604822416637,6.1085030674689955,0.818158150017964,0.6621834909659559,0.49698546409022853,0.3523958532302229,0.5957226482561164,0.6341819262797262,0.5556699720180727,4.65228784472723,1.0,
O1159333,261456,522912,0.9741531014442444,1.994542121887207,1.3499478697776794,2.622934393427694,2.038024804819675,0.08779510048933568,6.094730017430502,0.7992756206064764,0.777001822815839,0.5589433786698615,0.4005366439740166,0.7044236659395758,0.7941283675989923,0.5043726685964125,4.632444140518289,1.0,
O1159334,259814,550968,3.68043053150177,7.5,5.414910316467285,149.4690094055258,114.59531626339817,nan,86.72823391755344,0.796501814436622,0.7666827840712352,0.5542446391633503,346.75113871208515,553.6309376598347,653.100345580984,0.5309308761789473,3.4765020464318623,0.0,
O1160024,212495,727840,0.4159623235464096,0.7750000059604645,0.4346512407064438,0.14011886959049444,0.10468521495539651,nan,0.7028106560113563,0.8138886159751727,0.7471171817282365,0.5848763581347627,0.0026851520527360387,0.0053363489803008885,0.005478997504497432,0.4900809044961114,5.48051037792866,0.0,
O1160555,300749,603538,1.3358786702156067,1.9920192956924438,1.3359395861625671,3.555063606238891,2.42709235592285,0.053047383048964225,6.015564440149831,0.8398754213142403,0.6827141859469041,0.4957111271286074,0.5518663618833164,0.9023079302845118,0.9145057538093059,0.6034585999973844,4.698927808551192,1.0,
O11696,195586,392188,0.7636064887046814,1.994125485420227,0.866451621055603,1.319369416171227,0.7974452883939346,0.060574724891082156,4.414744823333201,0.762867566252962,0.6044139561064698,0.4207892609570436,0.06723267521424149,0.20685696871252227,0.20961334197772424,0.32074616329234595,4.646432158883414,1.0,
O1170960,584898,1169736,1.9871254563331604,1.9949851036071777,1.1595686078071594,4.596861231990161,3.515106489962955,nan,13.330232884405259,0.8363433017003017,0.7646753540221896,0.416704506341914,1.1271867019684145,1.4619787093929715,1.8225666297671514,0.6184611764303083,4.642242399564126,0.0,
O1171343,610220,2360692,0.6468744575977325,0.7100000083446503,0.5926196277141571,0.2721788583688754,0.1508179873116262,nan,1.5836344778956606,0.8842137314762651,0.5541135274629867,0.44943909219459927,0.005488409169006029,0.007698713975725919,0.008907972948647463,0.6161232415775756,5.585831489199502,0.0,
O1171540,643291,2516984,0.1998775154352188,0.30000001192092896,0.20653457194566727,0.01238448561970815,0.012319596530972565,nan,0.3498825281903994,0.8125845824963013,0.9947604534634589,0.5007256247166727,8.436321316456982e-05,0.0001325331250691956,0.00013553287180781233,0.6224557337219131,6.26448521941957,0.0,
O1171794,354003,1366132,0.5440076887607574,0.3100000023841858,0.21611201763153076,0.03644564604009808,0.029899792815771025,nan,0.6273383167267632,0.8031786310215009,0.8203940954394057,0.4616988920970839,0.00031589845442905954,0.0006984431909068921,0.0007831525522499792,0.40336771363572854,5.751505128177366,0.0,
O117270,315114,630244,1.1799684762954712,1.995004117488861,1.101544976234436,2.5930831044847067,1.5855260075893758,nan,7.0570184715214594,0.8037644774254052,0.6114443477909471,0.4933136569614361,0.24486180763690799,0.5023309812061287,0.5455448761756333,0.4488389834277848,4.6498464444090395,0.0,
O117273,270187,540384,1.114114761352539,1.9951474070549011,1.00748410820961,2.2394590264636567,1.4651972649988527,nan,6.026968908468703,0.7919448102327998,0.6542639305674436,0.4961563432523543,0.20981168900957825,0.4629909983419197,0.5001122560865536,0.4195291886093399,4.651565498122216,0.0,
O117274,285808,571620,1.0908899307250977,1.9944785833358765,1.1175272464752197,2.4314672862302853,1.5884461951224227,0.3866194203069984,6.566798417742005,0.7922680257914092,0.6532870929903106,0.49517451926595,0.24052677866082975,0.5272238806456506,0.5631332573583974,0.42712231166938563,4.638720696011294,1.0,
O1173022,223359,674440,0.4435764402151108,0.7800000011920929,0.4257093071937561,0.14729100308523738,0.11027957735541395,nan,0.7571332753820406,0.8066077043111236,0.7487190327001515,0.5989155923282921,0.003031905916899623,0.005589896808389085,0.005872342738611876,0.5163026158136532,5.469831123081295,0.0,
O117428,354965,709948,1.9931641221046448,1.7928224205970764,1.183013141155243,4.227366531167891,2.7525845866175054,nan,7.652982367346133,0.8014816447702519,0.6511345932090377,0.5204115799418806,0.8182051601665503,0.9463851024224906,1.4149973816112105,0.5782379323097314,4.666354820472637,0.0,
O117429,247458,494912,1.1194863319396973,1.9942083358764648,1.0413155555725098,2.3247254973677665,1.4719601212935667,0.2958561091388628,5.588957654164343,0.7826242946490936,0.6331758837592797,0.5126878338542894,0.21330992972879553,0.4712662238257992,0.49495593242914415,0.43096751802107575,4.646170679447234,1.0,
O117431,231074,462148,1.12163507938385,1.9945777654647827,0.943682849407196,2.1111963148231108,1.3166290308689181,0.3149109086015646,5.131021116860122,0.773899996174157,0.6236412131001818,0.5188888026265666,0.17403101711207106,0.40205664349187875,0.4444311874952309,0.3915814686473562,4.653547280242011,1.0,
O117432,273524,547044,1.3291776180267334,1.9944297671318054,1.0875075459480286,2.882929659269224,1.7280797113303168,0.33492587420414016,6.181371657039318,0.8099360582755638,0.5994179239768053,0.48792019811599674,0.3018604763140401,0.5368952748647383,0.6105978905962466,0.4943686851247954,4.645910582455796,1.0,
O1174396,181734,363480,1.1028611063957214,1.9958717226982117,1.017937958240509,2.240653779236543,1.3730943837423377,nan,3.9460608102721384,0.8310256699605237,0.612809706018121,0.45998112173143624,0.15955738561769636,0.4856718070625258,0.5029507665777159,0.3172425537859113,4.663272411988577,0.0,
O1174865,601715,1203440,0.7592793107032776,0.8130000233650208,0.8157155215740204,0.5035363765781722,0.21873345304020564,nan,1.9057219400296153,0.8697285191911499,0.4343945407214251,0.43161115925287796,0.011032363304085442,0.013630670657128993,0.017990936776789312,0.6132178352334966,5.499331304133418,0.0,
O1175028,407415,1580056,1.11423921585083,1.2799999713897705,1.3784542083740234,1.9659874584246892,0.8659081768015765,nan,4.43524245791906,0.8627580642991761,0.440444405222917,0.47593268764426944,0.10000810589284542,0.15212550667539837,0.16784925262985054,0.5958209782047004,4.963119648541373,0.0,
O11752,325952,1167816,1.4329164624214172,0.8499999940395355,1.0089088380336761,1.2288297620188435,0.7142589611990502,nan,3.7068919756911116,0.8352647738991608,0.581251352527135,0.4719724802673939,0.06591326026477394,0.12326143922992674,0.14176253519426688,0.46495542827622616,4.944143719928945,0.0,
O1175279,209522,758568,0.404184028506279,0.9409999847412109,0.4207427054643631,0.16002408764645204,0.11488242401210043,nan,1.1825817931312348,0.7741465755790112,0.7179070707524671,0.4698147252782079,0.0028790335697855924,0.007296878715834589,0.007393742918795329,0.3893878379875665,5.248398442635336,0.0,
O1176156,230576,796884,0.2974144071340561,0.4529999941587448,0.21686971187591553,0.029218579705895777,0.02171752065389859,nan,0.2771951821564463,0.8074362039376906,0.7432777661508437,0.4688240883003683,0.00020255395500660546,0.00036732379211608325,0.0004157643709255787,0.4871844948033374,5.920028423166215,0.0,
O1176157,961,357240,0.2624451071023941,0.40994101762771606,0.25938862562179565,0.027906847768055854,0.013675087776251168,nan,0.13270177272855005,0.8059065382886279,0.49002624337617373,0.5283138022550554,0.00010299466004873433,0.0001580778992589921,0.0001858958306698122,0.5540450244506734,3.85984666313806,0.0,
O1176403,37432,100000,0.4432968497276306,1.1681278944015503,0.4727272242307663,0.2447911168389361,0.14942669069170414,nan,1.3787838385309263,0.7285971583242487,0.6104252990112449,0.4584742443959532,0.0039005643282585467,0.014613780629939838,0.0152372658054659,0.25598846788242935,4.433746848018256,0.0,
O1176648,337552,675124,1.3804935812950134,1.995225429534912,1.5098426342010498,4.1587043593401685,2.772583153944026,nan,7.030815759833452,0.8298987096104777,0.6666939783100936,0.5422373498662929,0.7362400873827402,1.0716187767505403,1.088141533977273,0.6766032399220203,4.681334967989559,0.0,
O1176649,45438,99998,0.27152299880981445,0.40296176075935364,0.3357580751180649,0.03673642777043861,0.024290699605582704,nan,0.29868852800582285,0.8282905920198926,0.6612156129434326,0.557330840351862,0.0002670852338433439,0.0004068298690770442,0.00041733493665981866,0.6399781335849496,5.18220066461566,0.0,
O1176650,69592,99998,0.7517553865909576,0.4580776244401932,0.36203664541244507,0.12467177973650058,0.09099083188592454,nan,0.5702503143713256,0.8082644054537113,0.729843049311061,0.6845792455185619,0.001940740341028159,0.004661692690033728,0.005158668872227444,0.37620952014897857,5.086493784466017,0.0,
O1176652,270254,540604,1.9944482445716858,1.9850432872772217,1.820850670337677,7.208868161566056,2.5304310614763303,0.049597643091422915,5.140075743563282,0.8418332201459292,0.35101641544331125,0.4638996124590015,0.6386076255238774,0.889485874340194,0.963790146240914,0.6626002849423693,4.720802611862392,1.0,
O1176863,990,234144,0.4435539245605469,0.6669619977474213,0.3543470501899719,0.10482776762941594,0.048719016345024076,nan,0.2282873058710872,0.8034222755065145,0.4647529700074709,0.26356721269989597,0.0007344026981148661,0.0015417115065594368,0.0017540365698128497,0.4186929228010478,3.6371534317863072,0.0,
O117703,269839,539782,0.462661013007164,1.0899999737739563,0.5488044321537018,0.27676234517106224,0.1810590848331446,0.033238721540782216,1.7671933812713339,0.7912314423019696,0.6542041863434672,0.4001909020958714,0.006192811765646669,0.015047558593631346,0.015626604812887256,0.39629924988820725,5.1838206424376025,1.0,
O117795,463856,927680,1.9946032166481018,1.2454854846000671,1.146232545375824,2.8475274602367353,2.339277347655122,1.566915347332374,10.5522375456324,0.8512817094634133,0.8215117783133306,0.4693262426721762,0.47146521990777757,0.8946402186390798,0.9595149585595097,0.49135786336835624,4.643038619365316,1.0,
O117796,845918,1691818,0.8362305462360382,0.8650000095367432,0.7466126084327698,0.5400543389648006,0.42864042506165,nan,3.4939932107808795,0.8906716111387288,0.7936986968446295,0.4774063470077715,0.03728013650614841,0.039122195612225505,0.042824198872217396,0.8705390290519657,5.384006209496784,0.0,
O117797,803346,1606672,0.8907653391361237,0.8500000238418579,0.7961949408054352,0.6028394449044571,0.485700744159779,nan,3.668558017674883,0.9029039274566135,0.8056883939251135,0.4872134618771256,0.045628999693776456,0.0466474769736405,0.05496869081502171,0.8300907119531956,5.340407243833193,0.0,
O117800,739549,1479100,1.7871110439300537,1.993383526802063,1.5895295143127441,5.6625363105650965,5.567353651656614,nan,19.248937940483223,0.8348253217655591,0.9831908082018137,0.5756530240782056,2.6215062471174453,2.946923524891201,3.2537887525535965,0.8056780714667074,4.584560181838832,0.0,
O117801,608068,1216152,1.4255120754241943,1.9939349293708801,1.3942516446113586,3.962990646470546,2.8656184688005037,nan,13.719212080199462,0.8691401174891308,0.7230949362327247,0.44380828149204415,0.7653203229517178,1.0921493773183837,1.1226433776189135,0.681712766680132,4.646622979216693,0.0,
O118163,357646,715296,0.9611917436122894,0.8050000071525574,0.483411967754364,0.3740445350193835,0.23107442725322322,0.044216458741488635,1.679664108031351,0.8159612464897753,0.6177724993128121,0.5171237108522856,0.01008925309648356,0.01994822702692904,0.02153287267065597,0.46855118918864647,5.32823093007726,1.0,
O118450,392447,784914,0.529387354850769,0.8100000023841858,0.3556409329175949,0.15250016877953831,0.12653313557955187,nan,1.4387655012449239,0.7787018154387315,0.8297245609116298,0.48268663167343057,0.0041401944445532005,0.006566363867598446,0.008268065928844307,0.500745214199315,5.435790997788048,0.0,
O118452,284446,569056,1.9206677675247192,0.8500000238418579,0.5442237854003906,0.8884821454192494,0.7202595375171982,0.08209035763602673,6.064314827536367,0.7123466046548053,0.8106629280404146,0.4631074353413705,0.04913083510609852,0.2344072891263456,0.2525666853924094,0.19452619030005724,4.671218091404652,1.0,
O118472,335954,671972,0.4208502322435379,0.7050000131130219,0.376175656914711,0.11161109894269956,0.07227605996545339,nan,0.8970811939242243,0.8234845017861094,0.6475705431639864,0.39660635362521035,0.0014980690895980981,0.0026324982523812717,0.002901899443489123,0.5162374226850819,5.57344806395337,0.0,
O118479,200478,401012,0.5083023607730865,1.25,0.46887585520744324,0.29791338013930413,0.2053317756688595,nan,1.6413614926956632,0.7692441461522823,0.6892331441201012,0.43868028408833154,0.0066210306199808765,0.02237028174093355,0.02315841910687977,0.2859016666648864,5.086862480678553,0.0,
O118736,343024,686054,0.6282038390636444,1.0399999618530273,0.5346309244632721,0.34929147438723634,0.21813645966301912,nan,2.12208934724695,0.8313637291388909,0.6245112625371029,0.397208044180454,0.009177258922062042,0.017261661517353748,0.01834287631845065,0.5003173309755604,5.20856084169282,0.0,
O118739,174221,348480,0.6497698426246643,1.399999976158142,0.5097582042217255,0.46371570349026336,0.2819898921322309,nan,2.038482978704441,0.7502171066759538,0.608109430001548,0.41559867101568043,0.012022782207347156,0.03609482063209443,0.03920992661729957,0.3066259808311566,4.931793412737329,0.0,
O118872,476131,952280,0.7290590107440948,0.8599999845027924,0.681010901927948,0.42698752794603967,0.2786031618870905,nan,2.1527180714054603,0.8385150531051722,0.6524854794407458,0.5235761185188438,0.01609278008415717,0.02180463493144692,0.023620884513621695,0.6812945584182837,5.34473930189751,0.0,
O118921,533028,1066054,0.6652677953243256,0.8900000154972076,0.7672382891178131,0.45427285124000344,0.21631591146767118,nan,2.0580272803210544,0.8710238428875455,0.47618058371132155,0.4697946774789279,0.009714006934592017,0.015221590362948286,0.016391854699612043,0.592611825361161,5.4132988958621215,0.0,
O118937,243651,487298,1.0939285159111023,1.9952190518379211,0.8594999313354492,1.8759677706361169,1.1563147862271006,0.2092517390570449,5.5379923006186935,0.8006544819972204,0.6163830766852721,0.4325554160103195,0.13915608912496175,0.3065423902183391,0.3350092265751445,0.4153798704220113,4.643415850548502,1.0,
O118940,415248,830492,1.6554444432258606,1.994717299938202,0.5879815220832825,1.9415994612179195,1.5850422282786998,1.4788846447546824,9.830660183302832,0.7033124088558456,0.8163590173662493,0.5003413853013835,0.3529871874395702,0.5521071740318024,0.8388912534845949,0.4207782426784502,4.625724865300652,1.0,
O118941,308913,617816,0.3592088222503662,0.41499999165534973,0.08590002357959747,0.012805258957559032,0.010067149251450289,nan,0.32571278403156,0.6059095491374431,0.7861730313159798,0.5036346848776445,9.4631182733529e-05,0.000146560053244751,0.00023225928776872247,0.4074376686617595,5.977001380423176,0.0,
O118942,267684,535484,0.5996078252792358,0.9780000150203705,0.5208871364593506,0.30545679173121904,0.2079794010556718,0.03240061386768644,1.3481952392213792,0.8341399324802975,0.6808799368215698,0.4723742446347902,0.008684254361778873,0.01534227965409058,0.016965561831352005,0.5118754361397305,5.297869624111357,1.0,
O118943,254661,509294,0.5067524909973145,0.9900000095367432,0.5204224288463593,0.26108811108195856,0.1501363860494372,0.008586546985214107,1.3382500882674782,0.7950239726360314,0.5750410672752068,0.44489649731284275,0.004590382325443016,0.011167119626851832,0.011184576738188965,0.4104207457193684,5.279425159427442,1.0,
O118944,216272,432544,0.9840808212757111,1.9944655299186707,0.9757936596870422,1.9152051227634996,1.1156763821393985,0.19153361289089044,4.582357928362196,0.796968419078889,0.5825362353508954,0.44636629846442943,0.1257809155400546,0.3260962733801608,0.33306566187472403,0.377646001788574,4.673911287492859,1.0,
O118957,182078,364144,0.24649637192487717,0.4099999964237213,0.11110224574804306,0.011228383102794434,0.004579475706325637,nan,0.1917803001082139,0.5969488948917474,0.4078481883278397,0.384668998687162,1.6162910848022202e-05,4.7581838286612025e-05,5.8738937935230214e-05,0.27516518711735294,5.977453480418992,0.0,
O118974,547285,1094576,0.3474702090024948,0.4150000065565109,0.34576527774333954,0.049859401116882564,0.04173024737843626,nan,0.49189826674703513,0.8813519940546521,0.8369584560514558,0.6091110957071398,0.0006896917610356017,0.0008929761604035757,0.0009293277391799801,0.742140508626345,6.046338252870584,0.0,
O118980,226575,453118,0.2240966036915779,0.4099999964237213,0.24094810336828232,0.02213821697550782,0.012371810504297422,nan,0.21293999994091906,0.7712854731896008,0.5588440350903024,0.48161448576389626,7.457305436713278e-05,0.00016867317679597786,0.00017552448670811162,0.42485841016099374,6.026954739054241,0.0,
O119009,467968,935964,0.34044644236564636,0.46000000834465027,0.45192526280879974,0.0707739213355486,0.05055352219326254,nan,0.5369042958612471,0.873399759858398,0.7142959050351547,0.6915913164046784,0.0009945834203544085,0.0011764715277874421,0.001289214894511283,0.771464419615968,5.940319277869593,0.0,
O119010,336179,672344,0.7386384606361389,0.45100000500679016,0.4173368811607361,0.13902574477512974,0.12435129999802763,nan,1.0427419031112675,0.8454591578905987,0.8944480045703936,0.6880044394372063,0.0034790982827705543,0.006983476555051486,0.007215991950446502,0.48213721781594826,5.508393754763049,0.0,
O119026,206521,413046,1.016086995601654,1.9949763417243958,0.8917936980724335,1.8077278211355925,1.110143094814039,0.1590180894002509,4.598798316454749,0.770695943672467,0.61410964738965,0.4189229869821162,0.12681282986940645,0.32457597060373156,0.34241331377713813,0.37035017263360087,4.652319855586688,1.0,
O1191303,555139,1110300,1.993738055229187,1.7141079306602478,1.614375114440918,5.517098237303116,3.493571179074674,nan,11.667130249961112,0.8726018095630816,0.6332262049374731,0.44433010326321215,1.1559384054359367,1.2911242703045867,1.6307726873147752,0.7088286518578509,4.677437692465153,0.0,
O1191304,570478,1140988,0.6519940495491028,0.5449999868869781,0.5315370857715607,0.18887465974112613,0.13396797126802115,nan,1.3843321419061887,0.8711854937792565,0.709295632625569,0.4188361957052721,0.004919917438940282,0.005867654844187011,0.00694149569200192,0.7087690689787611,5.614998598264683,0.0,
O1191305,468262,936520,1.5210516452789307,1.9941603541374207,1.0251240134239197,3.1094275699087843,2.4920405441928666,0.456190090223429,11.499284093126498,0.807530779318957,0.8014467255353921,0.42660745109754084,0.6184745513243102,0.8513875046282757,1.033905649275195,0.5981924479838978,4.609818112238348,1.0,
O1191306,327162,654320,0.3114691227674484,0.699999988079071,0.5128940641880035,0.11182546306731188,0.09277786143159755,0.007287011323936982,1.040838520612479,0.7897119164991259,0.829666686698638,0.4063397681474726,0.0025317704015804694,0.0037293259883453386,0.004782631426924896,0.5293676588430587,5.497379497699921,1.0,
O1191356,517674,1036280,1.2471434473991394,1.9924108386039734,1.1055454015731812,2.7470836705849817,1.743430881258103,nan,10.424423113266757,0.8202469134526159,0.6346478994892957,0.41650698464766556,0.2968840599171927,0.5539999830682056,0.631733335027786,0.4699515498958665,4.69600432274821,0.0,
O119190,349854,699724,1.1509665846824646,1.9893207550048828,1.179524540901184,2.7006885929800433,1.8668997123391158,nan,8.284418721474058,0.7990413992596438,0.6912680407477514,0.45576065755592743,0.33859782269202976,0.6249466610255956,0.6659915724750272,0.5084115725874688,4.625624802281172,0.0,
O119271,235931,471848,1.1331551671028137,1.990906000137329,1.1484026908874512,2.590802696444994,1.787566698574188,nan,4.862732333418455,0.8240478710027046,0.6899663571552641,0.5374740259583132,0.3085900885033928,0.5931207675376575,0.6147940745487326,0.5019405704745971,4.6859046437639265,0.0,
O119275,605611,1212080,1.9923030734062195,1.8478124737739563,1.9175878167152405,7.059412526006148,2.7735918511383453,nan,12.289970818070064,0.8137414354689645,0.3928927288100417,0.3082180330811733,0.8217278088319216,0.9807405113481513,1.3643283628527336,0.602294748980909,4.692642903183598,0.0,
O119278,330446,660930,1.1436753869056702,1.993859887123108,0.9339166283607483,2.129636683580466,1.348920719573566,nan,7.00101100683391,0.7827836277072429,0.6334041529119812,0.47496063925319354,0.18961516973232564,0.3919947567339875,0.4593642755664507,0.4127773530027071,4.673939738727124,0.0,
O119282,534165,1068402,1.5038060545921326,1.9937365055084229,1.6399392485618591,4.91685442178339,3.8934262841326497,nan,10.81737110909499,0.8418492980823353,0.7918530731525028,0.5051943174796698,1.3440363301204132,1.773197392272877,1.8108096205430406,0.7422295060025982,4.6935536992106694,0.0,
O1193952,211196,422388,1.9943333268165588,0.92844158411026,0.5664167702198029,1.0487897490525881,0.7753433213398675,0.24956197877539207,5.108816415185484,0.7312866431491943,0.7392743131216383,0.4243983053538254,0.056139399226355205,0.2522583958365693,0.2735272633914581,0.20524242640490062,4.616365391876358,1.0,
O119837,395381,790756,0.6877123415470123,0.9909999966621399,0.6930696070194244,0.4723428280067778,0.2715960240845832,nan,2.136388034210598,0.8149676575895923,0.5749976669079138,0.47743458620718393,0.01406575010466566,0.024433608135926564,0.026199814037153733,0.5368645015845968,5.2673356586501505,0.0,
O119842,186715,374336,0.9220805466175079,1.9943822622299194,0.9146825671195984,1.6820839411036235,0.9974694493094036,nan,4.164576848677228,0.7759404026585294,0.5929962381395538,0.4190002393608443,0.10392563274778775,0.28092660665237335,0.2827171144207545,0.3675958314752752,4.651608328476612,0.0,
O119843,240972,481944,0.5673539936542511,0.9910000264644623,0.5176147222518921,0.2910277505970916,0.17744455010264037,0.03331703855413334,1.3279144035778252,0.8093098225388796,0.6097169419018754,0.4549433861527658,0.006405772867976813,0.013189080510906481,0.014093078546828218,0.4545332552211237,5.258796500573902,1.0,
O119845,269934,539950,1.9950693845748901,1.2904671430587769,0.9451322257518768,2.433310481676872,1.7492353438263504,nan,5.617910764553477,0.8200419126266617,0.7188705909082743,0.5165481231756822,0.3100039043605674,0.5275263266835377,0.6425710263245419,0.4824430166634909,4.681682753764173,0.0,
O119846,234628,469240,0.2381046935915947,0.42800000309944153,0.233438141644001,0.023789403129054452,0.013580455621529888,0.0030388879762892514,0.23326753285025842,0.7933147716480077,0.5708615532662868,0.48118955546596526,8.648992272726843e-05,0.00019122739550706813,0.0002049507887350221,0.42200336608164996,6.00252554256037,1.0,
O119848,212274,424548,1.0423224568367004,1.9951820373535156,1.1122826933860779,2.3131287195077705,1.4093716804585685,0.07720156447832631,4.901894319599878,0.7816068641161943,0.609292370360816,0.46088208868049485,0.19930461129254884,0.4428873515886986,0.4541527820734237,0.43884925769391614,4.636532859621604,1.0,
O119851,249244,498484,0.2807007133960724,0.4350000023841858,0.22566815465688705,0.02755516737231583,0.01630803619423822,nan,0.25347148564013156,0.8164689155898158,0.5918322314609711,0.4394871761582428,0.00012106443031452909,0.0002361333791033981,0.00025027774498606,0.48372031768654516,5.992695602113348,0.0,
O119852,294036,588064,0.25078321248292923,0.4229999929666519,0.2737059146165848,0.029035078450967092,0.01673446815338567,0.003376009858219852,0.2840139193420851,0.7888328033652262,0.5763534678112187,0.45571840150070925,0.00013120176305696379,0.00026106273154402187,0.00026342623188624576,0.498058838398524,6.0150608810069395,1.0,
O119862,173221,346446,0.9969541132450104,1.994904100894928,1.1209936141967773,2.2294633183721517,1.3428739080497933,0.09347040747568591,3.7131144142177908,0.7893531860154406,0.6023305685200939,0.3685238501458953,0.1895657797260234,0.40339561394706225,0.4074087858991452,0.465296248601155,4.668862209856663,1.0,
O119864,208191,416474,0.3862181007862091,0.4360000044107437,0.3259355127811432,0.054884637455383065,0.021128095605251185,nan,0.21330893957283853,0.7866784979210324,0.38495463548295605,0.4936669994824684,0.0002470416805892007,0.0003086987798690193,0.00045512223175732614,0.5428029293038904,5.989452894536498,0.0,
O119865,297171,594360,1.590661644935608,1.9946566224098206,1.305214762687683,4.141216442393177,2.240029683222253,nan,6.009977883242346,0.8050475478403536,0.5409110377065336,0.4888855176187802,0.4834127311079528,0.8260708782406412,0.9055943121250812,0.5338071635781029,4.694133551900118,0.0,
O119867,155084,310168,0.6049930155277252,0.93299999833107,0.1056146826595068,0.05961510350134659,0.024563174938107658,0.002469576375009056,0.8309041465804161,0.4002647853813677,0.41202939348336154,0.48561570140129906,0.00044673819184500935,0.0012719297323672523,0.0016972404775654829,0.2632144341064794,5.271016067712215,1.0,
O119948,324332,648656,0.8479166626930237,0.9150000214576721,0.1318073868751526,0.10226193922982836,0.08362938095529897,0.06642064575722899,1.718172936908379,0.5143525687941356,0.8177957662952813,0.4974132221799103,0.00431266314231725,0.00579629283518165,0.009921872780320242,0.4346622092223655,5.275922926018586,1.0,
O119975,127580,255144,0.4717286378145218,0.9149999916553497,0.00532269780524075,0.0022974451004732525,0.002171881005687255,0.001730383356191964,0.7264665078866216,0.0961474096684017,0.9453462044598443,0.534830090455825,3.841144249821377e-05,0.00014222777609910185,0.00018062938120479453,0.21265334710228304,5.244567000894531,1.0,
O120069,215764,431548,0.6973080933094025,1.9950131177902222,0.9306838810443878,1.2947104512138439,0.9504356967795018,0.14325673675448142,5.361352636673288,0.7568293060497677,0.7340913143077122,0.3948169096212283,0.09372832790519499,0.2614902779588966,0.29134367378081427,0.3217105306899828,4.604704611432369,1.0,
O120378,380012,760036,0.33682769536972046,0.4400000125169754,0.3137500733137131,0.04649907553397946,0.03360377623125219,0.005068902273707173,0.39667291530738125,0.8550315908662327,0.7226762219540482,0.587064488267691,0.0004317129217660816,0.0006939327437889398,0.0007525645680538461,0.5736556570587741,5.98136476295686,1.0,
O120405,253036,506092,0.5502590537071228,0.9650000035762787,0.6982040107250214,0.3707463218717872,0.24485063358023315,nan,1.3403142464909952,0.8018925057172415,0.6604263323343454,0.45362115926497726,0.011920770650311016,0.020793825301443254,0.02226367369554387,0.5354359219115301,5.275975679797713,0.0,
O120406,557427,1114844,0.9765681326389313,0.9780000150203705,0.887376219034195,0.8475185167690725,0.5619115631577105,nan,3.1220630740586897,0.8010189798687274,0.663008007541642,0.3887568752230298,0.060967964620664034,0.062431477771405605,0.08349134222979633,0.7302309795530612,5.25174632800731,0.0,
O120410,342987,686004,1.6257940530776978,1.992005169391632,1.3684252500534058,4.431768546914314,2.9131535531498796,nan,7.654051513528871,0.8298118595434149,0.6573343175103779,0.49832864044155284,0.8039554779042009,1.1169182762300716,1.2087698394046575,0.6651021986949678,4.651386278789955,0.0,
O120411,326779,653608,1.3160456418991089,1.9945589303970337,1.2514894604682922,3.2850729651675836,2.3363216004874365,nan,7.336030737748337,0.8177631738697697,0.7111932140503467,0.47218629497469283,0.5182499732158139,0.8434578805443627,0.8863218226251478,0.5847198613262594,4.648792997076925,0.0,
O120412,247550,495230,2.0816714763641357,1.0300000309944153,0.7245264947414398,1.5534729688591329,1.0269344254552633,nan,5.872553223573071,0.7087732953385918,0.6610571577627395,0.4161270449025702,0.10005297740672432,0.37168955920598024,0.41137067371687813,0.24321854667643325,4.624835969143045,0.0,
O120510,239818,479692,0.722596138715744,1.9940985441207886,0.9737432897090912,1.4030938815646663,0.8326285282935447,0.16243967866548029,5.009681703435922,0.7714086131053426,0.5934232478906083,0.4295442649609723,0.0674398755650385,0.23874598785723042,0.24436876018487813,0.2759758469700325,4.680071643505727,1.0,
O120512,240340,480712,0.6970171630382538,1.399999976158142,0.6546119153499603,0.6387860253011123,0.37899608692457476,0.057730394018880554,2.575518940573454,0.7867655186376744,0.593306791183985,0.4216107395070643,0.02143332926593899,0.051617790403919554,0.052700461872625254,0.4067009757474692,4.969961308771446,1.0,
O120513,217301,434612,1.1570470929145813,1.989271342754364,1.0398252606391907,2.39334565491726,1.59308533604963,nan,4.275162797154188,0.8115704903950322,0.6656311146601614,0.5254965990174706,0.2395340285435828,0.5273132401565311,0.5513083228272444,0.4344828812218787,4.706109067703173,0.0,
O120517,368619,737276,1.1254202723503113,1.993570625782013,1.1545811891555786,2.590423894073416,1.7153365422896947,nan,7.766151647120886,0.7949722402765542,0.6621837245302524,0.47799864952547316,0.2884461403796706,0.5547421047430374,0.6071421916171572,0.4750882813980991,4.676371849999486,0.0,
O120518,250419,500818,0.2311335951089859,0.48999999463558197,0.20971601456403732,0.023751483775049747,0.016341077116690556,nan,0.3339442099195835,0.7812127053149684,0.6880023695132844,0.41858823844677323,0.00011068133670071576,0.0002756745281828256,0.0002897425591392849,0.38199889249790564,5.874993359077184,0.0,
O120519,288638,577272,0.9735419750213623,1.9925774335861206,1.015389770269394,1.9697117355132043,1.2721599691737353,0.16228529834356806,6.243176661184991,0.8006249957297024,0.6458609888122927,0.4159866772422772,0.16374254876465172,0.37004345400616784,0.3781454405071988,0.4330147377819158,4.664947882406699,1.0,
O120521,374186,748560,0.6143455803394318,1.1200000047683716,0.5331729650497437,0.3668587507528458,0.26407723501881314,0.03516453828538448,2.5197571824095264,0.7888544477156224,0.7198335448640368,0.4387533443913552,0.01219660601185629,0.026425151212325894,0.02777808317962295,0.43907298905358966,5.171728842731156,1.0,
O120525,268050,536100,0.9120113551616669,1.994595229625702,1.0951552987098694,1.9921898835885048,1.332016627816567,0.18536518543408387,6.199575283824141,0.7861906282880937,0.6686193112361476,0.42963060141325793,0.1812861761738467,0.39079615930815903,0.42322401818596833,0.42834567128510176,4.635853873387194,1.0,
O120559,416740,833472,1.9627127051353455,1.9954479336738586,1.49205482006073,5.843619291966888,3.1608825809742793,nan,8.414490619761558,0.8464841605413188,0.5409117916561547,0.628008122302456,0.8791568118099178,1.2833845569816975,1.552108545509193,0.5664274024865297,4.694837356767567,0.0,
O120564,376875,753756,1.3920183181762695,1.9948294758796692,0.899171769618988,2.4968553922907333,1.3904912095723692,nan,7.1597331961681645,0.8159263418027813,0.5568969728345649,0.40812045353799264,0.19927578501632726,0.4062074899086787,0.46087882339619546,0.43238216837101107,4.721300490638778,0.0,
O120670,468946,937888,0.5485908091068268,0.8199999928474426,0.5394586026668549,0.24267246356290909,0.13115980224014534,0.01758765885937302,1.5558461974962958,0.8328808208311226,0.5404807793783499,0.4044689396472906,0.004278900880443522,0.006855722656912198,0.007632547787710456,0.560612393063977,5.479156172998523,1.0,
O121005,368801,737608,1.597988486289978,1.9935938715934753,1.6041077971458435,5.110270458929122,3.3275171431214834,nan,7.613291396334035,0.8431258139255807,0.6511430598173816,0.5633846728458684,1.0426530950515234,1.349968899413661,1.4419297320431892,0.7230956348851356,4.685219637371918,0.0,
O121019,412505,827150,1.9930391907691956,1.9130977988243103,1.5712049007415771,5.990813996065575,3.1525334328311634,nan,7.740777792724547,0.8672970956305892,0.5262278940560611,0.4869177493282933,0.987683261700105,1.1293399064498153,1.3424604344642406,0.7357261609682204,4.726644616279869,0.0,
O121083,310402,620808,0.24692540615797043,0.45000000298023224,0.2703675180673599,0.030042274343779485,0.019907675774836653,0.0010905959270879515,0.3525001295501956,0.7985484363210228,0.6626554150670924,0.5218236962948123,0.00017698941127816382,0.0003148299703845612,0.00035493125470995534,0.498658286441404,5.944765229927771,1.0,
O121088,422548,845108,1.0450694561004639,0.7600000202655792,0.6718294024467468,0.5336023892661974,0.29673242277030526,nan,2.246762150318942,0.8400875248253851,0.5560927550912348,0.5226348684576321,0.017335708667108377,0.024695787614190345,0.02968410015411068,0.5840065414517109,5.27431895144741,0.0,
O121090,428313,856658,1.9945682287216187,1.452200710773468,1.2935420870780945,3.746761987955737,2.1337827781023706,0.22543644308852118,8.557668115785276,0.8470123726372921,0.5695004873438944,0.5212170379602024,0.4628115631465094,0.6657374065127435,0.7994839584976885,0.5788878666385994,4.699405816515503,1.0,
O121092,451817,903648,1.012816846370697,1.9928590059280396,1.1067683100700378,2.233902455998988,1.619200165165699,nan,9.86295565590444,0.8179393232166209,0.72483029006815,0.5426046400457726,0.2535650651665801,0.5195919840167817,0.527039013946641,0.48111251436170116,4.660955487062941,0.0,
O121095,472905,945952,1.2272008657455444,0.9399999976158142,0.7657544910907745,0.8833504977097273,0.5075306574331002,nan,3.6495486959013825,0.831529255719431,0.5745518440856496,0.5496140427904956,0.04207278731649565,0.062092106765463534,0.07907687833814453,0.5320491678564515,5.112534742999464,0.0,
O121252,643420,1286832,1.9950587749481201,1.9217014908790588,1.7355766892433167,6.654040350703137,4.259018117037747,1.676503805039081,13.613619573890201,0.8747009780402647,0.6400649669321127,0.3780411760756414,1.7637906872802926,1.7716575750753345,2.285082666670232,0.7718717195690983,4.674520946054164,1.0,
O121254,321691,643384,1.663164496421814,1.9946646094322205,1.3274964690208435,4.403910277432659,2.397924462173921,nan,6.411715497915413,0.8573508185560701,0.5444989364251616,0.5756401438950217,0.5452915074373044,0.8283063612785223,0.9309812223700994,0.5857169772437482,4.700464667249465,0.0,
O121394,632196,1264452,1.4836031198501587,1.639953374862671,1.9945237040519714,4.852755839926924,3.8438965138457974,nan,14.355999283792514,0.8447892742833228,0.7921058962454789,0.5232082390034958,1.2744472912764462,1.7626041826718564,1.8634716831390856,0.6839101998746734,4.6438183156705275,0.0,
O121399,568937,1137916,1.3228197693824768,1.9951183199882507,1.2695230841636658,3.3505024163710138,2.1445696815037416,nan,12.747909456819812,0.8786836372496609,0.6400740590500936,0.6624671963152053,0.3965513993148132,0.7967959970793966,0.8015540041033847,0.49472823700555785,4.649625208206776,0.0,
O121404,615515,1231098,1.4521455764770508,1.9950695037841797,1.278113067150116,3.7028614416725274,2.276586390515251,nan,13.547111810473922,0.8797029532824517,0.6148181416928609,0.6530077900558215,0.44666110383354546,0.8473748241706941,0.8886216589441571,0.5026448537887985,4.657391925832548,0.0,
O121407,702554,1405158,1.5156609416007996,1.9920811653137207,1.5025519728660583,4.536684643877755,2.856121395273584,nan,16.062132810737648,0.8824409062095333,0.6295613690336429,0.6786972828842428,0.6954964973411428,1.1588717277618032,1.1964756712319373,0.581287621690655,4.640876498208359,0.0,
O121408,562653,1125360,1.342770516872406,1.9925973415374756,1.308176040649414,3.500157073107996,2.1374181332046995,nan,12.798036257578847,0.8758373508465516,0.6106634898264037,0.6719235371494504,0.40169605985179446,0.765107856806998,0.7965476117096866,0.5042963583678391,4.643097302603703,0.0,
O121411,677334,1354776,1.8014996647834778,1.9921823740005493,1.928358793258667,6.9207174934380085,5.540992486896637,nan,14.541333606539837,0.8331481755951173,0.8006384442292898,0.572333465954952,2.729003299288242,2.892691091451839,3.060973046900646,0.8915476410520712,4.668198638228463,0.0,
O121809,184053,368102,0.46550698578357697,1.274999976158142,0.5244984924793243,0.311301077338479,0.18341408890138752,nan,1.7392369776696843,0.7413631383839429,0.5891855256959506,0.43426200046446234,0.00535777259975591,0.020246682114496563,0.02089766448265803,0.2563814058839957,5.024584140376148,0.0,
O121810,428200,856514,1.1947152614593506,1.995004415512085,0.8655248880386353,2.0629458727465932,1.6617983215877823,nan,9.66465450281883,0.796126901658566,0.8055462547717136,0.45161901427111883,0.2751122174999396,0.5251519472779471,0.6269647355187588,0.43880014602784345,4.646460329705203,0.0,
O122238,320100,640192,1.334660530090332,1.9951216578483582,1.4550971984863281,3.8746475594762138,2.1343048304504815,0.4188429458475677,6.52113437260969,0.8543423302204785,0.5508384434167745,0.6498129058832024,0.3923975739363525,0.8062533701368262,0.8562642880963329,0.4582668918830424,4.690962524897928,1.0,
O122243,326264,652528,1.0961169004440308,1.9945602416992188,1.4879165887832642,3.2529891710017416,2.374554247884362,nan,7.629929761133348,0.7924327920313379,0.7299606986251141,0.4885508685041846,0.540870439867356,0.8936352190251955,0.9657855832400847,0.5600315942310985,4.6310486163507445,0.0,
O122265,267762,535566,0.5892545282840729,0.875,0.5802607238292694,0.299181101714067,0.18428551265189194,nan,1.0577026086063865,0.8388306911930605,0.6159664216626125,0.5390793950454003,0.007698339973479803,0.012024091263989853,0.012481365955461211,0.6167866562803088,5.403385367793393,0.0,
O122269,331051,662094,0.24714238941669464,0.41100001335144043,0.3170936107635498,0.03220895009842596,0.021026550894875817,0.0025747769970441096,0.3282560524323047,0.8009197769335387,0.6528170223065848,0.5087485364858535,0.00019641837459753394,0.00035617991732210085,0.00036508226650827256,0.5380112720240363,6.00368216166565,1.0,
O122348,478201,957596,1.4966846704483032,1.9945046305656433,1.1656802892684937,3.4797241109193386,2.7680906405971792,nan,9.977244222431896,0.8277265293657151,0.7954914103422565,0.4661147778435868,0.7718003374301688,0.9489627558538574,1.1580740664117966,0.6664516198186985,4.680599876979951,0.0,
O122351,408338,816730,1.9940425753593445,1.5100951194763184,1.1288616061210632,3.3992212512447098,2.7166078964179725,nan,8.816917378581703,0.8284053732415116,0.7991853708914118,0.5121781702825602,0.6609617019934961,1.0667034992791906,1.1784712354159264,0.5608636699225146,4.665703026185981,0.0,
O1223755,208498,416984,0.967459112405777,1.9935922026634216,1.064540684223175,2.0531997831360114,1.5167341119156081,nan,4.57064295800024,0.7881027812547184,0.7387172570216145,0.4787958993214829,0.22636474319194888,0.49055657033259314,0.4915117180001827,0.46054800913589766,4.659124596286106,0.0,
O122406,274068,548132,1.3971248865127563,1.994834840297699,1.6126626133918762,4.494544566232891,2.900242981978527,0.1633159989941404,5.715213035498717,0.8543741361318368,0.6452807262759817,0.6004484840624722,0.719163133309529,1.2228532522756932,1.2551898649436946,0.5729516732050647,4.680825907129881,1.0,
O1224753,313400,626812,0.5616316497325897,0.9652000069618225,0.6099153161048889,0.33062708603361485,0.2662886609047807,0.03461733440622647,1.8225614307926425,0.8175400892998065,0.8054048568716089,0.5404612509781507,0.01338566834055233,0.023646512322120256,0.023686837717509002,0.5651099779629012,5.235416816676365,1.0,
O1224758,247524,495060,0.5650176405906677,0.8399999737739563,0.5215128064155579,0.2475176980238691,0.20254316642504946,nan,0.934369255962588,0.8387627129523642,0.8182977138285983,0.5495690263486813,0.008992284293912108,0.01369122608078177,0.014371747078075287,0.6256917996859422,5.423098774445881,0.0,
O122530,406919,813850,1.3627638220787048,1.994615614414215,1.2850280404090881,3.49295036694545,1.8998459156540264,0.1810614040645249,8.920557236923559,0.8460463519009495,0.5439086491559347,0.5948729395879019,0.37248019979949715,0.5463987017042851,0.6680575879051025,0.5575570228421803,4.659115984426754,1.0,
O122666,606834,1213932,0.5755833089351654,0.8100000023841858,0.5098460912704468,0.23770170991115486,0.17436262346486434,0.023337747137839898,2.220668165854877,0.8417058102642506,0.7335354193709225,0.44041643554807924,0.007118979966792208,0.010244553768080521,0.01122236741981932,0.634356343940379,5.436586238834887,1.0,
O1226895,151949,303934,0.8856765925884247,1.1200000047683716,0.4623275697231293,0.4586094333580347,0.21270319488017317,nan,0.9693486682964763,0.7512228307221651,0.46380030459189564,0.5107368493270795,0.008839758805222968,0.021067940934513973,0.026219465210939544,0.3371448934639123,5.195217828264946,0.0,
O122700,443749,887596,1.2697423696517944,1.9941588044166565,1.3565289974212646,3.4348235647635903,2.62898602263834,nan,10.06026347008293,0.8231178823447778,0.7653918674624226,0.4300081796097786,0.6665467423739256,0.9955304923282886,0.9997037161034453,0.6667442879695709,4.644528032683667,0.0,
O1227035,296591,593188,1.6693325638771057,1.9945393800735474,1.4658307433128357,4.8805560728525155,4.004442034088576,nan,6.6233448715631,0.8616852241224978,0.8204888898547411,0.5969848038163439,1.3513618459961119,1.898485434019677,1.9671457522067537,0.6869657952290253,4.651080599349573,0.0,
O1227036,362307,724634,1.9938867092132568,0.858670711517334,0.8869975805282593,1.5186215674473862,1.3322738267844394,nan,8.708389361662748,0.8105967901323582,0.8772915223532785,0.5479493203377349,0.1513431015795895,0.4771179429781083,0.47870042166018384,0.31615410125338006,4.619138886372266,0.0,
O1227389,325991,655162,1.2934260368347168,1.9941815733909607,1.0764259696006775,2.776453887882587,1.7672183219813389,nan,6.833674030440388,0.8453010290355513,0.6365019529746544,0.49003851658611897,0.3078303126046075,0.5316466583141779,0.6076025321771021,0.5066310561636732,4.678551351277702,0.0,
O1227489,799975,1600292,0.7250640988349915,0.6500000059604645,0.6840183138847351,0.32237213247938756,0.1860608306233258,nan,2.0853437838939155,0.9554815217010088,0.5771616460527105,0.5599472404662723,0.00918327203506828,0.00950849142499604,0.009849832010141226,0.9323277824041397,5.583898753302056,0.0,
O123457,209805,420176,0.8993813395500183,1.9951324462890625,1.0856923460960388,1.9481499433284832,1.3369735490012007,nan,4.801313258715064,0.7864499395046515,0.6862785657642625,0.49856665479507256,0.17781845060868418,0.40697639821823645,0.4296939010752496,0.41382586572375846,4.640455791767824,0.0,
O123539,170206,340452,0.7501860558986664,1.995621681213379,0.927836149930954,1.3890519560127048,0.8246441834998915,0.07394751557788072,3.9336493790443,0.7874165186632481,0.5936741098346281,0.42238209127058746,0.06926150047071396,0.21657038850078272,0.22894241533417978,0.30252804125271066,4.6361792184987225,1.0,
O123763,285090,570272,0.588032454252243,0.9799999892711639,0.5284660458564758,0.30454007888124124,0.17845234326588919,0.012500070430006803,1.4902721727946504,0.8176100828760595,0.5859732614552801,0.47661689613906966,0.006603378269633904,0.012710271592140004,0.014275131193188555,0.4625791651417352,5.281716391848401,1.0,
O123775,379538,759100,1.473153829574585,1.9956254363059998,1.3749758005142212,4.04224083092062,2.650424319598659,nan,8.31409240400927,0.8498243576695989,0.6556819423831869,0.5263010600973306,0.6036863732723602,1.0556780283613663,1.1254399077850843,0.5364003614021843,4.6594404177140785,0.0,
O1240871,233737,467526,1.1964606046676636,1.9928109645843506,1.0498901009559631,2.503273767790708,1.632633922426278,0.1320185392431024,5.048076469684499,0.8256110618585185,0.6521995090721449,0.5317055805643768,0.2627698505924735,0.5084352637731646,0.5230784576656066,0.5023526523442816,4.665601540495822,1.0,
O1240872,145687,292636,0.9650329947471619,1.995001494884491,0.8602570295333862,1.6562031938563395,0.9579385551585126,nan,3.0086262867212383,0.8115600381948148,0.5783943411726116,0.48369999206182757,0.09190380200079008,0.2577328490148047,0.2643564558853101,0.34765105960061043,4.685052554693787,0.0,
O1240918,248603,497220,0.5696263611316681,0.8400000035762787,0.5313442051410675,0.254240840592064,0.1973236822974661,nan,0.9232432509952844,0.8390886187109216,0.7761289721901017,0.5449312226020818,0.008572393980610741,0.013259874939420912,0.01370504452342567,0.6254918738832388,5.43019022356019,0.0,
O1241466,445439,890868,1.9939869046211243,1.6512707471847534,0.9448572397232056,3.111048518111872,2.0678923959422106,nan,9.424012452079374,0.8586626709870293,0.6646930717741543,0.4365157163702541,0.4733788147161567,0.587708026960265,0.8002967630937552,0.5915040976627068,4.674552387331948,0.0,
O1242902,308263,616520,0.9516324400901794,1.9950599074363708,0.7879437506198883,1.4959614245049382,0.9666636534265365,nan,6.73685059857152,0.8106393148903145,0.646182206032777,0.49235101923101393,0.0885693651608041,0.27569231575441927,0.29909249494867957,0.2961270063830972,4.6604644844053285,0.0,
O1243278,269121,538236,1.0010196566581726,0.7999999821186066,2.045920252799988,1.6384050745850685,0.9886285581454236,nan,6.466194716686161,0.7794874274439091,0.6034091162686352,0.3681584623849374,0.0931807192402612,0.31718737003530323,0.3563092463744719,0.26151642200811887,4.619298809479314,0.0,
O1243279,535361,1070724,0.6530563533306122,0.4000000059604645,0.6530559062957764,0.17059292601664772,0.09453904319664995,nan,1.131296385851602,0.9161569723330016,0.554179152700764,0.5925740792543849,0.002949806476003933,0.0030077641643018907,0.003936323546491249,0.7493811017220179,5.675070330812545,0.0,
O1243361,587809,1175584,0.44066303968429565,0.6600000262260437,0.5364964604377747,0.1560333524842158,0.10087887819588674,nan,1.183522799462772,0.8224389241336721,0.6465212506799889,0.374523261200869,0.0028232097002926075,0.004419470267627197,0.004693448709534505,0.6015213705345067,5.6960596026882016,0.0,
O124593,231596,463196,0.9091868102550507,1.9946234226226807,1.0232148170471191,1.855585036900339,1.254377450000088,0.10034832024601716,5.732981304935525,0.7578564501115342,0.6760010589950984,0.4877456507588359,0.15896626067048786,0.3946012024818525,0.39632110980845653,0.4011047020617116,4.606350528665483,1.0,
O1247425,491908,983916,1.7157365679740906,1.9951191544532776,1.2749618887901306,4.364320627280091,2.2510954702289774,nan,10.042085633506119,0.8607822389079484,0.51579516320548,0.42891112875108267,0.5584468592398678,0.642721665448925,0.8744540934407237,0.6386234148010459,4.690059965152469,0.0,
O1248498,407339,814684,0.3136153668165207,0.3799999952316284,0.26225897669792175,0.031254408775465606,0.017665046330898774,nan,0.2999942560013309,0.844615439588577,0.56520174346621,0.6226156599496175,0.00015730158368019808,0.0002264326353652097,0.00028401704732879205,0.5538455707487799,6.132843053534473,0.0,
O1249163,212058,424088,1.9934424757957458,1.9805859923362732,0.3490694612264633,1.3781905469070266,0.7344076235003222,0.06932252771192955,4.6086061866563455,0.49099374344639474,0.5328781460216079,0.5651709375396995,0.1782146590321377,0.1949044299138005,0.3659901117647857,0.4869384535357955,4.662885062595529,1.0,
O125191,252670,505360,1.9948524832725525,0.6463412940502167,0.691458523273468,0.8915358745358611,0.7542825720242483,nan,5.804230155849149,0.7722244155147474,0.8460484805694805,0.5036923320619633,0.04787963476058967,0.25389861178367984,0.260606140089253,0.18372412386059572,4.638809055113834,0.0,
O125408,258168,516336,0.5094355046749115,0.7874000072479248,0.4507467895746231,0.18080784337668337,0.13145206501675108,0.016877887747962346,0.945702941035294,0.7888162279303282,0.7270263422305876,0.5511815211708097,0.004344821485298074,0.006992196270015514,0.00775579946785711,0.5602029169661509,5.4361476706888405,1.0,
O1254532,676332,1354492,2.354706048965454,0.9800000190734863,1.2372126579284668,2.8550067424574284,2.203981078117539,nan,18.18568436197575,0.7812239075652786,0.7719705334988024,0.4582031174079715,0.3864881913669898,1.057467985212197,1.2024279440835748,0.32142316158624384,4.570430287110763,0.0,
O1254906,303373,606852,0.5855132937431335,0.9799999892711639,0.5900996327400208,0.3386009523032457,0.22468549849719874,nan,1.6284471734835608,0.8136581970666722,0.663570190718111,0.44501455562810943,0.010378207861256485,0.017503080327566894,0.018378370050645212,0.5646968600946272,5.270203251544688,0.0,
O125676,290999,581932,0.9643620550632477,1.9932481050491333,0.9951886832714081,1.9129644640487,1.3218456596193728,nan,6.961812560780469,0.8192294068208098,0.6909933166357666,0.398492450665917,0.16865903986177314,0.3914408052140857,0.4010792171502669,0.4205130374496167,4.621169170362605,0.0,
O1257436,603431,1206540,0.839859277009964,0.6599999964237213,0.8357172310352325,0.4632440113215969,0.24894171263069056,nan,2.13659817204067,0.888352391646191,0.5373878702079287,0.42353498912371146,0.014386782249438181,0.016271500581498496,0.019175248855339284,0.7502787764567774,5.4509047648798825,0.0,
O125998,285842,571692,1.0758716464042664,1.9945997595787048,1.2447052001953125,2.671054371707344,1.6602603251573227,0.38953086736417025,6.532140612018398,0.7938467102817817,0.6215748892060481,0.479387683243909,0.2619938400529161,0.5604222177983038,0.5941274887300118,0.4409724259904989,4.6410705170427216,1.0,
O126103,471690,943376,1.6358489990234375,1.994563639163971,1.6911256313323975,5.517813051582879,3.3001258005467378,0.868824311439501,10.151925720656184,0.8244316482169821,0.5980858303272961,0.48453057613559414,1.0054086560630995,1.3726864324037933,1.5814792526955366,0.6357393904152967,4.667108237678118,1.0,
O1263993,166568,333132,0.2562474459409714,0.47999998927116394,0.015109098516404629,0.0018584005530051285,0.0018256704998366171,0.0017834969372022916,0.25778066695552393,0.27752595197392865,0.9823880523950634,0.5012288890219964,9.755608237714515e-06,3.4940001271704206e-05,4.4627341066937115e-05,0.21860160171949197,5.810341228146446,1.0,
O1264771,248266,496540,0.6654167175292969,1.574999988079071,0.6104071736335754,0.6397258372490683,0.42071305358482625,0.09810065166573605,3.7581886145751477,0.7758016899556889,0.6576458681018186,0.4543406521712445,0.02167919517940803,0.07549275793397274,0.07790197216959123,0.2782881431064775,4.819938674526034,1.0,
O1265378,283399,566796,1.3234201073646545,1.9936153888702393,1.5224452018737793,4.016805249677167,2.0168538132790963,nan,6.013982539313116,0.8184280561875582,0.5021039577264026,0.5657617038660718,0.4005501551733488,0.6974294840927303,0.728924180243178,0.5495086677461027,4.673236150607141,0.0,
O126577,636017,1272068,1.964202344417572,1.9951515793800354,1.769881248474121,6.935954721998297,3.0908747131439376,nan,12.851674425951707,0.8534223350350386,0.44563075121306944,0.4286613061438791,0.859024919751705,1.247300414772127,1.4609888824712964,0.5879749873925423,4.694509009044035,0.0,
O1266680,180200,360488,0.37453120946884155,0.9769999980926514,0.472262367606163,0.17280882448708723,0.12006757240058619,0.00782280089514437,0.9914783618568654,0.7503077967027251,0.6948000066371494,0.4389982211500017,0.003053298889981015,0.008254723962316664,0.008579526097930452,0.35588199804153864,5.259471546093357,1.0,
O126915,450511,901004,1.9804707765579224,1.2799999713897705,1.4818536043167114,3.7565026468980514,1.9598891731639145,nan,8.728961939478076,0.907193507314944,0.5217324084098015,0.41431469064752446,0.379388675654114,0.5999366902912618,0.700859887101832,0.5413188607824981,4.712742799629246,0.0,
O127300,323030,646088,0.43442901968955994,0.8349999785423279,0.5536362528800964,0.20083056643285077,0.14805869905367539,0.04070452546835901,1.2900467518385166,0.7927477706000283,0.7372318949425457,0.4872656390836936,0.005071676146500355,0.00904370609149262,0.009626479721643896,0.5268463958945809,5.3986374078070805,1.0,
O127328,261836,523868,1.9910934567451477,1.048152506351471,0.7578451335430145,1.5815997529897858,1.2651237990074413,0.3278307840559838,6.3587618244116815,0.755603955244353,0.7999013635503595,0.4805028971330591,0.1428337558188312,0.4570131933754247,0.5020590446628563,0.2844959319769793,4.614656799516727,1.0,
O1273289,546297,1092592,1.8318939805030823,1.4900000095367432,1.080508530139923,2.9492718565226927,2.3210748923634927,nan,10.850568167685402,0.824115220652932,0.786999301956562,0.49092590760192406,0.527335927211816,0.7888880151249573,0.9918166838086862,0.5316868891404282,4.701976335867736,0.0,
O1273291,495392,990780,1.9568715691566467,1.4899999499320984,1.148085355758667,3.347516719072021,2.4971342137464063,nan,11.125471606094873,0.812743118996066,0.745966166358281,0.5133538544474023,0.5968598878364334,0.8983162941230175,1.1652359079455172,0.512222360954174,4.648630559276784,0.0,
O1273341,246680,493444,0.18873410671949387,0.5419999957084656,0.24029912054538727,0.024581130610362177,0.016774200293884996,0.0032365448155452533,0.37830116602946906,0.7752331063591135,0.6824014956746469,0.41199771876037167,0.00010477274002135349,0.00033719985089236747,0.0003540196036936654,0.2959518030306982,5.814296259843009,1.0,
O1273517,249805,499610,0.28820374608039856,0.4300000071525574,0.22021401673555374,0.02729059741586503,0.014826424476819812,0.0010573899099046598,0.24244602371882462,0.8166743424339289,0.543279586404388,0.540864918746778,0.00010959065766123745,0.00019089542832696066,0.00023442591592614956,0.46748524892512927,6.012986061012634,1.0,
O1273522,319746,639512,1.350147306919098,1.9913764595985413,1.1826861500740051,3.179830967104672,2.2896188199529823,0.11012193143898637,6.9057499763408625,0.8205402321841898,0.7200441921721854,0.5438787157390255,0.5225912033928892,0.7748171104521132,0.8788448518176215,0.5946341977336151,4.66559426958657,1.0,
O127517,288480,576964,0.2477257251739502,0.4150000065565109,0.23102276772260666,0.023750567681527925,0.01449013616749597,0.0006610554830849283,0.2744029718228943,0.8040398376555888,0.6100964137697524,0.41967160294181216,9.847457827735667e-05,0.000199428686624105,0.0002155832742354422,0.4567820886225658,6.021726898847639,1.0,
O127523,293962,587906,1.0411394238471985,1.9938580989837646,1.3464367985725403,2.7950469739494976,1.4896364125572579,nan,6.260466872325668,0.7820632732727445,0.5329557701323174,0.4279460241264735,0.21379743548094765,0.4946812280937381,0.50647689173295,0.4221267326716983,4.671684471692824,0.0,
O127526,231698,463400,0.5914826095104218,0.9899999797344208,0.578655332326889,0.3388419133759207,0.2000304706609631,nan,1.2634919520716128,0.8148824824232298,0.5903356779804384,0.4463734643558259,0.00831988797967542,0.015371540561569738,0.015763859603025673,0.5277824206248655,5.263349805022275,0.0,
O127527,148554,297200,0.7933262884616852,1.9935157299041748,0.68489208817482,1.0831626145097255,0.558061631532526,nan,3.2341479157446043,0.7355921267125777,0.5152150047064934,0.3852947065508609,0.035094646271974526,0.13411716581479868,0.14002120933708787,0.25063807431835183,4.662124471462727,0.0,
O127576,187647,375376,0.687736839056015,1.4149999618530273,0.5563929975032806,0.5414525107497536,0.26471781948714934,nan,2.0779309249414526,0.769675756880885,0.48890311565938155,0.40847796327942765,0.011127044690814498,0.03265948003335128,0.03495547937378113,0.318320471930375,4.95571051899253,0.0,
O1282899,235361,470724,0.21367577463388443,0.4619999974966049,0.2307371199131012,0.022777954845986482,0.015103455998876976,nan,0.2833690166141345,0.7777304896816667,0.66307340149716,0.483567685052935,0.00010032934611342698,0.00024168503620047524,0.0002444170191845,0.4104842880752613,5.919382137586235,0.0,
O128483,164201,328340,0.895546555519104,1.994570016860962,1.0057064592838287,1.7964233588676073,1.0410879981251824,nan,3.59942244572907,0.7684731777684484,0.5795337680208312,0.39284197815904104,0.11294242504111578,0.2998796466159208,0.3098993830067941,0.36444869281536996,4.659142977129512,0.0,
O128816,370066,740136,0.2829262912273407,0.3669999986886978,0.2347434163093567,0.024374335801993944,0.012407738376814385,0.003374918004425084,0.25979477626933256,0.8560814062299692,0.5090492917472389,0.47566322759967694,8.060064281755496e-05,0.00014024135038949914,0.00014224982626069818,0.5666132953290214,6.153648771500231,1.0,
O129250,449389,898844,1.474253237247467,1.48740553855896,1.9962698817253113,4.377445410921415,2.093042646949115,nan,9.47624237916652,0.8435169996756146,0.47814248961897327,0.4457660584888603,0.4386842354082564,0.6750221092861178,0.7736453753046454,0.567035297322771,4.675986277305644,0.0,
O129264,392108,784232,0.742224931716919,0.75,0.47430793941020966,0.26403238345615154,0.19947779848727154,nan,1.188219651105641,0.8392518415723789,0.7555050478131947,0.5506970839799582,0.00938201318046176,0.012212380212661668,0.014874447491282854,0.6307470032725635,5.518508972519602,0.0,
O129265,653584,1307148,0.7991009950637817,0.6199999749660492,0.6878446638584137,0.34078754654981874,0.2625646076249682,0.20077322517386076,2.4183186254843845,0.8777140735843628,0.7704642093973485,0.4406575708740305,0.015218964355031762,0.018050949346082635,0.02142619746268115,0.7102970268774583,5.431787891201742,1.0,
O129267,398690,797380,1.4377110004425049,1.9949528574943542,1.5055707693099976,4.318226392158298,2.2698118074620495,nan,8.080752953443728,0.8259556438293819,0.5256352032825152,0.5197616756976071,0.45748170575578256,0.882026320258495,0.9449628579768853,0.4841266531207653,4.693183513139852,0.0,
O129268,213168,426356,0.21283379197120667,0.4699999988079071,0.23157110065221786,0.02316449300874235,0.015115730213224828,0.0020134831349509267,0.27753058744200954,0.7550405579708203,0.6525387888921249,0.4768069129091276,9.880553144653645e-05,0.0002514472991380828,0.0002549259755243089,0.3875851852418024,5.8854111556122914,1.0,
O129269,448209,896698,0.22571518272161484,0.3449999988079071,0.23691347986459732,0.018448864378166535,0.014142461131008094,nan,0.3029807058564532,0.8259802746806502,0.7665762423699699,0.42004329904032955,0.00010969141030269982,0.00016032574579052597,0.0001644406365323961,0.6670578064874478,6.170065599850136,0.0,
O129305,237950,477152,0.5066896080970764,1.0940000414848328,0.5394307374954224,0.2990164115197156,0.2014776248537781,0.015865897786561316,1.6844693808782008,0.7529255597222406,0.6738012265941922,0.488053834750589,0.007482708961651201,0.018849422412800437,0.019245856960800167,0.3887958315855684,5.150022588051235,1.0,
O129353,266546,533156,0.5918883979320526,0.9550000131130219,0.5314352214336395,0.30039558056187204,0.19551819259171413,0.03041632717270054,1.3167847869922575,0.80669615826565,0.6508690714623997,0.48424465712621334,0.007932986228486165,0.014902163170195562,0.015158606823977759,0.5233321452693023,5.306257369114205,1.0,
O129431,339442,678900,1.753497302532196,1.9949721097946167,1.6340832710266113,5.71631449718116,3.4980867277532446,0.2916416661529497,7.9451145645430845,0.8553967284510562,0.6119479132014566,0.6629517167443841,1.0885502253061279,1.4782924487240434,1.639269771851468,0.664045811127639,4.630665413743241,1.0,
O129433,360798,721608,0.3771563023328781,0.4399999976158142,0.32856281101703644,0.05452459505495675,0.037266014203201275,nan,0.40289455097629245,0.8776085282451597,0.6834716363439269,0.6080981405827225,0.000559718005015988,0.0007239904503792373,0.0008495098540530193,0.6588717038955678,5.952072727735809,0.0,
O129434,644032,1288072,0.35983797907829285,0.26999999582767487,0.2542537599802017,0.024702342592643253,0.015174672159893444,nan,0.4199207380969022,0.859870667920063,0.6143009353458121,0.5008530610415987,0.00012688553356935287,0.0001656024444893008,0.00020161800239308877,0.6293363294115365,6.185740123551255,0.0,
O129435,389806,779620,0.554741382598877,0.7000000178813934,0.539366215467453,0.2094461374171466,0.1530721685325887,nan,1.118428314326508,0.8414684816645565,0.73084264250584,0.61876403700992,0.005561149516909244,0.008373097340750963,0.00938344217401105,0.5926555962919174,5.542240366396145,0.0,
O129437,409175,818368,0.5124439895153046,0.7700000107288361,0.626022607088089,0.247017175615131,0.19256382259860197,nan,1.3954269760847222,0.8242029709991914,0.7795564098693649,0.5546362397668296,0.008668816139865967,0.012202534744480839,0.012720395871635941,0.681489493514567,5.4672019766778845,0.0,
O1295279,313215,626432,0.3704916685819626,0.7899999916553497,0.5613391399383545,0.16429746319548932,0.09292555704461718,nan,1.1518545749868438,0.8535430535646842,0.5655933770203726,0.3730709605382589,0.0022873095907131463,0.004057777529465756,0.004637544145620458,0.4932157018652222,5.434444900833933,0.0,
O129645,566260,1132424,1.9913977980613708,1.6478905081748962,1.3102803826332092,4.29982334874719,3.8831748804698827,nan,12.264748986035592,0.8424794536330908,0.9031010266041037,0.5706998873010628,1.341703679910512,1.6806866240270786,2.0266489646169266,0.6620306246099794,4.664357220378286,0.0,
O129647,312873,625850,1.9948005080223083,1.387414038181305,0.22702767699956894,0.6283250290595073,0.33714568222321883,0.07580746550117082,7.048279057630365,0.4177298798642361,0.5365784691529271,0.542410805563168,0.033304021779131936,0.09536616953189425,0.12710497126765863,0.262019820680342,4.647284995989131,1.0,
O129648,305987,612008,0.182295061647892,0.35500000417232513,0.2154805064201355,0.013944766595524282,0.008317355201161227,nan,0.20399755412095988,0.8357948704252173,0.5964499401396054,0.5109205287615265,3.718665662942743e-05,8.17512969688882e-05,8.404369260672681e-05,0.44246814336726364,6.176078015294282,0.0,
O129649,237210,474608,1.994644820690155,1.5717162489891052,0.22660808265209198,0.7104198913411864,0.2833994295633338,0.05955969749065032,5.161165785297094,0.40409285650011834,0.39891820741154943,0.6731544356818118,0.027176108980809705,0.0768476466094275,0.10298507854467308,0.26388394673138205,4.662385183956354,1.0,
O129650,132878,265776,1.4561891555786133,0.8570000231266022,0.014207012951374054,0.017729700629808543,0.012314437577960935,0.007954023046283757,1.878792744080662,0.1114604009672862,0.694565454605418,0.4818606292634224,0.0006591207956135689,0.0019119150770516356,0.0025707904924929283,0.25638837452460433,4.849574208488204,1.0,
O129652,320879,641808,1.1660841703414917,1.9948393106460571,1.3642758131027222,3.1735109227948572,1.7038181180785796,nan,6.839799757596982,0.8133345219478499,0.5368874283180523,0.5063071806497902,0.2820049685438445,0.550849856771044,0.6558680824340454,0.42997208752295574,4.671297908049239,0.0,
O129653,387832,775676,1.1565393805503845,1.9920722842216492,1.2660844922065735,2.9169447801798043,1.9046797023054802,0.2705189626367637,8.233042106000495,0.7996283785371371,0.6529707779343267,0.44880417798953076,0.3565967287979193,0.6303643811367861,0.677758506224315,0.5261412811835635,4.6730833033218175,1.0,
O129654,381153,767546,1.2942309379577637,1.9928942918777466,1.337211012840271,3.4490221629432414,2.0086228466702836,nan,8.011756415508167,0.816127965224977,0.5823745838026784,0.4619018337249218,0.40047487252521924,0.6583606783934967,0.7253093211253127,0.552143562561536,4.6773716055872345,0.0,
O129655,413377,826768,0.2303810715675354,0.3400000035762787,0.23177087306976318,0.01815451170358242,0.01027330741137413,nan,0.255781237638093,0.8161138399789774,0.5658817807447227,0.45596324897037993,6.135794236440011e-05,9.916921090221142e-05,0.00011307246760632637,0.5426426402758292,6.20847762469117,0.0,
O129656,328843,657700,1.1961831450462341,1.9931944608688354,1.3195868134498596,3.146192686977652,1.825085983940321,nan,7.115212148025499,0.8140014448599745,0.5800935179509191,0.47907338928767146,0.3265703403388609,0.5919770885223579,0.6308657076993454,0.5176542905300792,4.664800747983808,0.0,
O129657,316159,632328,1.1418014168739319,1.9950488209724426,1.3163602352142334,2.9986022324545556,1.789385919760033,nan,7.093797673921461,0.8102061220820174,0.5967400078586954,0.4829123655002313,0.3085910044677001,0.5879238508004796,0.625478446173007,0.4933679271537105,4.649026751688849,0.0,
O129658,386858,773744,0.5702734291553497,0.9150000214576721,0.5319706499576569,0.2775823914962248,0.17747118899123585,0.011048279542913486,1.6889547526721918,0.8367143799533209,0.6393459903368888,0.4984098219716245,0.0065550609799007835,0.012120593929763557,0.013237395837779895,0.49519263911353756,5.359933567326981,1.0,
O129659,511303,1022728,1.1309882998466492,0.9900000095367432,0.6627337634563446,0.7420486982068478,0.4576333581635781,nan,3.3952604438388843,0.8598062586685173,0.6167160716937363,0.42392941692125885,0.03415325926862157,0.05246507977022881,0.05724409252510121,0.5966250448226699,5.177805247116024,0.0,
O129660,304185,608384,0.20468247681856155,0.32999999821186066,0.17524251341819763,0.011836793593675511,0.007073063480678318,nan,0.18520537789008684,0.8084132063667011,0.5975489413330236,0.4869118497361974,3.124473610274097e-05,5.6459166555557645e-05,6.645814710329524e-05,0.4701415471932672,6.215484200944637,0.0,
O129662,352115,704228,0.20598047226667404,0.3279999941587448,0.22537724673748016,0.015226845973366423,0.008845469949880133,nan,0.20892216832790206,0.8242817167532582,0.5809128144693865,0.4898875274685352,4.62665754568519e-05,8.036733752471362e-05,8.482373541490157e-05,0.5454437396625654,6.226700001712803,0.0,
O129668,486155,972656,0.5347866117954254,0.800000011920929,0.9443143010139465,0.40400532242751946,0.2964530375865529,nan,2.373142181493032,0.8191096594814999,0.7337849803692574,0.5023997118767487,0.015841510386230308,0.02764255902236192,0.030246104923398714,0.523753733789872,5.311450997959556,0.0,
O1298370,321585,643184,1.6494035124778748,1.9952468872070312,0.8795720636844635,2.8946428327490463,1.560809150961201,nan,7.004805018855113,0.8144205971292313,0.5392061270228972,0.5219567565194757,0.2531949195955652,0.46791158773208813,0.5873913286257868,0.43104980829035994,4.661899732277019,0.0,
O1298377,303960,607948,0.2275867760181427,0.28200000524520874,0.12017842382192612,0.007712987790391712,0.004206776442999937,nan,0.13324459167517913,0.810456602104391,0.5454146379228602,0.506025716582251,1.3039181441907148e-05,2.5127138207849233e-05,3.1495232910534015e-05,0.4140049219177552,6.3581668455564015,0.0,
O1298378,293098,586212,0.22305896133184433,0.28200000524520874,0.1196431890130043,0.007525871042992448,0.004113772983313787,nan,0.12929722651150163,0.8067347919719318,0.5466175223855633,0.500769953226171,1.251930231873106e-05,2.4390166743421495e-05,3.045211303726149e-05,0.41111440455420367,6.355423645820195,0.0,
O1298379,341299,682628,0.23625382035970688,0.28200000524520874,0.12476935610175133,0.008312581000700628,0.004498230707774549,nan,0.14811578765957262,0.8131169680825887,0.541135263210718,0.5226746356507026,1.504076200035059e-05,2.6911120608264106e-05,3.425803959447672e-05,0.4390432779689924,6.362533663374633,0.0,
O1298380,385282,770576,0.2813228666782379,0.28200000524520874,0.270810142159462,0.021484194515637833,0.00749493484825707,nan,0.1655984483568973,0.8064693360815731,0.34885807996207097,0.5255275771211452,4.0820692601292215e-05,5.539455718214386e-05,7.899341701108321e-05,0.5167606890022854,6.366722456505215,0.0,
O1298384,380254,760508,1.9950754046440125,1.995189368724823,1.8161360621452332,7.229226281277257,2.4821502538425957,0.2808073289623084,8.103415627419015,0.8022696795991496,0.3433493651002511,0.5297195006180501,0.6522339299140956,0.885832837956867,1.2722137745565962,0.5126763622264805,4.671405676600719,1.0,
O129869,144680,289382,0.42784348130226135,1.4129999876022339,0.5625004768371582,0.3400556322673698,0.19336927843960935,nan,1.567077718858478,0.7377506755107929,0.5686401285292406,0.3839627300956347,0.00600512596658432,0.022999634052897115,0.024170813006825775,0.24844534459343537,4.965317964352083,0.0,
O1299501,454513,909136,1.2153951525688171,1.995245099067688,1.4120639562606812,3.4242709395399458,1.9592105789688874,nan,8.726769152089826,0.8635105139836672,0.5721540770462834,0.49660859855073647,0.35805543541295604,0.6747183515545409,0.689117819731865,0.5195852220920292,4.716692821652584,0.0,
O1299646,454909,909824,1.564339816570282,1.9949665069580078,1.807045042514801,5.639436178912,3.900138245263815,nan,9.320852243979832,0.8510151125745333,0.6915830096363034,0.5314725489630509,1.4028257482272959,1.7643196837969397,1.7660624101573679,0.7943239945310284,4.688468905567756,0.0,
O129973,439633,879240,0.6335100531578064,1.0199999809265137,0.7885843217372894,0.5095676079662091,0.27380762245157625,nan,2.4624387787999025,0.8640161574326093,0.5373332570027355,0.44199575676352443,0.013660892570337993,0.024641814345788465,0.025592150922344004,0.5337922791949049,5.25172484238577,0.0,
O129974,623333,1246660,0.6341606378555298,0.75,0.6094692349433899,0.2898760490887664,0.19845616506876496,nan,1.9325178176009636,0.9111391331142763,0.6846242236729028,0.48592273258661023,0.009543577894731538,0.011280123512336248,0.012394157110662125,0.7700062061115585,5.50859661281773,0.0,
O1300057,131856,263708,1.9931547045707703,1.4564233422279358,1.0238166749477386,2.9720139151976865,2.1416032177927016,0.03321222635341347,2.880797506286301,0.7906614656869823,0.7205899026385449,0.662995877847223,0.516319706947273,0.6571597050940038,0.8731584689078535,0.5913241700479475,4.66058716437244,1.0,
O1300058,687115,1374498,0.38482561707496643,0.4580000042915344,0.3138086646795273,0.05530881928542942,0.03714601592511677,nan,0.6829230327844226,0.890143866897943,0.6716110812892102,0.4933243142202475,0.0005315798691617283,0.0007562200535631163,0.0008846693539297666,0.6008797148905535,6.0026576691564175,0.0,
O130048,279727,559558,1.3901229500770569,1.9941526651382446,1.4870253205299377,4.122208744115302,2.5633072711152036,0.06958508161112488,5.7134847648962275,0.8128850101101563,0.6218285948702809,0.5408985431446345,0.6389070820345021,0.9553423424545258,1.0090223763344848,0.633194165976264,4.689833313997903,1.0,
O130101,221818,443810,0.5173824727535248,1.2149999737739563,0.47797660529613495,0.30046550584362197,0.16041903332721819,nan,1.7048026243538894,0.760720110843642,0.5339016632768111,0.4462485258611279,0.0041819641064257534,0.016664499235090346,0.01671606700028027,0.25017631876898055,5.114322679946598,0.0,
O130125,208051,416236,0.8478704392910004,1.9936098456382751,0.5862759351730347,0.9909956129090094,0.5804844178803844,nan,4.189077420285451,0.7363006469859478,0.5857588170107095,0.4448550266919163,0.0339383559079894,0.15764551457820175,0.16782663753291768,0.202222700799405,4.696051420742976,0.0,
O130130,221378,442824,0.859257847070694,1.9934546947479248,0.8018553555011749,1.373491294226672,0.7470046956503277,0.12321818903092656,4.614159543830839,0.7618464036015186,0.5438729016996936,0.4408673630265732,0.05542889137453035,0.20987259579622053,0.21041523647366797,0.2634262247518701,4.681041852523486,1.0,
O130133,223190,446568,0.8118292689323425,1.9909337162971497,0.8410263955593109,1.3593495026112539,0.6845987879426425,0.11797298035853064,4.477629970756171,0.762327972729719,0.5036223477682206,0.4492969031137624,0.0448353765318369,0.19656246491192111,0.1994744193946436,0.22476754998411008,4.697626531358276,1.0,
O130182,399968,799936,0.5553328692913055,0.7700000107288361,0.5831294059753418,0.2493498166394132,0.16009208600091865,nan,1.333593057865036,0.810901039504821,0.6420381139980108,0.4894517044805135,0.006675368586715869,0.009125958772101176,0.009236311761967065,0.7227309730062869,5.477001920311561,0.0,
O130191,440145,880308,0.5223855972290039,0.7399999797344208,0.7580513954162598,0.2930363888592833,0.19860818874638597,nan,1.4059972034284547,0.8122731705272526,0.6777594738985063,0.49936483071944937,0.008684307942329255,0.013859361212159558,0.01421597055838367,0.610883928512908,5.495611315821953,0.0,
O130297,208424,416848,0.5103398561477661,1.1600000262260437,0.5521734058856964,0.3268834793632577,0.17287042855044232,0.030720324901794743,1.607795568622058,0.7504917519342303,0.5288441890277839,0.41249733882795375,0.005235532470860355,0.016733458276833618,0.017173382780226246,0.3048632024255958,5.11271689913427,1.0,
O130378,232368,464736,0.47352562844753265,1.0,0.4887619614601135,0.231441314961649,0.15116048106050556,0.009362269819670895,1.3441147442683936,0.7583034895943,0.6531266082961619,0.44823114247079654,0.004593596540647702,0.011510903343930724,0.01201484086899924,0.38232687313405256,5.2377399749032305,1.0,
O130479,231438,462916,1.1675277948379517,1.9948639869689941,0.9764969944953918,2.2743192616444134,1.4287549917453681,0.19772141456744743,5.3672382403251815,0.7759438183412163,0.628212149385011,0.4262612284427396,0.20606454556286866,0.44841564889475427,0.4606382556846339,0.4473457057026248,4.634683794520759,1.0,
O130512,320870,641756,1.0008289515972137,1.9952108263969421,1.1639820337295532,2.3243147039600602,1.5048436753405943,nan,7.570825677673459,0.7877663247571293,0.6474354237731711,0.4572831373900217,0.22223595857642087,0.48090490156184,0.4924442827172864,0.45129158033906375,4.627185867844236,0.0,
O130617,197768,395568,0.19483912736177444,0.4619999974966049,0.22305657714605331,0.020078588656871982,0.013145852548453359,0.0006813414815235597,0.22338705477497087,0.7932723741968484,0.6547199493503312,0.5019222655787212,7.494958475290399e-05,0.00020118308234951803,0.00020291290647313147,0.36936824796222795,5.9470980193503005,1.0,
O130645,265140,530292,1.2361290454864502,1.993568241596222,1.0959035754203796,2.7006435181005792,1.965582068145794,0.2203172337769734,6.409199059084149,0.7894166554836577,0.7278198899528325,0.46121808744721715,0.38363188803932147,0.6544235463847281,0.729129709551392,0.5261503995981137,4.616671491686678,1.0,
O130647,603948,1207912,1.9946003556251526,1.7938104271888733,1.7829408049583435,6.379246159212748,6.141376588089926,nan,15.16177890509476,0.8242461799478679,0.9627119623250003,0.71112105107496,3.2183772497026557,3.525023224472684,3.580243570359568,0.8989268988141582,4.60024938812023,0.0,
O130651,311136,622572,1.995419442653656,1.4671709537506104,0.6383911967277527,1.868967758995302,1.3697686781349094,nan,7.682267225407097,0.67275993176408,0.7329011811692534,0.4832349587658185,0.22558464022352098,0.48979981872170714,0.643680814209598,0.3504604071515252,4.607460854173987,0.0,
O130718,575649,1151294,0.7985119819641113,0.9270000159740448,0.7797304391860962,0.5771725491554286,0.36302179003163454,nan,2.667019490960083,0.8618116204891494,0.6289657929207497,0.4811916037041979,0.025304560469529017,0.03374450649124188,0.03603673114501863,0.7021880083323505,5.334131564967837,0.0,
O1308251,237648,475336,0.2797812968492508,0.6100000143051147,0.32794593274593353,0.055969415712196796,0.0349910287400069,0.003336183117448011,0.5114302211960973,0.7737354874104628,0.6251812404105854,0.44454545460126027,0.0004183250453795442,0.0009541943676424615,0.0010005901862317596,0.41807830132230633,5.667147776131521,1.0,
O130991,157943,315880,0.7896260321140289,1.9951305389404297,0.6888802349567413,1.0852667518991712,0.6453394189361357,nan,3.7222576563736807,0.7292314458654142,0.5946366806195977,0.45272914229265365,0.04583971239532126,0.16126827864961546,0.1727996626869427,0.2652766312302822,4.627693950931592,0.0,
O131055,501444,1002904,1.6561104655265808,1.9852772951126099,1.1057184338569641,3.6354236429746822,3.333080305051102,nan,11.923580730812782,0.7976439515603816,0.916834083832885,0.6179218575116568,1.0087522481396531,1.4028361198016965,1.7838826829355345,0.5654812717166262,4.623815742632496,0.0,
O1312248,613453,1226936,0.37871499359607697,0.42000000178813934,0.383983314037323,0.06107650035302263,0.0528868518816236,nan,0.6594339101544155,0.8180682296282386,0.865911628464912,0.7011079519261131,0.0011273811277618883,0.001277446832820617,0.0013861975463110095,0.8132903789666263,5.968610018492483,0.0,
O131303,410940,822020,0.7383562922477722,1.237999975681305,0.48919902741909027,0.4471695281258032,0.32011847982963,nan,3.5702062592325525,0.7622925497828462,0.7158772226080001,0.36492210971600725,0.01775014642093903,0.036621465351155645,0.04419173725471114,0.4016621097883348,5.061085109540467,0.0,
O131304,217904,435812,1.0346809029579163,1.9944818019866943,0.7111597955226898,1.4675864992058798,1.0606053297540878,0.18840221733360418,5.1247854387450875,0.7501344978145201,0.7226867583805029,0.4211818615663535,0.12186615012861458,0.2897035273981647,0.33825136268310396,0.36028280614138064,4.628589515192753,1.0,
O131305,403428,806948,1.2035747170448303,1.993919312953949,1.075513243675232,2.581049886383321,1.7749162789842217,nan,8.386474630447003,0.8052086200359636,0.687672209804248,0.45052189711634616,0.3033433881292493,0.5819102054499857,0.6368976731561679,0.47628277023846066,4.682186599665745,0.0,
O131380,281122,562260,0.508047342300415,0.7399999797344208,0.432367742061615,0.16255082441401417,0.1014119225958442,nan,0.7992793845011226,0.8282403652908437,0.6238782421524345,0.5693914245272073,0.002709662945873653,0.004533371205238569,0.0050195955747487685,0.5398169843611897,5.546196222357161,0.0,
O131384,381916,763890,0.43280886113643646,0.753000020980835,0.3891637623310089,0.12683044768572724,0.0862734228295828,nan,1.1236295423230287,0.8327553602369142,0.6802264314587885,0.5539173013064115,0.0018855958698833285,0.0038348858151314893,0.004069852732708798,0.46330813268231463,5.531344704005926,0.0,
O131460,640727,1281448,1.636444330215454,1.871573567390442,1.9844390749931335,6.07779305700416,4.512439737374144,nan,15.569866795778708,0.8548841755307112,0.7424470848302288,0.4295559800464272,1.6747056495128467,2.3114452356179096,2.3150109216054755,0.7234115545128518,4.614388128304277,0.0,
O131461,284922,569836,0.9945630133152008,1.699999988079071,0.6957439482212067,1.176334027736967,0.7088035542351033,0.22612527742806457,4.648246356658507,0.783383743055657,0.6025529632928333,0.3796071159868956,0.06582997705116185,0.1353804552377584,0.16128421569963794,0.4081613117910932,4.787436846635558,1.0,
O131463,194524,389044,0.40957197546958923,0.45500001311302185,0.571696549654007,0.10653865584140326,0.08356425390564326,0.0024474062864055777,0.3340946295865671,0.8331535147830901,0.7843561873921104,0.3983641201333057,0.0021324223202115835,0.0029786813919975546,0.003231633453305494,0.6598589694726744,5.765103696776573,1.0,
O131524,217923,435840,0.6972424387931824,1.9950804710388184,0.9571226239204407,1.3314099945573186,0.7127587329945487,nan,4.3675349647488755,0.7724903909319022,0.5353412817300762,0.4323370736656839,0.047639520516098564,0.20541351972630834,0.20690996518030427,0.2302427554641209,4.698066678457253,0.0,
O131525,222050,444124,0.6800806820392609,1.9955250024795532,1.0350805819034576,1.4047264940296729,0.8034303085130747,nan,4.597333332732412,0.7766817121016649,0.5719478574140877,0.425358300507913,0.06447569311627989,0.22329295441240596,0.23484732420140492,0.2745430178330905,4.683944783805487,0.0,
O131527,204145,408276,0.17592983692884445,0.5430000126361847,0.19219164550304413,0.018360049382130973,0.012335672728855147,nan,0.3159807510665257,0.7476427340218424,0.6718757924943771,0.3960368801812582,5.599926438770116e-05,0.0002475426405715993,0.0002489242338800731,0.22496509686831265,5.810278120429123,0.0,
O131528,210562,421132,0.6994878947734833,1.9950125813484192,0.8370098769664764,1.1680365282102578,0.7545392580604956,0.14075824780477492,4.574311603657421,0.7700181563976125,0.6459894359782139,0.4217839259185706,0.05617881745164848,0.20932467553260548,0.21282981152172442,0.26396122352396145,4.663054251486045,1.0,
O131530,211809,423626,0.38715866208076477,1.0299999713897705,0.3787853568792343,0.15104952874901278,0.09436311575106782,0.01956294568426883,1.2065263453083173,0.7641800788879213,0.6247163862911723,0.408173602368471,0.0017346385477960125,0.006763370354003,0.006874988320965811,0.252311490116441,5.244407600360805,1.0,
O131546,569186,1138800,0.4274613559246063,0.45499999821186066,0.2615722417831421,0.05087447124097622,0.04442306602577158,0.006707838176446656,0.6418807256680716,0.8068875381699308,0.8731897343041389,0.5978254710326756,0.0008458102900224664,0.0009566560625523148,0.0013883084367054916,0.6092380249662721,5.947799874479108,1.0,
O131682,291411,582828,0.23471282422542572,0.4699999988079071,0.28231413662433624,0.031143491634163155,0.019672768811357967,nan,0.3706606533795955,0.8050602167861287,0.6316815417632149,0.43076244135109204,0.000165832338367007,0.0003313306027049296,0.00033808445670227604,0.49050565644028493,5.895529454264936,0.0,
O131683,384182,768398,0.6646692752838135,1.3949999809265137,0.5614313781261444,0.5205668240552922,0.350906111927113,nan,4.5316344223846405,0.7739233986920068,0.6740846625482253,0.34606486625357963,0.01789238576924806,0.0481938086487985,0.05083724518192791,0.35195427496548554,4.928282146046168,0.0,
O131684,440725,881564,1.1242189407348633,1.991288423538208,1.1941552758216858,2.6732887369877667,1.9447915476419204,nan,10.10297811375435,0.7961723254348706,0.727490270966125,0.45761947110859924,0.363933227888571,0.6674296933007682,0.7037667072651824,0.5171219725678773,4.639718274268302,0.0,
O131688,294742,589480,1.1563334465026855,1.9948528409004211,0.9195139408111572,2.121056655869997,1.4606741062719957,0.31064745121306125,7.08731545852674,0.785419705222762,0.6886539792464285,0.4453278695779971,0.2166299775416766,0.436832355534575,0.49499378532643623,0.4376418128134971,4.6189602623715365,1.0,
O131693,207394,414798,0.9229776859283447,1.9944646954536438,0.9205016195774078,1.6945021011314316,0.9563467988214999,nan,4.654195510530558,0.7622704568505533,0.564382185293804,0.4151587119021083,0.09423240029230978,0.2721811238262663,0.27459130778047075,0.34317328197310004,4.648951564999084,0.0,
O131694,249912,499852,0.9413363039493561,1.9943280816078186,0.82984858751297,1.5579024911956898,1.07782440630082,0.16926686477033984,5.897565487489592,0.7430295715414286,0.6918433036676063,0.423367010263796,0.1219041088114001,0.31242250922358716,0.34369319202956283,0.3546887504274874,4.627114338044419,1.0,
O131696,234715,469464,0.43829360604286194,1.034999966621399,0.4679245948791504,0.21226644373176612,0.15067552590448066,nan,1.4582336457341833,0.7549212811475933,0.7098414768510665,0.43028364005953235,0.00439618387033881,0.01204715071001156,0.01242192859055907,0.35390509921945645,5.206713730605193,0.0,
O131697,267059,534160,0.49302132427692413,0.9799999892711639,0.4639516919851303,0.22416331357727465,0.16132562064719821,nan,1.4998475025261826,0.7704826533993412,0.7196789611676814,0.4229064635384077,0.00539759484227657,0.011774680143690971,0.012720585585063351,0.4243196829408926,5.250560114187245,0.0,
O131699,174000,348020,0.1748683974146843,0.44999998807907104,0.16421125084161758,0.012921910880146732,0.007631035548979123,0.0009280151277132609,0.20400519120691743,0.7345319769024706,0.590550083479021,0.40549151383703225,2.7079509969835643e-05,0.00010149798485291288,0.00010448006917951265,0.2591834996137773,5.930908029465359,1.0,
O131701,281134,562268,0.47705796360969543,0.9549999833106995,0.44646739959716797,0.2034062376341258,0.13141396806888278,0.017619321366061938,1.5004942547464104,0.7651921240673748,0.6460665592038621,0.4470609638821401,0.003744250160344478,0.00864182982601183,0.009478791634714863,0.3950134473503606,5.2726790349332475,1.0,
O131702,227931,455860,0.8695066869258881,1.9933356642723083,0.9007453322410583,1.5611886442053606,0.9794795914212869,nan,5.309980475547825,0.7592410930262209,0.6273934896060165,0.4424393950073529,0.10027472142326113,0.2693891703494785,0.28549173544690176,0.3512351111190436,4.632710471672138,0.0,
O131703,204861,409752,0.8457348942756653,1.9924122095108032,0.7338738441467285,1.2366159773136471,0.8996235550641098,nan,4.8225511254425495,0.7507266407928784,0.7274882191142313,0.41726003904158876,0.08514287320644782,0.24019675406538982,0.25728305659942285,0.3309307434846404,4.628182447895058,0.0,
O131704,271239,542488,0.9795471727848053,1.990255057811737,0.9278431236743927,1.8088753694811341,1.178971613387333,nan,6.437127152462526,0.7597222622303169,0.6517705051871618,0.46688186462978315,0.14420277295095957,0.3374801221302546,0.3728890130430837,0.3867176771290345,4.624660046732176,0.0,
O131705,229820,459656,0.8654970228672028,1.9921744465827942,0.9165464043617249,1.5803286060390564,0.9385859157037381,0.1257144319812244,5.379867688436631,0.7599101151871027,0.5939181965807824,0.4390320989170283,0.09005061787000831,0.26323480678153366,0.2714468719135694,0.3317430671983616,4.630616225480495,1.0,
O131708,256880,513792,0.4430864155292511,0.8509999811649323,0.461745023727417,0.1741085944280025,0.11861658389713088,nan,1.056831672790918,0.7726779939039825,0.6812793147105745,0.426441360056398,0.0032852030563350404,0.006865139995968561,0.007427594960163372,0.44229701187997755,5.385724472138009,0.0,
O131714,316679,633372,1.1544122695922852,1.9948254823684692,1.2618653178215027,2.9058878248362614,1.8308238785276156,nan,7.216911259405313,0.7981972845064231,0.6300394195810973,0.4849866420856826,0.32292499035675737,0.6172579158144479,0.6502317757211801,0.49663058991326176,4.642267899708826,0.0,
O131716,386877,773792,1.0802775621414185,1.9949145317077637,1.814333438873291,3.9099999735340876,2.1449669976466654,nan,8.371775546709852,0.8049233770073339,0.5485849135973058,0.48611774305238853,0.4380193490561251,0.7794096067449944,0.8541669529646929,0.5128029684780262,4.664755335422437,0.0,
O131718,259391,518784,0.22464849054813385,0.4699999988079071,0.23203149437904358,0.024498996674645106,0.014502662879915395,nan,0.33032015152500366,0.7604428221679616,0.591969666044517,0.42752411499632026,9.169792091759423e-05,0.00023435118379160132,0.0002530341669489687,0.3623934349391149,5.895019834356754,0.0,
O131719,236852,473720,0.5341000854969025,1.0920000076293945,0.5714663565158844,0.33330049335076656,0.17557278668646414,0.026777342928826536,1.614573583628233,0.7510763111006462,0.5267702574376053,0.4087679704325148,0.00574447888521749,0.015668737048113175,0.0168838861893063,0.3402343998774319,5.166419213678038,1.0,
O131725,477613,955248,0.4070880711078644,0.5119999945163727,0.31985437870025635,0.06666695714095468,0.05891211198008184,nan,0.7218227056436669,0.8113615079507538,0.8836778294159027,0.5799953206136571,0.001173280753918906,0.0017089488361938655,0.002016148749301457,0.5819415627569232,5.82064560011015,0.0,
O131727,446680,893376,0.4154328554868698,0.5460000038146973,0.3360701650381088,0.07622956574751331,0.0611451192141442,nan,0.7642727604938909,0.8203911536259433,0.8021181626125007,0.6374574943462216,0.001169438060176771,0.0019602808987776387,0.002198715968454549,0.531873182782565,5.76674812632933,0.0,
O131728,436877,873800,1.6042094826698303,1.9954147338867188,1.116572082042694,3.574217844359515,2.9449901339641116,nan,9.902512604222657,0.8040963882450927,0.8239537325940024,0.61009523220139,0.7794624695164846,1.21392832097341,1.5034127677554932,0.5184620526272211,4.6446137774116165,0.0,
O131743,208294,416588,0.2137184888124466,0.45000000298023224,0.17952530831098557,0.017265545032460763,0.01191729521708587,nan,0.24273366434086827,0.7366640422697232,0.6902356800599282,0.46165193397248466,6.671966342675758e-05,0.00017448225236413347,0.00019768218846145285,0.3375097369471282,5.933546747973858,0.0,
O131744,261356,522736,0.4726666510105133,0.9950000047683716,0.4557672590017319,0.21434885506005802,0.14835326840468835,0.020699174119547914,1.5141430907904971,0.7531908839218445,0.6921113171475608,0.43126878916137285,0.004528429493291527,0.010938695238362842,0.011879628429054328,0.3811928563536739,5.237065555573932,1.0,
O131745,167713,335450,0.4342891573905945,1.1430000066757202,0.3967296630144119,0.1969336331345001,0.11833563186703054,nan,1.2804560815033361,0.7146478623919689,0.6008909193596741,0.4121278244172082,0.0025701952564275645,0.01029064925142228,0.010713061542909411,0.23991230201871508,5.117202040391989,0.0,
O1322039,299091,598200,0.4923434406518936,0.7800000011920929,0.3602614104747772,0.13835042725790397,0.09874934576348056,nan,1.000644587051388,0.8106312636371499,0.7137624922501928,0.5180173143782809,0.0025974533341982724,0.004405844031074545,0.005344319059037175,0.48602138186454497,5.475523494380897,0.0,
O132470,178294,356584,0.8312064409255981,1.9948881268501282,0.9106112122535706,1.5099426026367213,0.9084852709789613,0.06530606510175506,3.8053985860449773,0.7564883038699498,0.6016687451513246,0.44268962045615456,0.08187542573220552,0.2659665665799312,0.27295182026735765,0.2999629225846823,4.670736575946556,1.0,
O132471,163839,327712,0.8760654628276825,1.9939067363739014,0.998995304107666,1.7450378322577498,1.097498637931384,nan,3.737240578294407,0.7597080684142878,0.6289254121851489,0.46966122461978443,0.12214244067494408,0.3301550423865311,0.33878778522301667,0.3605278761586412,4.641866232870932,0.0,
O132476,228930,457932,0.9813591539859772,1.9901725053787231,0.7300406098365784,1.4258233385163857,0.8168564964879489,0.06788778699408847,5.00275271661919,0.757930171012428,0.5729016172073,0.3989833257362826,0.07122342780022173,0.20943787885741955,0.22297746138402616,0.319419852383897,4.66049367180324,1.0,
O132479,245242,490488,0.5978909134864807,1.350000023841858,0.7148599922657013,0.577001206807624,0.3252776632255589,0.05058993572960252,2.4261911027337284,0.771466830073405,0.5637382719270614,0.4093961736479848,0.015721205940289838,0.043429768337353535,0.04380572226183556,0.3588847558846547,5.004669843470919,1.0,
O132481,165806,331568,0.6726807653903961,1.9950341582298279,0.9064899981021881,1.216528708505771,0.8426238627103625,0.0716728887394316,3.674119005781608,0.7583611330419366,0.6926460977195799,0.4883624655515494,0.07057572328154532,0.23819685038243074,0.2557546585647936,0.2759508807291792,4.65444702313413,1.0,
O132484,191046,382092,0.5901314914226532,1.1299999952316284,0.2617032453417778,0.1745164381901477,0.11054954979547883,nan,1.3074758332443857,0.7144036883553417,0.6334621021489533,0.4607029282851713,0.0027628138277437423,0.009301802921700422,0.01117487655208565,0.24723439358514415,5.164704278814367,0.0,
O132485,212470,425272,0.5058006644248962,1.1800000071525574,0.5305911600589752,0.3166805682486071,0.1817217556536976,0.019522614999555574,1.6127388157011453,0.7575918557538275,0.5738329846340261,0.4074626350121131,0.0058925703154415095,0.01733518645786654,0.017570833872889983,0.3353608803127522,5.119733579139483,1.0,
O132487,538041,1076088,1.9941190481185913,0.9820477068424225,1.9939529299736023,3.9047979783451585,2.4098283296213228,nan,10.18979793293595,0.9232290324119887,0.6171454561760966,0.4751471078867036,0.6434604207939957,0.6686114436325249,1.0195037192725946,0.6311506359712921,4.722649799308137,0.0,
O132489,335473,670960,1.3068873882293701,1.4000000357627869,0.13975723832845688,0.255705767591282,0.19643447313391435,nan,3.907307928821922,0.4421248787514291,0.768205093628915,0.48608604764268387,0.02407038102880118,0.026951294279409132,0.0505228890855962,0.4764252691096304,4.933779933783077,0.0,
O132494,233770,467580,0.5255070626735687,0.8560000061988831,0.46485884487628937,0.2091093363605286,0.14472861205976637,0.01449460191326816,0.9935542240406039,0.8205416569448647,0.6921193217802458,0.5427563502323578,0.004577315127561943,0.008897908311235176,0.009519707736027052,0.4808251738904997,5.371597202769209,1.0,
O132994,557166,1114348,1.58657306432724,1.9950652718544006,1.4996677041053772,4.746923411063245,3.082992976093072,nan,12.492849665332336,0.8554252230124978,0.6494718176635853,0.5117318743041073,0.8587037064715465,1.194707388695799,1.4251289338950774,0.6025445740720377,4.649323092706211,0.0,
O133081,209097,418308,1.1954393982887268,1.994446873664856,1.3052651286125183,3.1120658139387958,2.0558203852962245,nan,4.113339761424971,0.8278901140868129,0.6605966930674481,0.5140359057582976,0.42534368748108314,0.6730404503125287,0.7045200450947368,0.6037353946740964,4.706153218193569,0.0,
O133203,328380,656756,0.5843740701675415,1.1100000143051147,0.5516969263553619,0.35786109458398935,0.2634672115385048,nan,2.4570185631560495,0.7861051269442755,0.7362275908890943,0.41873867770275597,0.01230003264429949,0.025436886346639532,0.02754695320112505,0.4465115453783521,5.125968260871552,0.0,
O133231,228139,456240,0.8220865726470947,1.9952746629714966,0.9524076282978058,1.5622232887444811,0.8861742195088186,nan,4.98281646296216,0.7373682299950235,0.5672519580866152,0.4066395760365505,0.07977773828286659,0.25662745228529227,0.2668103302612702,0.2990054328284268,4.660724642910825,0.0,
O133237,181312,362644,0.4527253359556198,1.1650000214576721,0.31380635499954224,0.16550932497683576,0.10103221288134738,0.007798876776271194,1.2529616481222505,0.7313098175921289,0.6104321487353511,0.578820311787292,0.0015815023530078671,0.010595423481453942,0.011111947808665994,0.14232449434063071,5.160488770617746,1.0,
O133239,234544,469062,1.0105757117271423,1.9949270486831665,0.7715679705142975,1.5555001804684656,0.9761460053240992,nan,5.234385175238388,0.8118872158008965,0.6275447715024476,0.4091557914343911,0.0951120679473884,0.2577855114253828,0.2748301259428204,0.34607584456435053,4.651358650209008,0.0,
O133253,252561,505172,0.5410804152488708,1.0999999642372131,0.40564827620983124,0.2414371636607499,0.19301261026153382,nan,1.7660705689700054,0.7706422794289591,0.799432064786601,0.4629601049994473,0.006732484501827063,0.017471399935208964,0.0198893928809604,0.33849622973016413,5.155358235243881,0.0,
O133257,252502,505072,1.0352961421012878,1.14000004529953,0.6331017911434174,0.7472105694896218,0.26336918482044286,0.015283625645085912,1.6749215095234982,0.7764642695922758,0.35246983323634695,0.4202065914987801,0.0120153360149495,0.029138036906046903,0.03574147232853228,0.33617350467562307,5.178270362534653,1.0,
O133263,266102,532196,1.0672576427459717,1.9949000477790833,0.9862608015537262,2.0998205753611443,1.333257848468117,0.14917883405928065,6.086827763381658,0.8016166945070473,0.6349389391228403,0.4431600626097443,0.17679856545834519,0.3978528084583143,0.4015162156852664,0.4403273356135907,4.640657125820675,1.0,
O133325,235853,471712,1.0748642683029175,1.9939385652542114,1.2539731860160828,2.6875320314091904,1.8771761145505097,nan,5.814749383844363,0.7902385065894014,0.6984758107482814,0.512357904253081,0.3403492879313098,0.6426674388658059,0.6759877016415275,0.5034844378156973,4.608110403408785,0.0,
O133442,194780,389592,0.4528163969516754,1.10999995470047,0.4425591081380844,0.2224417939936739,0.15388317704687848,nan,1.3914349758287288,0.7433919366741156,0.691790756962043,0.4045852013261388,0.004471740798749386,0.013087460532460031,0.01370320092899572,0.32632819309299227,5.146081445688244,0.0,
O133447,270688,541404,0.9757087528705597,1.9954973459243774,1.0533239245414734,2.0508471996959377,1.3241503839404662,0.17283006533313042,6.292218496213213,0.7647750224656762,0.645660185769465,0.4391203540599149,0.17493351023975262,0.4103803885808349,0.4377123113986836,0.39965407799648817,4.633665208264716,1.0,
O133449,239524,479060,0.9557020962238312,1.9947171211242676,0.8903388977050781,1.697302306736272,1.110948994108295,0.23331660315021094,5.40981710466338,0.7491473190156304,0.654538080634869,0.4532566298910677,0.12987647244276532,0.31758361474764496,0.35281383801429855,0.36811615205836057,4.646166452977623,1.0,
O133484,208977,418860,0.203311525285244,0.45000000298023224,0.24745090305805206,0.02263932939020898,0.014025861950613595,nan,0.24786300114435778,0.7776735207071996,0.6195352215988994,0.5095033002321033,8.61853467624226e-05,0.0002171143926747958,0.0002205134412213769,0.39083942586474707,5.925886786445256,0.0,
O133506,262515,525074,1.1489561796188354,1.9952248334884644,1.269592046737671,2.910445693124791,1.684639015889356,0.11034803202589565,5.738731993484894,0.7993281886980897,0.5788250988049355,0.4857210568646094,0.27277969973279953,0.5702361787972686,0.5771173357038093,0.4726589947261552,4.660338180777313,1.0,
O133787,304360,608740,0.30708950757980347,0.48000000417232513,0.3179294317960739,0.04686374088193962,0.030985599822568072,nan,0.391791416154157,0.8372190988202449,0.6611849425471137,0.5647480672679362,0.00036928303205854124,0.0006570875911481757,0.0006580870627748066,0.5611461658302005,5.890332658720589,0.0,
O134281,845278,1690586,1.9272330403327942,1.794003665447235,1.9052550792694092,6.587349206067324,4.5660549759396405,nan,18.963343769572834,0.8567648018834771,0.6931551422435664,0.5010719241669862,1.9196915720199776,1.9935982310504166,2.488697057572923,0.771364102423996,4.6490846477094925,0.0,
O134287,492936,985872,1.775467574596405,1.9950494170188904,1.6823445558547974,5.959109281472902,2.760193127106696,nan,10.445431965201843,0.8361492670409593,0.4631888755066536,0.4685303298999101,0.721453595480837,1.0376041537693654,1.2683393354503238,0.5688174885979428,4.673864131916121,0.0,
O1343127,246430,492946,0.9496603608131409,1.9944828152656555,0.950835645198822,1.80095998640119,1.0767083487290272,nan,5.174119493777855,0.7912860516798592,0.5978524547236524,0.4749864003638294,0.11673901017248864,0.30701698680708583,0.3198443555200314,0.3649869324180631,4.677857122720341,0.0,
O134352,205584,411240,1.9954497814178467,1.839715301990509,0.7577321529388428,2.78167981640118,1.8574246188308396,0.0525751323749849,4.410226661574645,0.7737482301855291,0.6677348729638831,0.48987220877472937,0.35670667291033775,0.6478581401511899,0.8486904585370332,0.42030244280727075,4.668528401365203,1.0,
O134354,254878,509872,1.5618700981140137,1.9941819906234741,1.2455185055732727,3.8793582256376773,1.5861817372206497,nan,5.26762244824542,0.7663549692505496,0.40887735675916287,0.4239704181852068,0.24156838057105343,0.5496712686260354,0.5922751735106092,0.4078651130000915,4.684717710841356,0.0,
O134356,235639,471276,1.3228668570518494,1.9951112866401672,1.1023793816566467,2.9094730794774253,2.0531899651356835,nan,4.945938360712102,0.8434285245355526,0.7056913430883024,0.5922027086564011,0.37820869238056787,0.7329653202110579,0.7754539465633847,0.487725536837736,4.677998471400378,0.0,
O134440,585540,1171080,0.4543168991804123,0.42399999499320984,0.2964613437652588,0.05710745625839569,0.05491743557443545,nan,0.7745999907953638,0.8335755375555945,0.9616508801573828,0.6043412045536061,0.0011607859449699783,0.001316675250923642,0.0016933387657321575,0.6855013116457435,5.878479080895853,0.0,
O134544,393847,787728,1.5229400992393494,1.9956718683242798,1.1966801285743713,3.637056408080776,3.0261241287724054,nan,8.840450531826798,0.822227728827554,0.8320256243617759,0.5127841978498606,0.8339904595974689,1.1955038981185833,1.378620378787575,0.6049456923964233,4.648853143394938,0.0,
O134548,195268,390568,0.7593267261981964,1.994489848613739,0.7804952263832092,1.1820361740298668,0.8035282272822895,0.09750110755260065,4.520526789986349,0.7351193624737137,0.6797831106495278,0.4304496946755864,0.06535444204511226,0.22762040995442273,0.23667786041433003,0.27613246938561253,4.635442030750043,1.0,
O134558,223081,446228,0.8694020509719849,1.988796591758728,0.762039303779602,1.317614601654864,0.8446396909283234,nan,5.196115608559397,0.7535760027120607,0.641036984462296,0.42140332896991,0.07365567807164719,0.2307932767930011,0.25080856451917555,0.2936728983432137,4.6327837774839145,0.0,
O134563,271879,545780,0.24010881036520004,0.4350000023841858,0.23841360956430435,0.024901665689284116,0.01951474632828455,nan,0.29440767411402713,0.8030929994609358,0.7836723282604461,0.5037106749237802,0.00016502967480709304,0.00032241743799349,0.00032322315385835214,0.5105750402999127,5.965426537615389,0.0,
O134634,248167,496350,0.9961812794208527,1.9947129487991333,1.1873435974121094,2.3593653537673624,1.2028648757850802,0.20664099200703126,5.666818721392881,0.797812524039483,0.5098256079179863,0.45829589712250224,0.14582419882069333,0.35242250154740024,0.3609493271180647,0.40400185805858274,4.641404710697954,1.0,
O134653,321825,643612,0.6766306459903717,1.25,0.690513402223587,0.5840281617644438,0.3832776736215761,nan,2.8285866695481516,0.7945580468889167,0.6562657397609596,0.4426810656162782,0.0231992809525883,0.04717487804186072,0.050070845950819766,0.46332911921190495,5.056050287607411,0.0,
O134655,209885,419812,0.6150020956993103,1.3720000386238098,0.626829981803894,0.5289084192599404,0.3184551630201573,nan,2.2718948906328857,0.7548978852766265,0.6020988727419888,0.42692239368356116,0.015251126779803306,0.04205216816057202,0.045208043220966415,0.3373542779823347,4.965593166819135,0.0,
O134660,583448,1167344,1.3517829775810242,1.9947072863578796,1.135459542274475,3.0616660028813776,2.4347187925197584,nan,13.113589915137673,0.8241720301925171,0.7952267785670971,0.46233228891269995,0.5512831159268142,0.8770691136020023,0.998678380725452,0.552012666506664,4.648280557068011,0.0,
O135518,341003,682048,1.2154768705368042,0.7899999916553497,0.6076971292495728,0.5835270197029242,0.40484073896022493,nan,2.6642822647315665,0.8080440593682536,0.6937823361912716,0.5775753694975028,0.025079989492699527,0.05203592481838633,0.0615390107248841,0.4075461922002933,5.107177965916099,0.0,
O135626,312179,624388,1.1302156448364258,1.9708311557769775,1.6301549673080444,3.6311118392437236,2.2734591291342903,nan,6.714062487515329,0.8219577662486578,0.6261055097679941,0.4344868917655923,0.5191874775257496,0.7595374349586579,0.8908810258602137,0.5827798128537247,4.667418306218101,0.0,
O135628,284892,569832,1.1002265214920044,1.9934605956077576,1.1285040378570557,2.47510075376361,1.7052857528038716,nan,6.174711653569674,0.77582728871772,0.6889762973126785,0.3989523311553241,0.298342479752125,0.553336164332345,0.5935919284810509,0.5026053513152663,4.664063572327605,0.0,
O135632,482566,965188,1.992158830165863,1.3938780426979065,1.4490640759468079,4.023799455188699,2.4980584256065166,nan,10.506421545594431,0.8394566726079625,0.6208208071565954,0.43738364773312627,0.6156002468588261,0.8586293716796765,1.0911320666627566,0.5641849100280303,4.6621018978346225,0.0,
O135636,225571,451156,1.9917451739311218,0.6706479489803314,1.291274070739746,1.7248320148636351,1.2218133623592917,nan,4.993669400566947,0.7906574628980199,0.7083665840095669,0.6377852622064804,0.1328240410193061,0.41537399958293064,0.4664822008109352,0.28473549642066526,4.654863477799472,0.0,
O1357847,244582,489180,0.5194181203842163,0.7800000011920929,0.5053132176399231,0.20472569684811406,0.13018934816526892,nan,0.7651700196811226,0.8207256194944268,0.6359208940041189,0.5981972227649618,0.004056788061395483,0.007138506754611406,0.00793716685922168,0.5111128609677852,5.504666546508407,0.0,
O1359610,382446,764892,1.342686951160431,1.9952945709228516,1.425781488418579,3.819748428565892,2.5155861648826536,nan,8.589184868930095,0.8288019726660322,0.6585737809510978,0.5136485329153787,0.584004848024537,0.9465189516843742,1.0415727107189976,0.5606952275289533,4.648618172639763,0.0,
O1360736,286657,573300,1.3638748526573181,1.9943830370903015,1.4374443888664246,3.9099764846267884,2.195927650282252,nan,5.685732924755767,0.8332076025195813,0.5616217025642433,0.5777294357489008,0.4640179727532647,0.7673853429694484,0.7977530497783676,0.581656156478723,4.7025760956916365,0.0,
O1363233,612138,1224280,0.6321628391742706,0.7489999830722809,0.644651859998703,0.30523618072325226,0.14490067874807855,nan,1.7616021866323726,0.876494009499582,0.47471658964130237,0.48675666767811576,0.005219153825477411,0.0075638056012818,0.00805493169589178,0.6479451375285171,5.5409414995472694,0.0,
O136629,227427,454864,0.43604035675525665,0.8379999995231628,0.4733467996120453,0.172961781479146,0.10582975205247885,nan,0.8555519072301868,0.8163940393502008,0.6118678424067847,0.4776322331351918,0.002613449120974047,0.005822730785021392,0.005829677061074932,0.4483008395823823,5.424595658821075,0.0,
O136993,456036,912084,1.4875729084014893,1.994267225265503,1.5775123238563538,4.679876291772163,1.9912828698389704,nan,8.940224730890806,0.9121311552234889,0.4254990400793088,0.3443928295246578,0.38626568340599904,0.643244964092575,0.6729412230902547,0.573996168093559,4.70765069190161,0.0,
O1370748,767417,1534840,1.9525381326675415,1.9952099919319153,1.2808796167373657,4.989952941341353,4.503732391059567,nan,14.970128804049393,0.853554215024908,0.9025600930514819,0.5531534162033166,1.7927293926099368,2.0336659337762533,2.6682088499021934,0.6718849585839772,4.709805878501668,0.0,
O1371096,265570,531136,0.4855511337518692,0.7459999918937683,0.493651881814003,0.17881114830356667,0.12049278361313064,nan,0.7788770174631023,0.83130020797384,0.6738549847494448,0.5770700594121041,0.0038498727083793897,0.005826496614250751,0.006036661234991744,0.6377486757188644,5.532710124396101,0.0,
O1371102,168291,336580,0.4574662148952484,0.8760000169277191,0.45157214999198914,0.18096320943194683,0.11836172773212099,nan,0.6966234914799899,0.7754230958069228,0.6540651445322216,0.6080600753191662,0.0031299461123380787,0.007179872968154885,0.007971777286375105,0.3926283938824532,5.38306277543909,0.0,
O1371104,416802,833616,0.6685261428356171,0.7800000011920929,0.6202420294284821,0.3234254495098185,0.18222097595851441,nan,1.2358773143416735,0.8733851253338007,0.5634095159632222,0.5331619859255082,0.008350232747280327,0.01020286719919613,0.011006975707121386,0.7586309781603154,5.527954433795024,0.0,
O1375313,258806,517608,0.5579650700092316,0.7999999821186066,0.588342934846878,0.26261983959500906,0.12617091042143683,0.007961721283078269,0.9196537958299154,0.8331989580516792,0.4804317549504536,0.5668391246589494,0.003977459786145032,0.00681553581181708,0.006866649810272564,0.5792431383634447,5.449349972813331,1.0,
O137614,442776,885548,1.5127151608467102,1.9942824840545654,1.3740476369857788,4.145201283402083,2.21721631042762,0.6928312489104392,8.64044401562873,0.857313444138209,0.5348874900974383,0.4822742867060992,0.44026245498369027,0.7974724490070062,0.8959443534966665,0.4913948653902961,4.709648011970551,1.0,
O137946,339352,678720,1.317386269569397,1.9942205548286438,0.989085853099823,2.598485580597422,1.629944592461668,nan,7.500024928441874,0.7930764885661774,0.6272671299899709,0.5372272693447159,0.23103125501401817,0.6179535859532941,0.6314809995725575,0.36585622555611436,4.655587706192721,0.0,
O138120,302896,605808,0.6300608813762665,1.2099999785423279,0.6439921259880066,0.4909626295577071,0.34009441291880926,0.04259781433532023,2.610973314235465,0.787638500795991,0.6927093681757198,0.4664511876000144,0.018780167357701837,0.03974619922814158,0.041041285647069096,0.4575920822559075,5.064491105054694,1.0,
O138281,563177,1126678,1.3031100630760193,1.9935978055000305,0.7734425961971283,2.0093090115237655,1.656253153013612,nan,12.478343626552492,0.7810360076451603,0.8242899143509974,0.4288541152052501,0.29026820578204415,0.5125157505930004,0.6529006572247474,0.44458249899130575,4.654487969035969,0.0,
O138297,572585,1145220,1.993272066116333,1.8110645413398743,1.4802010655403137,5.343443488489393,4.899626379271381,nan,13.148282379439012,0.8561864370309098,0.9169417417487313,0.6571876386969933,2.0431107370659394,2.37089544767668,2.736664964917156,0.7465695520853749,4.638970943982242,0.0,
O138298,891228,1782498,1.9820773601531982,1.9940549731254578,1.8902392387390137,7.470927160687213,3.9507765508935857,nan,21.448967942094427,0.8269576277681723,0.528820113744781,0.3763758859638497,1.5002768007857974,1.694353733625983,2.1718013572813586,0.6907983530610877,4.618582422296908,0.0,
O138687,248112,496228,0.46962760388851166,0.8500000238418579,0.5276308953762054,0.21062153407089051,0.1271635991512762,nan,0.9316998362941196,0.8492523319035509,0.6037540259699931,0.4995298893584519,0.003742495423872569,0.0071611017787113485,0.007393440586170599,0.5061913165127602,5.425371750362779,0.0,
O1391587,189017,379074,0.9778536558151245,1.9942264556884766,1.0518457889556885,2.0511641139490946,1.1622725262383993,0.06508556248677372,3.986168073841681,0.8150424020579803,0.5666404352212864,0.44753268884260705,0.13828821467245542,0.32174764695352687,0.3240986562484136,0.42668555393966495,4.675945259483779,1.0,
O139569,263783,527572,0.49956586956977844,0.8379999995231628,0.44548745453357697,0.1864971744281213,0.11463752833244499,nan,1.0006705493569665,0.8238887226843227,0.6146877489376009,0.48893798666103183,0.0030921655435393767,0.006117941300597767,0.006596724541501352,0.4687425591421813,5.420955684881715,0.0,
O140084,226519,453042,1.1372590065002441,1.9941668510437012,0.914000391960144,2.072847058517926,1.1351511412943818,0.2407860552338513,5.124543225533394,0.7606012011119624,0.5476289901031137,0.4320396186912512,0.13438926565895798,0.33595089065582356,0.37007317199623946,0.3631424156850894,4.645449474946798,1.0,
O140391,332964,665936,1.3213406801223755,1.9942820072174072,1.4428297281265259,3.8020380490323804,2.8841739975035643,0.3355985091618335,7.613476776738356,0.8250123391738319,0.758586305636154,0.5408938276085247,0.7749376711480874,1.1193142930313038,1.2185645179565323,0.6359430787034703,4.640814252860308,1.0,
O140827,195830,391648,0.9335686564445496,1.9948575496673584,1.007979840040207,1.8771976296721447,1.0418717934314672,0.11240088144808998,4.399882656596359,0.7812731150377573,0.5550144411877569,0.4149503094751332,0.11413108340377245,0.29685916390621475,0.30571177546227796,0.3733290391944853,4.648438129763112,1.0,
O141879,242195,484532,0.5607613921165466,0.9899999797344208,0.4707716703414917,0.2613506661075076,0.15614839321981006,nan,1.2447475776994705,0.8122472355789316,0.5974669800748769,0.4580398176115692,0.005095969148688646,0.010541059718090147,0.011984850831578912,0.4252008823723751,5.289083883293932,0.0,
O141880,239893,479916,0.6158373951911926,1.0399999618530273,0.5877038240432739,0.37640717802188783,0.24064143912066818,nan,1.339457906648496,0.8351575179923624,0.6393115040613679,0.463367704144573,0.011349220671787268,0.0200358278376491,0.020302409303181536,0.559008564072677,5.25308850541342,0.0,
O141881,246289,492708,0.5952788889408112,1.0,0.5309866666793823,0.31608515298328754,0.2039954015322473,nan,1.2924339301868042,0.8378308484821037,0.6453811563336327,0.46725725276521446,0.008389073247543172,0.015371929093484853,0.01585235917461132,0.5292003010491252,5.280036664386663,0.0,
O141907,270109,540364,0.5521270930767059,0.929999977350235,0.47206954658031464,0.242397413526099,0.1696762208614657,nan,1.2516211985578591,0.8136270809285684,0.699991878598146,0.4855553900999726,0.006150872542145074,0.011367586660322893,0.012677309765339888,0.48518752448265706,5.334066144939508,0.0,
O141954,275286,550670,0.58346226811409,1.1299999952316284,0.6112489104270935,0.4030039617952705,0.2600550498853096,nan,1.8744212534763693,0.7947785004613531,0.6452915468295565,0.4654468322431934,0.011653173502668892,0.025989254425247767,0.027251656486591152,0.42761340061668157,5.166916925441571,0.0,
O142142,365177,730404,1.5316996574401855,1.9909846186637878,1.294273018836975,3.947002648778743,2.093805970669821,nan,7.318886059590625,0.8565393145226328,0.5304800014050342,0.5735272108165552,0.4210981791538108,0.6838962341848596,0.74652058622526,0.5640811344306933,4.69805843037163,0.0,
O142231,109560,219144,0.43880681693553925,0.8980000019073486,0.32677018642425537,0.1287633091395785,0.06949606255943412,0.0023933615394576883,0.46544322116376174,0.7545825458886374,0.5397194513236755,0.4869833539350448,0.0012050149000235784,0.0035789838991809294,0.004079090832160999,0.29541261756732984,5.371785314073907,1.0,
O1426846,357993,715988,0.5798439979553223,0.5799999833106995,0.20445427298545837,0.06875991618868048,0.05154231091023965,nan,0.6730267031101167,0.7627197395179245,0.7495982218594492,0.5565208603120639,0.0011009642407931318,0.0014206144237312046,0.0021632395362829386,0.5089423627514232,5.72584223906939,0.0,
O1428066,247208,494456,1.1967570185661316,1.9939661622047424,1.1756763458251953,2.8055082336050696,2.1297047168639702,nan,5.478033902732287,0.8122543076693026,0.7591154755326831,0.5769612941536982,0.43844707608836336,0.7445651860285802,0.7732186510943553,0.567041515964234,4.654437805317125,0.0,
O142927,421582,843192,0.6302511990070343,0.8700000047683716,0.7994307279586792,0.4383426944950574,0.22648839043178715,0.0177383496233065,1.831407198727197,0.826349127957822,0.5166925176948305,0.39386967192674527,0.010547438095273084,0.017211266677114007,0.01888066121180762,0.5586371142911515,5.36209714288516,1.0,
O142934,322097,644218,1.1267876625061035,0.6600000262260437,0.527362734079361,0.39218905838542567,0.3128794833711989,0.024595503368460985,2.2997287399861492,0.8207765139553149,0.7977771859808366,0.3787080010835509,0.015178965746343262,0.03532922078510441,0.03926618595299591,0.3865658295540452,5.146310067154421,1.0,
O143963,351860,703720,1.582955539226532,1.9923386573791504,1.3730968236923218,4.330450125293186,3.0849004368453894,nan,8.401682042389755,0.8493822086236943,0.7123740829682298,0.591897954629687,0.8864065444773515,1.1901476526426453,1.3127111712917248,0.6752487248243008,4.622003656511831,0.0,
O144029,281866,563762,0.23977616429328918,0.44999998807907104,0.2622538208961487,0.02829699611096758,0.02094484139470242,nan,0.3438388613061151,0.7979045586774758,0.7401789685578833,0.5116940174663475,0.00019018230673809462,0.00036072998952787745,0.000367660709871464,0.5172766674050738,5.913687732498654,0.0,
O144030,384128,768290,1.3969134092330933,1.994914948940277,1.3023527264595032,3.629296873168872,3.063093972995111,nan,9.165187450681977,0.8243874169075858,0.8439910208614627,0.5598449927415979,0.8541654596596321,1.2295160733908936,1.328510211881998,0.642949863704549,4.622334613290656,0.0,
O144038,279723,559540,0.5940048396587372,1.0199999809265137,0.5399034023284912,0.327119332493002,0.23466419909219297,nan,1.707923771330148,0.8153243532581893,0.7173657310431601,0.4562946128913621,0.010317372229864176,0.019979711317588987,0.0208338970399242,0.495220467399493,5.2142596941586365,0.0,
O144039,589165,1178352,0.7788099646568298,1.050000011920929,0.6992273926734924,0.5717935305156102,0.3494776973421046,nan,3.2810495281240923,0.8636582636196894,0.6111956129111252,0.4062557763199062,0.022064946095209585,0.03299085141955618,0.03814216247046789,0.5784922685569724,5.254224152990783,0.0,
O144052,222916,445840,1.994529664516449,0.7098332047462463,0.5754057168960571,0.814649852881905,0.7045207532799275,0.15807264742004948,5.626286478851352,0.7331424367841702,0.8648141907687275,0.6550440799955574,0.044382063617691675,0.23018916893141056,0.24302439660786032,0.1826239021150858,4.597919399715599,1.0,
O144053,221262,442562,1.1098241806030273,1.9930987358093262,1.0754182934761047,2.3788136198198857,1.0855532568235349,nan,4.5029351868074885,0.8269661820779073,0.45634229087091266,0.4456372345272258,0.12451184263681457,0.2801102528604069,0.2882274159760669,0.4319916695473323,4.691411137714561,0.0,
O144055,287192,574352,1.9937410950660706,1.9624932408332825,0.9493789970874786,3.7146384516652353,1.9553048333298975,0.21617156935981566,6.214495051017512,0.767250126253269,0.5263782353982132,0.42026940204359964,0.4639500737464137,0.6017011490502997,0.897635283329629,0.5168581074770902,4.664766491563589,1.0,
O144056,212399,424776,0.3120540380477905,0.5850000083446503,0.28778499364852905,0.05253561532357191,0.031228002981240066,nan,0.39287902243822204,0.8303415338202127,0.5944158603435743,0.4872991418350463,0.00032660819794359043,0.0007539453871054661,0.0008179522499368772,0.3992998343959508,5.732893627190521,0.0,
O144058,257712,515456,0.9343697726726532,1.9941366910934448,0.9017646908760071,1.680223021830454,1.0353748456468108,0.0861067364931003,5.419286896996245,0.8179321979332105,0.6162127480665405,0.43439597126561647,0.10609104939746372,0.28534388049555914,0.29172753398496826,0.3636648483201803,4.677192498172128,1.0,
O144065,234077,468134,0.4928480088710785,0.7529999911785126,0.5078286230564117,0.1884625890601214,0.10796084439686576,0.00334381976224659,0.7131475360185546,0.8406808757739888,0.5728502666511984,0.601906555604776,0.0031826247574150528,0.0048977197641305,0.005068917009221183,0.6278707565393834,5.516179356746877,1.0,
O144081,342336,684716,0.2581418454647064,0.32999999821186066,0.27101412415504456,0.023086828306508426,0.011585511437727576,0.0009611372317040552,0.20105816345556238,0.8398038975941017,0.5018234329945398,0.48964737488127985,7.831452012886726e-05,0.0001121685721057529,0.0001338789818466846,0.584965011300664,6.231130860658685,1.0,
O1441053,330090,660146,1.8540898561477661,0.7899999916553497,1.0284030139446259,1.506333745076176,0.7575468298647725,nan,5.902834702285732,0.8118038532079692,0.502907693823498,0.31277563705317835,0.07275039205137397,0.15600351234003043,0.1898271108179034,0.3832455318838081,4.747571745882543,0.0,
O144113,391028,782060,1.9943393468856812,1.282769501209259,1.0863041877746582,2.779067767318997,1.8174053125963257,0.7581963790841515,8.680296403384611,0.8350516068896922,0.6539622149443302,0.49066870874077434,0.3247816196391809,0.5824205467548716,0.7026248333557501,0.4622404506940318,4.653673301506013,1.0,
O144122,313372,626728,1.9948478937149048,0.8882538974285126,1.2269858121871948,2.174134708053921,1.301592088689465,nan,7.280464964170791,0.8283296207862324,0.5986713168543851,0.5379060564989792,0.15748413936115546,0.3919366848744506,0.42942777389290465,0.366730213869284,4.633901073107249,0.0,
O144138,206088,412176,0.23167231678962708,0.46000000834465027,0.2871719151735306,0.030603700691544174,0.01891006081794627,0.0033929862581661106,0.2664670833233843,0.7934858103735919,0.6179011162258273,0.4520289366997258,0.00015698431941681614,0.0003142676855630955,0.00031791192595254883,0.49379814533993743,5.8884091363282005,1.0,
O144139,382591,765260,1.99494069814682,1.3021210432052612,0.8103395998477936,2.104982116025228,1.4304141438030122,nan,7.940644533542897,0.7608638429253357,0.6795374330799631,0.4451167783504424,0.22065006655366187,0.45803523608758684,0.5721576965532411,0.38564554472113033,4.6828789944762885,0.0,
O144155,514084,1028192,0.3336267024278641,0.3799999952316284,0.3408200293779373,0.043208531216441394,0.026793381648232695,nan,0.3769857964622944,0.8675911609380327,0.6200947103251099,0.5672348064638348,0.00032853129510981605,0.0004468250938602286,0.0004514475579668954,0.7277285906459754,6.134709099611224,0.0,
O144157,453937,907860,0.30424971878528595,0.39000000059604645,0.30887630581855774,0.03665045643806011,0.023098556824203698,nan,0.3646661101448221,0.8498572042142775,0.6302392676402448,0.5096780724326144,0.00025948575154369257,0.00034372515712797867,0.00036325950179698477,0.7143261229508365,6.095100178645847,0.0,
O144159,455869,911792,0.5796369910240173,0.7100000083446503,0.5120302736759186,0.21072210035078945,0.18133749216022987,nan,1.3196398402813438,0.8410752239631765,0.8605527937428349,0.5857306882249272,0.007634662833445329,0.010944133575563758,0.011824656735174532,0.6456561915014982,5.538384641777941,0.0,
O144277,260496,521032,0.5335454940795898,1.0,0.5439955294132233,0.29024636351786626,0.222245873647816,0.02207422270473533,1.5521589438522432,0.7840821174553186,0.7657145845141159,0.5224118436702546,0.009585765015537958,0.018584115303478484,0.019207480610339174,0.4990641516190336,5.224864867223923,1.0,
O144283,594753,1189536,0.3201926350593567,0.4399999976158142,0.34736669063568115,0.04893867237767504,0.03832534653956063,nan,0.6624859049384607,0.8680866120747701,0.7831300825611276,0.5268145958440548,0.0005671174075655941,0.0008163637697218593,0.0008478867047165474,0.6688598894296665,5.953159998694041,0.0,
O144286,237145,474292,0.28295081853866577,0.4750000089406967,0.23893191665410995,0.0321128417657836,0.02320468659971151,nan,0.3109906032772514,0.8051059072070184,0.7225983539219573,0.5582463289635428,0.00022634920351357853,0.00041377741325477436,0.0004384979793562963,0.516192124410364,5.882266705536325,0.0,
O144294,646353,1292728,1.4961730241775513,1.9956119656562805,1.507842481136322,4.502087114132032,4.1141037568190475,nan,13.839352375304887,0.8452794215574932,0.9138214460366378,0.5877372701702426,1.38661804064508,2.049705307823989,2.059394239909262,0.673313547145871,4.66935400149159,0.0,
O144307,233375,466756,0.18055814504623413,0.32999999821186066,0.15406618267297745,0.009179908322327443,0.005619049315039507,nan,0.15063576352895702,0.7676754379612697,0.612102988149981,0.5067464541903752,1.928684235187245e-05,4.622506085419259e-05,5.011909161494295e-05,0.38482026968984606,6.190126237848346,0.0,
O144416,450212,900464,0.862051248550415,0.7999999821186066,0.5802032947540283,0.40013197078097296,0.26152191127305224,nan,1.7086757313988465,0.8572669703152477,0.6535891415090296,0.4758647211685923,0.014938880179592714,0.018470781985031378,0.023080555378967842,0.6472495975207672,5.42075741543188,0.0,
O144553,503668,1007328,1.6830192804336548,1.995205581188202,1.8148972392082214,6.094369505146333,3.440081321158568,nan,9.96598751209001,0.861079913576864,0.5644687802821314,0.5057483090792645,1.1020087366134612,1.427144382464981,1.4509170659970354,0.7595256561795193,4.703624020664018,0.0,
O144560,302982,605958,0.43949736654758453,0.8120000064373016,0.5808234214782715,0.20727953734836507,0.09909657171939738,nan,1.0355888334271721,0.8540322538408106,0.4780817874600443,0.47863633042757875,0.0023372398556493193,0.005027132839115114,0.005211481480795404,0.4484789717208392,5.46622946919693,0.0,
O144575,588077,1176160,0.5223050117492676,0.3700000047683716,0.28362420201301575,0.054811187307349046,0.04059387917498395,nan,0.9077258993922602,0.8098849900242568,0.7406130238952359,0.391347686394436,0.00056423672474256,0.0010941302148367309,0.001116228446482159,0.5054849896728361,5.811479467261739,0.0,
O144583,282718,565432,3.7986772060394287,7.5,5.381531476974487,153.32025716375014,120.03295608426261,5.031857863376341,92.38641272347273,0.7983593133270868,0.7828903910333531,0.5734348501347373,361.7262419241876,618.2137042582839,699.0184514582486,0.5174773872843799,3.4857453556981794,1.0,
O144602,205922,411856,1.9946678280830383,1.286687970161438,1.1146320104599,2.8607198845207846,1.9430988587231617,nan,4.522719052938094,0.8187038989795694,0.6792342267543127,0.5445923965883142,0.3546750718881847,0.6688398671570261,0.7944586667783671,0.4464361542261703,4.65830313701092,0.0,
O144603,176616,353228,0.4775006026029587,0.7400000095367432,0.4278549700975418,0.15118274642406906,0.10663673054879318,0.0072169074389070885,0.5665898514557819,0.832735132818709,0.7053498700815775,0.5392493568335825,0.002617295216494493,0.0055895856065021204,0.005896597044156551,0.44386536792236764,5.49376125330291,1.0,
O144604,202406,404812,1.211957335472107,0.7400000095367432,0.6107879281044006,0.547784200373678,0.4309807290917285,0.023582168164884208,1.6577058836540184,0.8093993798382189,0.7867710109158488,0.549211832746528,0.027634666482517025,0.05762277340096339,0.06645473207571756,0.4158419666944182,5.0867159034131575,1.0,
O144833,206620,413240,0.5266091525554657,0.9200000166893005,0.6132225394248962,0.29709431905875133,0.1438311169964602,nan,0.9166534141793768,0.8093232110531556,0.48412611002506967,0.492711559020026,0.004362733751114225,0.00973791251383053,0.010201828253728404,0.4276423443533076,5.3529671968515204,0.0,
O144846,615098,1230420,0.36002346873283386,0.4580000042915344,0.2681208848953247,0.04421065386129812,0.021540694586944797,nan,0.6250475575275606,0.8443611356582369,0.4872285909754766,0.40977665045474915,0.00020927300238676911,0.00032808379095435926,0.00037948491981421414,0.5514659251525033,5.99303125246956,0.0,
O145015,221167,442356,1.994828999042511,0.8917484879493713,0.4919068068265915,0.8750460058503703,0.5284421870602323,nan,4.940945372851785,0.7209116211791247,0.6039021760309525,0.38623847955892165,0.029751621242324645,0.13608448933285314,0.14688343727146014,0.20255259405006767,4.650910274679908,0.0,
O145051,354150,708336,1.6146699786186218,1.994518220424652,1.4300026893615723,4.605307491086894,2.525214765376163,nan,7.2662501694762565,0.8248992388739623,0.5483270705079868,0.6061341829708016,0.6358130210952693,0.9024990274530603,1.0009239119776399,0.6352261280670384,4.687876900040584,0.0,
O145058,435699,871412,1.991749346256256,1.470303475856781,1.243453562259674,3.641423897823194,2.239590640599383,nan,9.678870948439615,0.7895501703404201,0.6150315655197922,0.491756496289096,0.4911383829443816,0.8051984663773327,1.0226490944060118,0.4802609082929379,4.653361863854246,0.0,
O145060,360695,721380,0.6360213756561279,0.7199999988079071,0.4742296040058136,0.21716651852442037,0.1517028156504971,nan,1.0582332314146183,0.8343532229647023,0.6985552684698867,0.47543811782407164,0.006113837536659618,0.007538813719655238,0.009163158101528993,0.6672194748707265,5.532558726671277,0.0,
O145061,209706,419444,0.27703461050987244,0.5349999964237213,0.3039734810590744,0.045052978286671326,0.02847473155908342,0.0014207243092476491,0.35257368595502864,0.8261443128465142,0.6320277291747328,0.49451219814939157,0.0003210777654158101,0.000574576762694997,0.0006056321602289684,0.5301530970456091,5.774360960489078,1.0,
O145062,265904,531864,1.0677553415298462,1.9941856861114502,1.182396113872528,2.5176789047138883,1.3554281096004035,0.167301883278835,6.087941244196988,0.8287763487018083,0.5383641683070128,0.48074170929592897,0.17525578329281596,0.41334709394417807,0.41618583944787985,0.42109982291880393,4.640254418153099,1.0,
O145065,329454,659032,1.3689165711402893,1.9951918721199036,1.1839600205421448,3.233692246214738,2.2171532041329365,0.29431245844518594,7.43471063215699,0.8242296777400439,0.6856413768899217,0.45257374651950594,0.47705236938879153,0.7564621184518181,0.835043816088564,0.5712902247733019,4.646530714889872,1.0,
O145067,274120,548336,0.5580825805664062,0.8889999985694885,0.49938639998435974,0.2477632779652198,0.1733646110181251,0.031206741352374168,1.1830865639835237,0.8154331416797884,0.6997187494526992,0.5342660038470316,0.006370123988523738,0.01177796370219585,0.012468211987098536,0.5109091820956536,5.364924200930786,1.0,
O145069,396464,792884,1.584775447845459,1.9947871565818787,0.548214465379715,1.733064747964694,1.4780210257256368,nan,9.38956861777729,0.7110654326398403,0.8528365875893675,0.5018780993590278,0.2847122912273399,0.5083685935195557,0.7278552390824831,0.3911660944918682,4.625558118274934,0.0,
O145070,266767,533576,1.1707503199577332,1.9909939765930176,1.1416146159172058,2.661054392056743,1.6303973379581267,nan,5.888250142993869,0.7803431968293156,0.612688467708465,0.4314701996644176,0.2693351375360508,0.528942431684847,0.5556912242596906,0.4846848857382399,4.656145853540644,0.0,
O145072,265514,531044,1.207378327846527,1.9941979050636292,1.258180320262909,3.0293853420227586,2.111153522801948,0.3430912808042168,6.19960294844292,0.8138390959880499,0.6968917072109103,0.5015677450244165,0.43876458174490124,0.7185816816109694,0.7384688743265694,0.5941544687919623,4.631723549324505,1.0,
O1458096,551231,1102456,1.1251556277275085,0.679999977350235,0.903052031993866,0.69093034861765,0.4958289206763575,nan,3.9109846963051766,0.8227616146593456,0.7176250423336685,0.42990133558083904,0.04133258702321599,0.060632641436583416,0.07899876998455709,0.5232054503037934,5.149047516777972,0.0,
O1463692,476738,953480,0.21080266684293747,0.29500000178813934,0.22852402180433273,0.014211174690178827,0.010119181584201374,nan,0.21676262344018107,0.8630746598977824,0.7120580673175891,0.46680097697606315,6.463075251464409e-05,9.002735726956073e-05,9.228501578584189e-05,0.7003385323639892,6.342295371641451,0.0,
O147413,317407,636502,0.44375380873680115,0.7949999868869781,0.4608871340751648,0.1625937321273155,0.10772834997350866,nan,1.0567033311507297,0.7984956250937106,0.6625615179873865,0.42258260657095037,0.002909023634845077,0.005416606213530813,0.005767864078485198,0.5043502404462117,5.477663423831241,0.0,
O147419,210200,420572,0.17890386283397675,0.4749999940395355,0.18660005182027817,0.01585714808696131,0.00958444448810069,0.00123688090387058,0.25277010326060223,0.7465399301926412,0.604424227833351,0.41874065890700884,4.11907847736428e-05,0.00014389020790607526,0.00014738035615191014,0.2794862615963962,5.91990700583491,1.0,
O147420,272024,544044,1.090383768081665,1.9948731660842896,1.1741688251495361,2.5540253979405696,1.5790588752892696,0.487709964762735,5.9622537533305,0.8009970646597762,0.6182627927516064,0.48194126508589197,0.23936195066494262,0.5301681923537616,0.5699046959239352,0.42000347141707023,4.6591967667957315,1.0,
O147463,728475,1456920,1.9941895604133606,1.425339698791504,1.9906802773475647,5.658304737936006,3.5243936666660183,nan,13.986878233660129,0.9374842674435327,0.6228709533858758,0.45268368453366115,1.1911603697909263,1.2469907973465806,1.6016531795042512,0.7437068055892213,4.7166938580918725,0.0,
O147591,173975,347938,0.20224544405937195,0.5119999945163727,0.21438737213611603,0.02219974083277211,0.011599825200578165,nan,0.2514922347533963,0.7563832160260191,0.5225207486861314,0.4029731754831479,5.601760413832035e-05,0.00019297155783873455,0.0001966609958158502,0.2848434886944955,5.839962265142161,0.0,
O1478687,262803,525646,0.5610706806182861,0.992000013589859,0.5709288120269775,0.3177687701646361,0.1624134648829034,0.022725997396292025,1.3525935298539402,0.8053625326205018,0.5111058106772322,0.45470744906089183,0.00532664424370148,0.011584631815989828,0.012888735482521148,0.4132790412934708,5.28846301291716,1.0,
O1486810,573372,1146756,1.4598758220672607,1.9948298335075378,1.4046805500984192,4.090716096290886,3.8818869122099158,0.1944264296027851,12.678224174263566,0.8432112170923208,0.9489504577767401,0.6148738976960108,1.2354345425188678,1.8912429576776066,1.9142926099730366,0.6453739287727122,4.655378054201038,1.0,
O1512259,286985,574004,0.6503136157989502,0.7800000011920929,0.5469126999378204,0.27741852525387106,0.13823824810785854,nan,0.9702674852511963,0.8510490652548328,0.498302151888934,0.41501180254514997,0.0046778954921627884,0.007365474744644404,0.008556076051413947,0.5467337438392376,5.470967719892274,0.0,
O1529429,154436,308884,0.8521627485752106,1.9956536889076233,0.7343053817749023,1.2487756907171161,0.7100889058716803,0.08423651559212315,3.594425840937485,0.773433198937776,0.5686280659931071,0.46081054508511593,0.051751648164520214,0.18140121628926126,0.1929145466107822,0.26826203142126226,4.633119016755075,1.0,
O1531313,152679,305356,0.7726438343524933,1.994802474975586,0.4210147261619568,0.6488981387288855,0.3982998150054799,nan,3.449352184506149,0.6866872342219675,0.6138094582698327,0.347818823665185,0.01859559197411759,0.09508599458490913,0.10198762516032908,0.18233184609294012,4.646041767983508,0.0,
O153132,344234,688544,1.3205528855323792,1.9929944276809692,1.0011070668697357,2.634768181293827,1.7360193182706993,0.23599365750236245,7.222769921705721,0.8359867976287377,0.6588888277139476,0.4207096439006767,0.2907298015126343,0.5436152000127447,0.6081299674752786,0.4780718219160165,4.678149982573114,1.0,
O153133,535259,1070532,0.4111305773258209,0.5349999964237213,0.3578909933567047,0.07871986240815924,0.07207485744737097,nan,0.8657948194199926,0.826763593922828,0.9155866796827693,0.5760259407987494,0.001637906255677305,0.0023832899654367343,0.0026501076593031755,0.618052723227093,5.79114899554582,0.0,
O1531465,344823,689648,1.6665584444999695,1.9955339431762695,0.9758487045764923,3.2453546103760034,2.0094164964035053,nan,7.800989257649912,0.8119509607842098,0.6191670056575717,0.49771112286468444,0.4384832059497232,0.6299310979574516,0.8510719734651999,0.5152128370111962,4.645446546089343,0.0,
O1540045,297124,594252,1.1427263617515564,1.9947017431259155,1.3858198523521423,3.1588353680265495,2.3065495287174858,0.12802269880511363,6.888001150722511,0.7925725710724426,0.7301898516346166,0.5694358931167818,0.5024378337378724,0.8657636830295998,0.8978066317813367,0.559628115846044,4.634844522078306,1.0,
O15404,292902,585984,0.3017169386148453,0.5100000202655792,0.2982807010412216,0.04589813520651207,0.027445768795457497,0.003212913151037672,0.38364460582842974,0.8305639454534908,0.597971326546693,0.495912828314491,0.0002916599701242848,0.0005594918164012559,0.000586199487228508,0.49754388476732336,5.882793240897138,1.0,
O154174,215680,431508,0.2122694030404091,0.5,0.19859961420297623,0.021078310775460657,0.011899239013588539,nan,0.2800756007164601,0.7779808144921323,0.5645252667705051,0.395885234782004,6.099150068363815e-05,0.000186286715501639,0.0001912344430039592,0.318935750932563,5.886534598719111,0.0,
O154302,398243,796500,0.6600047647953033,0.6599999964237213,0.42641681432724,0.1857485042950787,0.12297364439208706,nan,0.947672755858703,0.8293477059923392,0.6620437933472242,0.5011908132035846,0.004416674921140464,0.005325591064856793,0.006405562322335485,0.6895061977213162,5.623489755353249,0.0,
O154305,190018,380064,0.2961542308330536,0.45000000298023224,0.28154683113098145,0.03752157859618134,0.025592533615161676,0.0011411257627139812,0.20331598495859707,0.8144574696776392,0.6820750771335161,0.5111397892902102,0.00027604640904930095,0.00047473459543946573,0.00047760478958920274,0.5779808223588668,5.97062321793274,1.0,
O154942,815376,1630764,0.3834332525730133,0.4749999940395355,0.3848443776369095,0.07009201156004584,0.04909913762619039,nan,0.8809913676711025,0.9026236762141131,0.7004954849116943,0.48891984373438513,0.0008196896331773678,0.0012794193644053964,0.0012880945835230925,0.6363582641077635,5.96638627113134,0.0,
O1554551,728033,1456418,1.9896491169929504,1.6196569800376892,1.0110039114952087,3.258009725030542,2.389459391672522,nan,13.506701075736547,0.8789732117653756,0.7334107609669955,0.642486026290123,0.5638865801174707,0.7631833853247096,1.0173878363608337,0.554249382550588,4.73160177693329,0.0,
O156078,252662,505280,0.9938490390777588,1.995730221271515,1.1161549091339111,2.213842547167213,1.0226577456007115,0.16720919292252592,5.261274371890061,0.8071347097373471,0.46193788574046657,0.46476330566917906,0.0994954550984098,0.3047829910509531,0.3094887133886351,0.32148330712619594,4.681448979017805,1.0,
O156907,298528,597032,0.7801696956157684,0.9150000214576721,0.36437563598155975,0.2601114746472611,0.12939381111632714,0.052099035593566524,1.5720924644952798,0.6690933740022662,0.49745522104243556,0.5005326087121571,0.005298629010962319,0.009130106923605148,0.013328831562878602,0.39753139545399013,5.278506985392624,1.0,
O156932,182107,364228,1.0483081936836243,1.996077060699463,1.0185568928718567,2.1313343093657444,1.4468655705068176,nan,4.111700069932995,0.7822275140684003,0.6788543515434633,0.4775074826167337,0.20577894210952588,0.46524841947110124,0.46585030344014294,0.44172761204601513,4.646305212625945,0.0,
O156940,404407,808852,1.3555783033370972,1.9897255897521973,1.0576674342155457,2.8527711057036087,2.1852744532645216,nan,9.119771415895336,0.8189881068671768,0.7660181529795551,0.4895810261385665,0.4618336968832971,0.7355556820252431,0.8824342255865856,0.5233633096861126,4.646834711300377,0.0,
O156942,383524,767068,1.3439064621925354,1.9948051571846008,0.9863487780094147,2.644234915062246,2.160157631179125,0.4472442547866309,8.572041457270851,0.7857369106887223,0.8169310596703449,0.5024117963642593,0.4679206382018311,0.7283883692669028,0.9020336069783617,0.5187396950422666,4.6507082834599505,1.0,
O156956,175738,351484,0.9143056571483612,1.9942113757133484,1.0169693231582642,1.8542592273240306,1.1483658994547736,0.05371203556786772,3.7797613829219676,0.8062080075351183,0.6193124901484433,0.4972214683580377,0.13626342698382896,0.31739041448381344,0.32635162425099645,0.41753561759211283,4.667401295964459,1.0,
O157267,238030,478424,1.0445521473884583,1.994274914264679,1.2895002961158752,2.686189200763794,1.8330375032470185,nan,5.1501136340878695,0.7921069627791485,0.6823932963194888,0.507177046502646,0.3389783260774601,0.5957078030996501,0.6593916806084488,0.5140773474191703,4.664814885021154,0.0,
O157274,272410,544826,0.46417057514190674,0.8519999980926514,0.5727166831493378,0.2264941733365497,0.15417703186741724,nan,1.1450141518833694,0.7966737755857727,0.6807108085660297,0.5131067431808125,0.005545747258826514,0.009586342393284238,0.010102450094775643,0.5489507205479223,5.376412191808594,0.0,
O1578864,341053,682140,1.4724472165107727,1.993266224861145,1.1428262591362,3.3541714192744463,2.744380444490116,nan,7.228107877164961,0.8267252367769726,0.8181992216378027,0.5635623569247502,0.6651734006201319,1.0895478916184964,1.230286973858118,0.5406652388866491,4.673797248421282,0.0,
O158239,296620,593334,0.19640696793794632,0.4000000059604645,0.18670324981212616,0.014667927898473413,0.010348061694461848,nan,0.25218097110943516,0.7810556845880199,0.7054889938161503,0.43237443791708274,5.318109585979203e-05,0.000125169863541909,0.00012904204211873537,0.4121222431590051,6.07048811777325,0.0,
O158240,170650,341392,0.17005639523267746,0.4650000035762787,0.14766919612884521,0.011677122488776916,0.006701123316894595,0.0010082836237752552,0.20021238393768978,0.7194839855632272,0.5738676907204802,0.43606779153369113,2.0150881813555466e-05,9.43114113842486e-05,9.804210972331475e-05,0.20553292733523784,5.9306153557877135,1.0,
O158241,246050,492092,1.3829260468482971,1.9920823574066162,0.8674976825714111,2.3898716034475656,1.558381294790052,0.17298764652471102,5.753776018962867,0.76531804286054,0.6520774139254897,0.4205003736339984,0.2507836367001715,0.4953939941680198,0.6128048471166527,0.4092389899984467,4.631070417554717,1.0,
O158242,230017,460028,1.0283657908439636,1.9949995279312134,1.190146267414093,2.4416913087133416,1.6780912383788467,nan,5.433552411568522,0.7811854515310684,0.687265926036786,0.4732449565569954,0.28088751542852025,0.5509046624202631,0.577765991632655,0.4861613862643359,4.626676074275103,0.0,
O158243,212864,425840,2.004499912261963,0.8899999856948853,1.3695067763328552,2.4432067903011605,1.2852758850684833,0.11218869321543445,4.594236069133405,0.8006789831804011,0.5260610318253309,0.488520475286501,0.15739037354925872,0.39775256644603674,0.4314652020524581,0.36478115222400487,4.66588891175067,1.0,
O158245,227281,454600,0.49079379439353943,0.8900000154972076,0.48894043266773224,0.21357235158030785,0.13778219451543197,nan,1.0498723642301038,0.8041173233346166,0.6451312330267753,0.5007023486250627,0.004329789881904159,0.008439132051397152,0.008491072400887074,0.5099226196035992,5.335426627599026,0.0,
O158262,216959,433956,1.1369593143463135,1.994537115097046,0.9067191183567047,2.056173791169456,1.2769972549574193,nan,4.965359297949982,0.7847225070830737,0.6210551172481985,0.4875043707289483,0.17060317406683267,0.35969796112602437,0.39787136422883723,0.4287897783181742,4.6404269905410755,0.0,
O158266,183961,368020,1.9914254546165466,0.8329209983348846,0.9102204740047455,1.5097827710183485,0.9466583144114145,nan,3.7506307546741544,0.7914421068864899,0.6270162387486337,0.47900949659629494,0.09452440494561136,0.2437788556595293,0.26346640908075775,0.35877213066899066,4.69062145124677,0.0,
O158269,193368,386838,2.1531280279159546,0.8899999856948853,1.0395094752311707,1.9919952858822862,1.2735896002235791,nan,4.625868594097915,0.7985567966550752,0.6393537219941191,0.49191000778146765,0.15639541172271415,0.3896076375658579,0.4216745416768177,0.3708912828856043,4.621191313641488,0.0,
O158271,169452,339048,0.8894100189208984,0.8900000154972076,0.2280259057879448,0.1804995905543326,0.06949875189816614,0.006304126063697718,0.7357721608581845,0.6308994496662849,0.38503550996835173,0.3954297783847708,0.0025887563640626956,0.002993008974612618,0.0052879541415325,0.48955726444943204,5.362303347509192,1.0,
O15900,196914,393840,0.5813959240913391,1.2570000290870667,0.5776112675666809,0.4221268014653758,0.26172983521762094,0.022233458209538037,1.6994922403497446,0.7895270060636167,0.6200265756854315,0.44663498982886396,0.010714576601467754,0.029755076106353754,0.03025075315963903,0.354192060770351,5.063957408288253,1.0,
O15948,269207,538442,0.16902535408735275,0.32500000298023224,0.19237101078033447,0.01056756301622257,0.005757150871857258,0.0014937716298625877,0.14987497775055933,0.7830422258743877,0.5447945626649484,0.4418360406075535,2.0905735317359384e-05,4.634568567118726e-05,4.970259660089404e-05,0.42061656225387906,6.254357216717824,1.0,
O1597143,273691,547404,1.0698809623718262,1.9954502582550049,1.0616926550865173,2.266601536826019,1.6304800551879646,nan,5.835622487712018,0.8090266548993578,0.7193501057407594,0.49029928650769145,0.2441380672471176,0.5507102090219334,0.5719177569157959,0.42687617982643317,4.671173327208924,0.0,
O1600551,313349,626708,1.2423927187919617,1.9935760498046875,1.1027530431747437,2.7313035548611704,1.9952550618316256,nan,6.403735698643921,0.8225767700077797,0.7305138450394769,0.5464037655089661,0.38769678333188284,0.6797287016504137,0.6944834928869772,0.5582519776247267,4.6895949140784206,0.0,
O16031,362308,724696,0.3635502904653549,0.49000000953674316,0.29721699655056,0.05294613048980309,0.028643298977068205,0.0016467618928171373,0.45807682758714136,0.8480025300407674,0.5409894682026787,0.49883102282990566,0.0003225582223712352,0.0005474621428166173,0.000612774303028577,0.5263899298273814,5.898139600669681,1.0,
O1604206,356785,713576,1.4897860288619995,1.9942201972007751,1.284786581993103,3.817051327261364,2.683486911562687,nan,8.513710669108413,0.8351077443292728,0.7030261533024812,0.5272099120318762,0.6717913957773478,1.0308975937848548,1.0864127636304437,0.618357422028471,4.6222877004446135,0.0,
O1612386,319096,638200,0.5321769416332245,0.8199999928474426,0.502141535282135,0.2191270782296713,0.14613017937411818,nan,1.1123591847833976,0.8255401968175089,0.6668741287234082,0.5369251260254442,0.005133289523965549,0.00812900004575979,0.00898603842502072,0.5712516774547081,5.45767631502405,0.0,
O164403,191326,382644,0.48650282621383667,1.1299999952316284,0.49109627306461334,0.26997928787233055,0.1596459604364104,0.016361397894365845,1.3493156114312586,0.7682465490614752,0.5913266965571995,0.4167114014081243,0.004741920573740125,0.013882408721009976,0.014080509109092632,0.3367719545508466,5.151660446797447,1.0,
O1655882,289057,578116,1.5159983038902283,1.9947955012321472,1.025343120098114,3.1007468931397777,1.7627818491838714,nan,6.8310139742784575,0.7986395956967061,0.5685023350612473,0.40383127388873197,0.3285234457474276,0.5571595383818143,0.6892048449899061,0.4766702499780585,4.62649831723108,0.0,
O1656438,349679,699356,1.3849350810050964,1.995047926902771,1.3795989751815796,3.811848333580358,2.491934474489783,nan,7.865026009963014,0.8660807283587271,0.6537338992575242,0.4377631917600535,0.5029710062726398,1.062739293181991,1.0638029886458185,0.4728046561637349,4.647969388311609,0.0,
O166471,225100,450216,0.4778505712747574,0.8700000047683716,0.526808500289917,0.21901009745023303,0.14499777345211376,0.01975184805612937,0.9759319210045689,0.8209783904481256,0.6620597640940389,0.5143794737536229,0.004736762162702395,0.008888241473679084,0.009148708009538318,0.5177520320644086,5.362955971763406,1.0,
O166484,243233,486476,0.47794996201992035,0.8620000183582306,0.4768914580345154,0.1964758833523967,0.13130113119722644,nan,1.039309071531537,0.7890209779182471,0.6682811597885852,0.5054067889725694,0.003976814954449002,0.007919755775370739,0.007987136805468031,0.4979024463092276,5.369277778354337,0.0,
O166699,204600,409216,0.4370333254337311,0.9099999964237213,0.4299830198287964,0.17100438655055006,0.11719252451778739,0.008603998622162332,1.0178540819947293,0.8254631646277744,0.6853188206557759,0.5715299898172145,0.0027224813568794944,0.0076588816469690965,0.007713132057297241,0.3529670355253167,5.303220106706143,1.0,
O167151,281173,562364,1.1197339296340942,1.9945911169052124,0.9187745749950409,2.0520015632840405,1.2592449660524696,nan,6.017266042867117,0.8022030840571062,0.6136666699401356,0.4743566758200908,0.1675429576685646,0.3409314371895536,0.3929814436837186,0.42633808888800206,4.669574401177023,0.0,
O167583,298935,597896,0.6395357549190521,1.2599999904632568,0.6047983467578888,0.4873556070684589,0.3374287494410806,nan,2.7812564342594737,0.7975820197461584,0.6923666098165604,0.4165582122279824,0.018279395906505055,0.03885916452382851,0.040784292549965254,0.4481969592609895,5.031335733178124,0.0,
O167590,251266,502584,0.5643638372421265,0.9779999852180481,0.46408313512802124,0.2561496768119551,0.1592610881541884,0.029497377397035642,1.3712569790989078,0.7858134099157206,0.6217501038313054,0.4594951954619733,0.005396911122804402,0.011093145532741051,0.012166689635391713,0.44358089871096196,5.26301487515444,1.0,
O167593,291996,583976,0.21994924545288086,0.38499999046325684,0.18594873696565628,0.01574622409953127,0.00986833009629051,0.0015760110856969222,0.2493772987304882,0.8162419143300556,0.6267108885224281,0.3968387053812243,5.077486200224368e-05,0.00010782677454154778,0.00011308779562412367,0.4489862210331429,6.068519985843674,1.0,
O167596,294869,589756,1.034869372844696,1.995592176914215,1.0770925283432007,2.22438695829643,1.4877136765957826,nan,6.831507150587672,0.7703794946885963,0.6688196363708064,0.4433549413036392,0.22107727471469288,0.46608972884880456,0.5027077510380525,0.4397729580619862,4.635112589700717,0.0,
O167597,148554,297126,0.4771559089422226,1.3499999642372131,0.4874369204044342,0.31398759087239625,0.18385607166406934,nan,1.4918442859733847,0.7288681412203484,0.5855520313819917,0.41688506814008125,0.00537329869380674,0.021454352352349944,0.021870855550797562,0.24568305896066295,4.998160855006078,0.0,
O167600,244190,488388,1.28811115026474,1.9929614067077637,1.1530388593673706,2.9600304070125096,1.8021847170979919,0.27884133061121075,5.435065205857928,0.795094428132225,0.6088399338157121,0.4709775143835032,0.32910162438504337,0.5820756980376585,0.6393935401866714,0.514709023004771,4.65252311607311,1.0,
O167698,172158,344322,0.848547101020813,1.9950470924377441,0.8904569447040558,1.5074469275243307,0.8466782456478797,nan,3.8414316192387856,0.7585925115907319,0.5616637177657546,0.4106682067510108,0.07765227780889873,0.22757486267985086,0.22792877696610278,0.3406865900940936,4.651434101933902,0.0,
O167699,182581,365196,0.41182006895542145,0.4000000059604645,0.10050420835614204,0.016555860252916124,0.009471738908792124,nan,0.18705404821432933,0.6654058772893331,0.5721079281956241,0.4189241374341972,7.94398625004465e-05,0.00011307499079511424,0.00018077594156088464,0.43943824501498424,5.989488469773065,0.0,
O168071,181954,363952,0.4119375944137573,0.4099999964237213,0.10058514773845673,0.016988269407001814,0.006803472118109069,0.00034733560029760047,0.19852293331864615,0.6537697408333323,0.4004805878169661,0.4993491919141093,3.925978456602858e-05,7.036067309197915e-05,0.00010270837887058938,0.3822451974974229,5.962150923788954,1.0,
O1681358,307169,614348,0.9770037233829498,1.9953484535217285,1.1076924800872803,2.159405359687968,1.6435531850626202,nan,7.082732712043204,0.7875978875041211,0.7611137842596224,0.4792473577130317,0.25997859195772366,0.5557549788189522,0.5697214542880943,0.4563257886831462,4.637176531143204,0.0,
O168294,488435,976876,1.9912367463111877,1.8238239884376526,1.9863324165344238,7.213694599945669,3.2260756316365953,nan,10.058515352657242,0.8273463091138413,0.44721544375622624,0.4654920121486651,0.9740533352530117,1.3473635821669572,1.561879067674592,0.6236419678145977,4.6862728936848175,0.0,
O168307,630848,1261644,1.99211847782135,1.4303335547447205,1.9954200983047485,5.685737863739003,3.083964486777134,nan,12.442864533374985,0.9121747099180798,0.5424035649700328,0.41157001273357463,0.9827992772339534,0.988124283797706,1.3581733610278055,0.7236184315161464,4.70500435759292,0.0,
O168330,265956,532012,0.5272660851478577,0.9399999976158142,0.5339258909225464,0.2646297527386659,0.16640631685988663,0.02052994326261411,1.331114148597396,0.8044855036046962,0.6288269370232928,0.45432873352296604,0.005933544695023322,0.011702631167626015,0.011729756642829083,0.5058540322446297,5.300594492866738,1.0,
O168337,247479,495046,0.5167505741119385,0.9399999976158142,0.4699554890394211,0.22827878206308802,0.1370103096430034,nan,1.2069222429310726,0.7898345218427877,0.6001885431697226,0.45160066578357216,0.004128652789159463,0.008758836394992382,0.009537576047997426,0.43288281722548805,5.311859061297858,0.0,
O168368,270657,541362,1.155002236366272,1.994174838066101,1.103092610836029,2.540727174984674,1.5663945284538094,0.27497596865220086,5.92225135862882,0.7958164632602936,0.6165142577590048,0.4131913691132596,0.2574677525726218,0.4718253146501088,0.5089638308032123,0.5058665016850089,4.65993242748444,1.0,
O168535,253316,508126,0.8600293099880219,1.9936211705207825,1.0779852271080017,1.8482839763575911,0.9936592367525116,nan,5.355164919178811,0.7485495120645912,0.537611779068016,0.43236807718987913,0.09968170038748228,0.29495935866178236,0.3083955264475279,0.3232268040192946,4.674889771628963,0.0,
O168946,339951,679972,1.4333654046058655,1.9947274327278137,1.0682791471481323,3.0543952077322136,2.264073898577451,nan,7.608736278310651,0.8546664387099587,0.7412511297968052,0.5287863055772433,0.47738331413701723,0.7840966280619722,0.9137878920640958,0.5224224552359599,4.650103791483116,0.0,
O168978,313283,626848,1.431579828262329,1.9948469400405884,1.3149065375328064,3.755087262889026,2.631845444800478,nan,6.748465013428433,0.8628215568104396,0.7008746429971464,0.5866324641284609,0.6344566379992337,0.9767614827416267,1.032359246974873,0.6145696276353264,4.666731828267935,0.0,
O169157,233868,467740,0.49243633449077606,0.9149999916553497,0.4286471903324127,0.19313952608391208,0.12782985255312837,nan,1.137317437198563,0.7729591619922401,0.661852367275619,0.4397982816855221,0.0036439090370408156,0.008073458661560128,0.008737760724251989,0.41703007807561115,5.313089103912587,0.0,
O170111,226193,454498,0.2302095592021942,0.3919999897480011,0.2564173936843872,0.023139655582195665,0.015346569544790647,0.0005158111680289734,0.18268993854730087,0.8135459491343678,0.6632151239363628,0.5169041477051634,0.0001085157925193488,0.00021654471032316145,0.00021688204309411145,0.5003447540940982,6.092764530968324,1.0,
O170138,225222,451230,0.45744656026363373,1.1869999766349792,0.5799003839492798,0.3148795622545399,0.18812733503845305,nan,1.7037728614768648,0.7386222493842002,0.5974580683848135,0.4355342174203673,0.005959688759998552,0.019841873497406754,0.020366223720975535,0.29262610691350516,5.121199114434295,0.0,
O170140,231476,463004,0.510921061038971,1.187000036239624,0.6296726763248444,0.3818733805182881,0.20862658013368385,0.035033647293872504,1.743850177597972,0.7568235640455799,0.546323966992752,0.42904764691709346,0.007258531692196725,0.02261016347669138,0.022650138733849065,0.32046301250019943,5.122996799060079,1.0,
O170144,263737,527484,1.07359379529953,1.995875060558319,1.0076284408569336,2.1591049921301413,1.4499337173927314,nan,5.816414077441037,0.8049431054166488,0.671543867796002,0.49683711301674544,0.21468840107302495,0.42812355791435064,0.4594226649302087,0.46730041302084746,4.656515744901596,0.0,
O170148,381777,763572,0.6232806444168091,0.9650000035762787,0.7366950511932373,0.4430968960698832,0.28769000374603965,nan,2.0705366075334846,0.8122769544597588,0.6492710878766041,0.5196439099725996,0.01554663117519317,0.026568123295878723,0.026992349417457373,0.5759643569647311,5.265726847625088,0.0,
O170154,627975,1255900,1.55951726436615,1.9943551421165466,1.6474445462226868,5.123933552162406,3.4919379163926756,nan,15.123930426583648,0.8505035745065852,0.6814955504095103,0.45753398175542553,1.1167371277350246,1.4512285078565443,1.5046206918166423,0.742205084516486,4.618277683755323,0.0,
O170159,221767,443548,0.5141731202602386,0.9909999966621399,0.5214664041996002,0.26571089118981106,0.1824585517530264,nan,1.2743663982096394,0.7883981412078014,0.686680741372723,0.4851347601522246,0.006539109926937743,0.01439801406479697,0.014492369780655935,0.4512105353305288,5.240602609799156,0.0,
O170164,205875,411756,0.27093367278575897,0.45000000298023224,0.20342720299959183,0.02480187582820244,0.009652065905929643,nan,0.21098129983467334,0.7761404697686275,0.3891667699970576,0.74148376382437,5.459689114676273e-05,0.00010479089668512297,0.00013515241343183581,0.40396534372135867,5.98935964853186,0.0,
O170974,270252,540718,0.49003033339977264,0.8900000154972076,0.510523647069931,0.22265314883107865,0.15961148279921847,nan,1.1595133802564224,0.8289875083809286,0.7168615563587277,0.476068683779738,0.0053341502306569815,0.010731340462715906,0.010854138720442153,0.4914392903981321,5.367493152070186,0.0,
O1713794,272697,545420,0.5078996419906616,1.0000000298023224,0.5094189047813416,0.2587336870725828,0.17415856489688308,nan,1.640497822810258,0.8025262452278363,0.6731190161875836,0.47253434206728523,0.00591856079935557,0.013201018521751371,0.013365294404663133,0.4428305595191822,5.220704701850559,0.0,
O171807,303057,606144,1.241047739982605,0.9909999966621399,0.6766822934150696,0.8322368728475386,0.5369804448812293,nan,2.5514182750949788,0.7844735386305319,0.6452254909637983,0.46834715686550393,0.046933204969723745,0.07283448979162122,0.0942814953970537,0.4977986907406478,5.074742657848723,0.0,
O171808,331137,662300,1.1403682827949524,1.9935940504074097,1.5543472170829773,3.5337018068954165,1.7612423176676362,nan,6.885223872948447,0.8270745841212943,0.49841282991985125,0.4234164151872559,0.28659133624273997,0.6192400154659934,0.6285455394887522,0.4559595418907089,4.682089643990549,0.0,
O171810,534427,1068938,1.9190453886985779,1.7554073333740234,1.9947713017463684,6.719798747797302,3.0773673408687094,nan,10.46088497182821,0.8534294405357485,0.45795528353843135,0.5511752868797816,0.9120921231140504,1.1624920824309488,1.5688911456873682,0.5813609985761258,4.708319964578681,0.0,
O171813,278141,556318,1.5593653917312622,0.9130000174045563,0.6496620178222656,0.9249242239246599,0.5222792037208602,0.032433196504255433,3.4813108128097223,0.775124791762955,0.5646724241956957,0.45267223542958046,0.03990931984377409,0.08247273622198667,0.08724775194619112,0.45742519381344776,4.9025222127395685,1.0,
O171815,94982,190044,1.2612014412879944,1.9940534830093384,0.675367146730423,1.6984829490346145,0.883188383405097,0.029666958415679155,1.9465458997625191,0.7672931189189005,0.5199866056395117,0.4555699132716485,0.07482288358322625,0.2898224940106961,0.3241370979526709,0.23083714902066396,4.688376661230995,1.0,
O171818,184617,369268,0.8769131600856781,1.994838535785675,0.9749108552932739,1.7054117193194704,1.116556062314965,nan,4.344704090833311,0.7563399532473047,0.6547134921533886,0.5108896831672658,0.12552656710794213,0.334721914709583,0.33723726370025237,0.3722203345224456,4.628311486607558,0.0,
O171822,175524,351064,0.9703515470027924,1.9940310716629028,1.0187366306781769,1.9711648504943136,1.333287935326298,0.10767274171115487,3.735147820479172,0.7821602302423367,0.6763959569347772,0.48413065524843524,0.1740222917275822,0.42082684587887476,0.4230111910045127,0.4113893330205672,4.672028713511011,1.0,
O171836,183247,366556,0.7243373990058899,1.9949140548706055,0.8302746415138245,1.1997392664052058,0.6364263258704742,nan,3.876615001049994,0.7487303906320235,0.5304705311324907,0.40210500683518785,0.043458159363347335,0.16020640559002727,0.16047102808903568,0.27081623319092235,4.674584201401972,0.0,
O172448,522388,1044820,1.3509629964828491,1.9949319958686829,1.4193457961082458,3.8252494844527667,2.54849685565085,nan,10.515588064928524,0.8094541144586616,0.66623023308908,0.45622395297398294,0.5987532360379498,0.9967589554107161,1.110702860799157,0.5390759825784041,4.696159627193915,0.0,
O172455,200898,401804,0.2583537846803665,0.5160000026226044,0.2711649686098099,0.03614915207487829,0.02260263485352823,0.0023954233852436935,0.3182129481149844,0.7872370172245876,0.6252604433628153,0.5100926437918614,0.0002004940199039101,0.0004509248875402132,0.0004631751955688395,0.43286864629630545,5.800257766083927,1.0,
O172488,345559,693648,0.27124981582164764,0.45000000298023224,0.28872570395469666,0.0352425575427114,0.02157062714868378,nan,0.36247852488132826,0.8046255484095786,0.6120619118672577,0.4524266579017875,0.0001986137012880407,0.00037143951740569017,0.00038918198195531334,0.5103363220727056,5.979239926747727,0.0,
O172491,212760,425552,0.49381671845912933,1.2000000476837158,0.5614108741283417,0.3326809039027457,0.18787944563941963,nan,1.636119813856114,0.753634205889342,0.5647437031562935,0.42445910992564573,0.0059414464961552674,0.019621700874651007,0.020063727163092526,0.296128752542281,5.114074877550852,0.0,
O172495,235940,471964,1.2149695754051208,1.9947728514671326,1.131546437740326,2.7424027349974827,1.9790865169110752,nan,5.391519823005872,0.8094883339489481,0.7216615166163375,0.5445201734753217,0.36194938488319595,0.6996691654199352,0.7274429000394883,0.4975639804355063,4.64109036876137,0.0,
O172498,228048,456140,0.8611527681350708,1.9937741160392761,1.0162792205810547,1.7448946107772678,1.0680261412653118,nan,4.965644886135158,0.7676360860937633,0.6120863315576158,0.42057748030096226,0.11496441052722563,0.31356823365394443,0.3156681684673669,0.3641938656197145,4.662050609665739,0.0,
O172502,422395,844824,1.3013502359390259,1.9945114254951477,1.5327898263931274,3.9784447646251158,2.877118946167254,nan,9.143571869140523,0.8143375868553264,0.7231767980668099,0.5583553172684367,0.750399743188797,1.1573935045991524,1.241869059409136,0.6042502931394609,4.66460288587235,0.0,
O172504,180969,361938,0.16182292252779007,0.42000000178813934,0.1726401299238205,0.011733594805292489,0.006495568266098995,0.000577241601733336,0.1729558276329635,0.7553525257368198,0.5535872316955364,0.38770047556656284,2.178449189514182e-05,7.31655357629319e-05,7.449918513499398e-05,0.292412485528102,6.019668986706785,1.0,
O172510,313236,626598,1.2260410785675049,1.9944873452186584,0.9943665862083435,2.431547897264813,1.5159429659785502,nan,7.180365388270774,0.7811852461356511,0.6234477090431969,0.4976083029226831,0.22680444113031695,0.48245777433626524,0.5257165899830454,0.4314196003166488,4.639725124613738,0.0,
O172519,255748,511536,1.1222530007362366,1.9931536316871643,0.9131869673728943,2.042637286906879,1.169351946137348,nan,5.779215248889196,0.7615758839852523,0.5724716539900592,0.46383794092538677,0.13796662786695874,0.35256835878015563,0.3896181124164782,0.3541073257895176,4.645943375911445,0.0,
O172534,108479,216900,0.9076326191425323,1.9941306710243225,0.6753091514110565,1.2222677245018088,0.6322296560018152,nan,2.2326623555447087,0.7383457285120751,0.5172595523288561,0.49781329675656966,0.039949439810999965,0.18923678635703015,0.20929254965670302,0.19087846116131685,4.6865226231611095,0.0,
O172546,276445,552912,1.0641473531723022,1.9947370290756226,1.1074445843696594,2.350766118282187,1.3263031536363175,nan,5.883967141815703,0.796354921323272,0.5642003869808657,0.4815851920189348,0.1698422994818345,0.4165326552613864,0.43705268650447704,0.38860829535272673,4.671938500550872,0.0,
O172667,186355,372742,0.8829152584075928,1.9944595694541931,0.8270003497600555,1.4562969920505637,0.8007075052822793,0.11779889114575416,4.140450564126359,0.7800444059389329,0.5498243213115681,0.4207322911443232,0.06919508545468425,0.20250894259849175,0.20610114653514192,0.33573362699797465,4.653293445940274,1.0,
O172749,220201,440454,0.906063586473465,1.995065450668335,0.9328533113002777,1.6862780321992812,1.2741875669168194,nan,5.126453338452195,0.7865078763771841,0.7556212810618163,0.5054532267333536,0.15207675375339924,0.40918856380629376,0.4098102051041248,0.37109069481263773,4.633002278172796,0.0,
O1741693,334115,668220,1.9940127730369568,1.5578993558883667,1.0579474568367004,3.286483321378481,1.9055022964100654,nan,6.331530548439211,0.8320932453833517,0.5797997768663017,0.4709468533698642,0.3674071652579727,0.625802505286879,0.7758085167529979,0.4735797008206187,4.7223872670017855,0.0,
O1741698,497119,994232,1.6603618264198303,1.995095670223236,1.2999710440635681,4.306258979286481,2.5278774554221206,nan,10.541215966109306,0.8556347754315522,0.5870240195913562,0.37221087800156655,0.6201553623701327,0.9164561243315061,1.004057465370888,0.6176492718382947,4.673569651136199,0.0,
O1746389,232690,465392,0.399460107088089,0.8599999845027924,0.4249828904867172,0.14599678878134603,0.10104677180926336,0.0034876576019869086,0.9889178054285737,0.7790595422757568,0.6921163996325793,0.4683662533286773,0.0023715955904293875,0.005716606647779229,0.005768576720937422,0.4111231773725966,5.37161752318962,1.0,
O1749965,202319,404698,0.4394530951976776,0.75,0.42972828447818756,0.14163406853094573,0.059915465232834926,nan,0.563143010520681,0.7987202982120785,0.42303003687099444,0.48211585567243825,0.0010435337033742862,0.0023107927160477435,0.0024279295829476447,0.42980394106297637,5.555417971545093,0.0,
O176022,333834,667762,0.5940893888473511,0.9699999988079071,0.5881398320198059,0.33892540394406095,0.23053619594768546,nan,1.7307104864438223,0.8293573923522717,0.6801974513121332,0.46265117435552333,0.01059308717156077,0.01833836757815802,0.018955275532537365,0.5588463830756446,5.285306141103745,0.0,
O176156,410396,820824,1.2232219576835632,1.9944719672203064,1.8263769745826721,4.455778855297995,2.3770973310330303,nan,8.897953234492004,0.8117943058232873,0.5334863798742217,0.4505940400057354,0.488396268348491,1.0038919969440239,1.0223122838740208,0.47773686773842566,4.663913000323051,0.0,
O176160,220606,441216,0.9123000800609589,1.99459308385849,1.039606511592865,1.891738109258278,1.1390796195098734,0.08913287707207834,5.198237303281613,0.7835538307679498,0.6021338862579078,0.508284986982002,0.12970745948573334,0.33455415892790535,0.3363283526706546,0.3856572259096686,4.627761218649631,1.0,
O176163,190512,381032,0.8450839519500732,1.994416356086731,1.0372592210769653,1.7482477824802778,1.0642171227662223,0.07731097729931642,4.508840043033611,0.7681923575797623,0.6087335750864754,0.5199660029577304,0.11248174450564319,0.3161317579922311,0.31794536460597045,0.35377695990328956,4.625857507864641,1.0,
O176164,185858,371712,0.8707114160060883,1.992548644542694,1.0776681303977966,1.8696839980482427,1.1171952392111224,0.10186771092476593,4.371264101776584,0.7836037014794048,0.5975315830789368,0.5135099868838908,0.12496869506521689,0.3244651339732129,0.331434046412578,0.37705448917475576,4.628574213076725,1.0,
O176165,183232,366472,0.8703418672084808,1.9949935674667358,0.9829299449920654,1.7066872389644918,1.055840490571321,0.09966324999774245,4.298705622039419,0.7678738948567045,0.6186490801981605,0.5204961702941326,0.11233495925714446,0.30604415493857084,0.30997188636398887,0.3624037023965249,4.629663616618948,1.0,
O176173,315069,630136,0.28989095985889435,0.4529999941587448,0.16097038984298706,0.021138728679085585,0.011718406753129323,nan,0.37244623342814687,0.6850580618301849,0.5543572147138338,0.45247546393317895,9.217633789782136e-05,0.00013848760326345562,0.00020528009064228118,0.44902716873039006,5.927342087958791,0.0,
O176176,323539,647100,0.3281996101140976,0.5099999904632568,0.32008855044841766,0.05357699710230736,0.03774911532821379,nan,0.48099011759653243,0.8230912062839885,0.7045769149049244,0.5369941000598091,0.0005311977403222426,0.0008808021881138914,0.0009028594370102338,0.5883504325781573,5.827790485365774,0.0,
O176177,437892,875830,0.5350559651851654,0.8540000021457672,0.3940685987472534,0.1800648367543356,0.1099178638088672,nan,1.8985109625806555,0.7933084310973377,0.6104349177226053,0.39604240450832484,0.0029709998558740762,0.005735062833196542,0.006712111205632962,0.44263269258422644,5.362953901757203,0.0,
O176184,291591,583612,0.20840944349765778,0.39000000059604645,0.34217602014541626,0.02781195847783801,0.018229580659653365,nan,0.23062652745187434,0.8129276493323064,0.6554583588271796,0.5504860658086914,0.00015632643276270502,0.0002744423425566789,0.00030994812085788056,0.5043632215934125,6.10186485542007,0.0,
O176187,419126,838284,1.437069058418274,1.991867184638977,1.6341159343719482,4.677576299445306,3.334856598264605,nan,8.976505214709528,0.8390076934221516,0.7129454197593893,0.532680377332806,1.0250314528968365,1.3995183010239742,1.4261890873406244,0.718720583403274,4.6692373151131665,0.0,
O176200,187614,375240,0.9496311843395233,1.994142234325409,1.0818463563919067,2.0486920683181253,1.2364629806865313,0.10716135990821696,4.03583984816318,0.8172620271582064,0.6035377399111064,0.5088865994887767,0.14813120436299027,0.37179302301901185,0.3749705335181541,0.39504758673475476,4.667331318813042,1.0,
O176204,346355,692712,0.40894392132759094,0.45000000298023224,0.3539317846298218,0.06513221378139987,0.043452218887982556,nan,0.4035820920428382,0.8502718790566774,0.6671386763210468,0.7267077108788487,0.0007213652735433609,0.000989048186492355,0.0011549117317822257,0.6246064125006083,5.9335895742684475,0.0,
O176205,140752,281496,1.072954535484314,0.4399999976158142,0.45714837312698364,0.21581974377834218,0.16416968463587514,0.013779326242844328,0.9451326619799867,0.8135412498003125,0.7606796383026279,0.6978122030010564,0.0047741372445634,0.013276999862675599,0.01370537692604159,0.3483404557442022,5.172961802813523,1.0,
O176207,140740,281472,1.1709141731262207,0.4399999976158142,0.562590628862381,0.2898479484707291,0.22117840319757806,0.01749391396507443,1.1683397224166219,0.8142606507730826,0.7630842459452986,0.7017492593405746,0.007926843101346977,0.0215078313711935,0.022446538504676938,0.35314322962069844,5.080848404155982,1.0,
O176209,288570,577160,0.5391726791858673,0.8190000057220459,0.4914553165435791,0.2170180316076735,0.16328168774862858,0.013539895368373328,1.0901749408047596,0.8341930720485292,0.7523876543300798,0.5306276094772078,0.006048961163364991,0.009735662580566936,0.010764045385805906,0.5619598344820713,5.422754984513825,1.0,
O176214,332476,664948,0.6427384614944458,0.7874000072479248,0.6214930415153503,0.314532823696905,0.13595921267825042,nan,1.2480822941389915,0.779772856521024,0.43225762920459315,0.4829467851023361,0.0046854404333737006,0.0076079121520074,0.009004830099075873,0.520325245653946,5.425517078801115,0.0,
O176216,261322,522612,0.5605582892894745,0.7874000072479248,0.6340191662311554,0.279845662725456,0.15443129972100933,0.011367987589996922,0.9972319331076012,0.8054760329830588,0.5518445353663205,0.5546218836894231,0.006082773972474639,0.008651815343251885,0.009392391125848967,0.6476278394895767,5.4183797964349365,1.0,
O176218,216750,433492,0.8560647070407867,0.7874000072479248,0.44159048795700073,0.29766084970437773,0.16392788101543684,0.008154479307197801,0.9629028034832259,0.7897631090816133,0.5507203287843935,0.5851062702058448,0.007561288687729327,0.008418988753814204,0.011436514489161786,0.6611532469000977,5.35237665499597,1.0,
O176223,353801,707616,0.23066121339797974,0.32500000298023224,0.2204975262284279,0.01652957391068345,0.012729377620098311,nan,0.21138115472461438,0.8222957778549015,0.7700971415767116,0.5889092466797535,9.195191939982472e-05,0.0001336907495457695,0.00014263901145693822,0.6446477612303447,6.22369279006796,0.0,
O176231,368271,736562,0.7840659916400909,0.8900000154972076,0.4998369961977005,0.34879562524655355,0.22375167050868436,0.021078165083578817,1.5081737276188667,0.8215026608873293,0.6414979269035291,0.4769069123642395,0.010432825165528372,0.01667369643240022,0.01977636145399644,0.5275401741517062,5.387716149982911,1.0,
O176851,895723,1791448,0.45453059673309326,0.5200000107288361,0.2954799234867096,0.06983842773236543,0.06384547080668791,nan,1.3185509032466172,0.8248736457592969,0.9141882611011276,0.5394851496152976,0.0013985995263872814,0.0018568375295648332,0.0023647829070837997,0.5914282965246923,5.832076825403863,0.0,
O177076,266734,533532,0.28907468914985657,0.5000000149011612,0.249256893992424,0.03602693064834553,0.02658285435442412,0.0021536864362629413,0.3929280191015283,0.7829816172146716,0.737860646911504,0.47198669744294947,0.0002733472988371745,0.0005434051194419769,0.0006142485812952821,0.44501087533773365,5.831765378989471,1.0,
O177077,371100,742360,1.9953157305717468,1.5147543549537659,0.8442154824733734,2.5515680114485173,2.0904524168244216,0.1557669022240116,8.578140742641576,0.7582147404755295,0.8192814800330085,0.4487868805845519,0.4255289261007317,0.7904471441672462,1.0018008734130621,0.42476397994242693,4.636097786862706,1.0,
O1779707,406688,813408,0.9582116305828094,1.1700000166893005,0.6490329504013062,0.7276357887752868,0.39514156108684695,nan,2.921058564009129,0.8060327312710808,0.5430485514627115,0.49671212269462056,0.022223743446909278,0.05485220245793901,0.05568661860250393,0.3990858846277658,5.143721093831686,0.0,
O1779763,341641,683296,0.6331676542758942,0.7600000202655792,0.4538353383541107,0.2183889368494084,0.133813318456664,nan,1.1425540382272121,0.8348138983896806,0.6127293826652762,0.5097125520925819,0.004765988177935272,0.006349923852438379,0.008119450819719737,0.5869840564044185,5.475693234781539,0.0,
O1779764,416150,832320,0.6305497288703918,0.7600000202655792,0.5225265026092529,0.2504040045334541,0.17281736308787424,nan,1.4110119658551383,0.845851459873908,0.6901541507287905,0.4888973170498243,0.007459578920766153,0.009502923408888279,0.010968709090055644,0.6800781075987412,5.469719202236006,0.0,
O1788540,422616,845228,0.3184869885444641,0.5000000149011612,0.31635767221450806,0.05037790266464613,0.03633428164009074,0.023808285979941664,0.5748454945806151,0.860748379557328,0.721234503984009,0.5252089804227789,0.0004216991411164093,0.00096166198280123,0.0009643193514924753,0.4373023733929495,5.866394803292209,1.0,
O179299,314938,629956,1.4187085032463074,1.0600000023841858,0.5614900887012482,0.8443862110279435,0.6491604032747231,0.06311019350326108,3.592355701549331,0.7847810129701005,0.7687955994502145,0.578491134773033,0.06573052836512704,0.10359105110457603,0.14345003445278282,0.4582120082150452,4.942845732862007,1.0,
O180087,250566,501140,1.4072816967964172,1.9948683381080627,0.9266894459724426,2.601533924385694,1.874441622380899,0.1770391010679103,5.468211135257001,0.788348422174457,0.7205140032235079,0.5578136917437899,0.34854996549824413,0.6222970980344115,0.7279446114447575,0.47881385481578637,4.661076865090343,1.0,
O180088,602882,1205800,0.35815152525901794,0.2900000065565109,0.2567760944366455,0.02666977806600397,0.020887692133254438,nan,0.43797868700918896,0.8471273029370675,0.7831970735399567,0.5233450045867376,0.00021124041259577004,0.00030109633959804927,0.00031311333205136206,0.6746452193901437,6.138779340198258,0.0,
O180089,273526,547092,0.5091347694396973,0.8700000047683716,0.383064940571785,0.16967756270263248,0.13716227791671068,0.007836577236604657,1.1418794790024305,0.7811847008088459,0.8083701565014445,0.46941082574016657,0.004220173592892911,0.00854948362079742,0.01001621888256303,0.42133400261846304,5.379378346258936,1.0,
O180090,220551,441128,0.4783460795879364,0.7800000011920929,0.37332087755203247,0.13928973121304725,0.09932181408917655,nan,0.7628614008272001,0.786095588442413,0.7130591266434513,0.5167843858208973,0.002614600490413033,0.00465640675879556,0.005574610079383485,0.46901943870165547,5.461063390183543,0.0,
O181054,311121,622268,1.4428952932357788,1.9918614029884338,1.130027949810028,3.247753939839577,2.388139328274067,nan,6.964290437794148,0.7893946064927756,0.7353202774936912,0.5309912646507031,0.5819441291324936,0.8143100419304465,1.0464000305484062,0.5561392509014964,4.650052451464539,0.0,
O181055,630316,1260690,1.7008047103881836,1.9947477579116821,1.9941085577011108,6.765365008237477,4.8555820927114,nan,13.887437258778753,0.8520471445813639,0.7177117696974614,0.47347582401362703,2.0276770505482786,2.4114370161647756,2.615524924149668,0.7752466940101883,4.656936221556759,0.0,
O181056,438321,876644,1.5206803679466248,1.9949111938476562,1.3868102431297302,4.207058463174873,3.068297438773058,nan,9.352559502800109,0.7993388434247565,0.7293213216860209,0.5402969413009534,0.9309337734237826,1.177358027140298,1.419224330164865,0.655945472211317,4.670861798296673,0.0,
O181061,437220,874480,0.5525133609771729,0.8299999833106995,0.637464165687561,0.29233219313173503,0.1841518503236852,nan,1.532250157697073,0.821391520446664,0.6299403714345617,0.549455142613692,0.007447624142603995,0.0121894399445879,0.012943294921106543,0.5754040364528205,5.455370345187298,0.0,
O181062,335183,670404,0.30467604100704193,0.39000000059604645,0.2760723978281021,0.03280393167875406,0.023608293932083718,nan,0.27263597517200244,0.8520597563739674,0.7196787922642203,0.5403598815867127,0.0002466653171251686,0.0003760002396531282,0.00040597023736758145,0.6075945831019827,6.089698821926039,0.0,
O181063,212890,425780,0.273410826921463,0.4299999922513962,0.2094830498099327,0.02462822112226163,0.015205969325099907,nan,0.2085081983014916,0.7747848983712707,0.6174205294654886,0.5772244346065544,0.00011393667914279146,0.00021649356044221757,0.0002651913997564562,0.42963941985836446,6.009032126367121,0.0,
O181067,350550,701120,1.329844892024994,1.9946638941764832,1.2691726684570312,3.366599286192652,2.515527258669399,0.5579504881348633,8.172393365095923,0.8194233805580803,0.7472012689440846,0.5341341962621943,0.5991768632646751,0.9090451759485795,1.0215583126001233,0.5865322183514116,4.6324007089134644,1.0,
O181068,363812,727678,1.9949437975883484,1.5440531969070435,1.847398817539215,5.690541373746102,2.8110784457618845,nan,7.557913770602458,0.8600426958750007,0.49399139047316026,0.6072100233363916,0.6959124458066343,1.0791032473643196,1.1890746025855299,0.5852554955706216,4.682475087085841,0.0,
O181071,276008,552046,1.9952625632286072,1.3492650985717773,1.4951619505882263,4.025182511236785,2.175620417555237,nan,6.192445194366151,0.827688425248758,0.5405023030587379,0.5887351995332427,0.4156875695456059,0.8172964907569694,0.9008450204870486,0.4614418241673371,4.64905949853482,0.0,
O181072,220014,440056,0.24926844984292984,0.3999999910593033,0.2202623412013054,0.0219617804491255,0.015142337311852208,0.0010202566796147692,0.1897173635751452,0.8218936122048818,0.6894858705526838,0.5164240058786524,0.0001136365741178981,0.00019509599830624046,0.00021429518408533477,0.5302805781797072,6.06434323605605,1.0,
O181073,210196,420412,1.2849372029304504,1.9940761923789978,0.9491495788097382,2.4319705483299914,1.6580759768488849,0.1064072103714192,4.66858115656476,0.7966327754263309,0.6817829179664483,0.5177559831090496,0.28466395562315217,0.49982584673770075,0.5918201840276958,0.48099737607095633,4.653439534415545,1.0,
O181076,292020,584890,0.37113630771636963,0.5450000166893005,0.318819597363472,0.06448741484000904,0.03765060823950644,nan,0.4323318864519814,0.8192664850548858,0.5838442792739675,0.5301019777635467,0.0005285857663986037,0.0008639068689756871,0.0009625129119561151,0.5491726498757911,5.829595328709853,0.0,
O181078,262933,525856,0.5795790553092957,0.8119999766349792,0.3758407086133957,0.17687747002049312,0.09203213739194467,nan,0.9254415749873548,0.8503011365476612,0.5203157721629655,0.45261284119649475,0.0021191778258531926,0.004327860479154433,0.004857320758558678,0.43628533736817093,5.453496090578334,0.0,
O181080,787884,1575784,0.9117419421672821,0.8950000107288361,0.8090236783027649,0.6601706415588107,0.3732355766788616,nan,3.180159998968782,0.8549689321075299,0.5653622763314177,0.45690608695949037,0.02625238078825097,0.034933894266848606,0.04129095574703138,0.635790097693207,5.394013310519869,0.0,
O181083,363954,728208,1.294796347618103,1.9954606294631958,1.1125727891921997,2.8745711540522314,1.8761854297608587,nan,8.156545207888096,0.803510524587739,0.6526835932086892,0.5007795322558206,0.33823813364184463,0.622182394996856,0.6844829748608807,0.49415127339082554,4.649540249193223,0.0,
O181090,220985,442036,0.560012698173523,0.9399999976158142,0.5033519864082336,0.26497049312504606,0.1683650240587411,nan,1.1004311303376713,0.7903554075050027,0.6354104642862461,0.46407526227107937,0.006093655401589737,0.011825005080429591,0.012569507494516225,0.48479667196572757,5.302799927940374,0.0,
O181095,446950,893962,1.3602039813995361,1.994714379310608,1.4200141429901123,3.852808558521911,2.6559433923749673,nan,9.461854699770024,0.8242938344291103,0.6893525468584123,0.43882845412736093,0.668131888439002,1.012121341220308,1.0609219960386658,0.6297653276430434,4.674282667059104,0.0,
O181097,218332,436692,0.2349792867898941,0.4300000071525574,0.2794749438762665,0.028238454354421363,0.01473519528845258,0.0013026815639973436,0.2059540362961899,0.8302526572510869,0.521813095841255,0.5706275400466133,0.00010693406882243429,0.00019532049359097554,0.0002105622315088851,0.5078501878335289,6.025347085385934,1.0,
O181446,210858,421746,0.8731790781021118,1.9946429133415222,1.1114142537117004,1.935728488893506,1.3754560251952563,nan,4.392274208894921,0.8009699956031663,0.7105624745862419,0.5181877137680437,0.18428763439231372,0.42308625167616576,0.4633666047297772,0.3977145364193547,4.681300637678511,0.0,
O181568,420854,841784,1.5658001899719238,1.995287299156189,1.1344707012176514,3.544337451902496,2.1846773500694234,nan,8.781687455998117,0.817337338211518,0.616385256685069,0.3702827234664314,0.44503106099526013,0.7874720092479544,0.846057003421163,0.5260060010090429,4.680553482958791,0.0,
O181599,240438,480912,0.30485890805721283,0.5479999780654907,0.2796783894300461,0.046723819857856425,0.03233142859227089,nan,0.3702471568834458,0.8189883668448602,0.6919688649307744,0.504776091855465,0.00036608932121499405,0.0007826897073435121,0.0008235313307897998,0.444535997026245,5.812511374511732,0.0,
O182002,416584,833232,1.1621570587158203,1.969727873802185,1.0387847423553467,2.3779165918171064,1.6344568013897527,nan,8.624953443908751,0.7870606999893962,0.6873482472069249,0.4733105054750794,0.2439719003839136,0.5846678805963668,0.6026510571267838,0.40483111661179344,4.683945826213688,0.0,
O182189,383819,767980,0.30395810306072235,0.6399999856948853,0.2859310209751129,0.055623071231486444,0.02570573483730144,nan,0.7597983319714642,0.8743414711106957,0.46214159463295235,0.4502724035995965,0.00021321992604450755,0.0005849753159691438,0.0006077782762093665,0.3508186034129622,5.7034281338057795,0.0,
O182284,168677,337352,1.9951751828193665,1.3428807854652405,0.06353145837783813,0.17021871933556973,0.11687380334691182,nan,4.436422551443377,0.23641103479826797,0.6866095797402072,0.5153239862805962,0.014744674640254442,0.03105169794548689,0.04574544149101057,0.32232008610414037,4.580022964025707,0.0,
O182332,432017,864044,1.3712900876998901,1.989174246788025,1.294484555721283,3.5310107355280183,2.295604329611789,nan,10.005022902327106,0.8197324721320062,0.6501266922000764,0.3881089746464593,0.5264893265713027,0.7804423605615664,0.853422125229108,0.6169154876667422,4.635282749661314,0.0,
O182425,256580,513194,0.3072870224714279,0.4299999922513962,0.2670206278562546,0.03528234804334363,0.018895869145388888,nan,0.2390246364621582,0.8507382909595257,0.5355615539582486,0.5461073369703594,0.00017012659561142486,0.0002666889486361938,0.0002998184739596572,0.5674319976504072,6.030780134461145,0.0,
O182426,258238,516480,0.27979327738285065,0.4299999922513962,0.2715543955564499,0.03267100996906509,0.019267176518158947,0.0016130796435817746,0.24876249011362525,0.8418818637594072,0.5897331161908458,0.5550479817044426,0.0001724127368382641,0.00028317719158876646,0.0003108090351624659,0.5547224093667054,6.016235254080967,1.0,
O182427,266902,533808,0.2989474982023239,0.4299999922513962,0.2919929772615433,0.03753494444296412,0.021287909107761932,0.0017423043471550919,0.2536047752132434,0.8463027834863235,0.5671490773114046,0.5427291693281675,0.00021232263271961426,0.0003220966695158402,0.0003515020877592098,0.6040437314985795,6.022194401366586,1.0,
O182429,239941,479892,0.28328627347946167,0.4299999922513962,0.25205153971910477,0.0307031782537963,0.017792636287626954,nan,0.22748842469350797,0.8344380705676264,0.5795047060128695,0.550315173083228,0.00015097023699848093,0.00025005357821043865,0.0002809443560367667,0.5373670399654646,6.023145161201812,0.0,
O182430,236649,473304,1.3015244603157043,1.9957794547080994,1.1913739442825317,3.0946602723701,1.8190955361417,nan,4.852561839957771,0.8333556626485296,0.5878175231003673,0.5598035763888997,0.3447005986359777,0.5459529546502142,0.6115973435392792,0.5636070893330158,4.688133594976828,0.0,
O182804,527720,1055474,0.6304432451725006,0.6730000078678131,0.6113975942134857,0.2594088513518485,0.21274689239610312,nan,1.3210719773171655,0.83815765384121,0.8201219476028767,0.5819713221845842,0.011627665350696672,0.012787622350728561,0.013647374024096617,0.8520075239504811,5.601477073395908,0.0,
O182807,411866,823756,1.994427740573883,0.5844098329544067,1.9941383600234985,2.3242942536699336,1.0094585564254526,0.05197266782718626,7.9403873525767,0.7108215610134838,0.43430755586629044,0.602337234106027,0.1716335660438375,0.2000470374111641,0.3249875715157661,0.5281234763634985,4.714914252990878,1.0,
O182810,226724,453484,1.27564537525177,1.9937005639076233,0.9572225511074066,2.434460947309524,1.2434152902471516,0.1751279797124241,4.957664929489317,0.8224122940063278,0.510755899215113,0.5072367445682205,0.16665557326187225,0.3221280749089663,0.3810187369087719,0.4373946924866714,4.660220324011318,1.0,
O182827,361937,724052,1.987704336643219,1.9394274950027466,1.0222193002700806,3.9406640325479256,2.32128208133433,nan,7.2023592388531394,0.7657180522118514,0.5890586109756362,0.40182521279984024,0.685755224447405,0.7093509305636307,1.1552210301574286,0.5936138682949298,4.701158203028905,0.0,
O182890,193951,387936,0.787024199962616,1.9944030046463013,0.7747831046581268,1.216133209231283,0.7412115994568539,nan,4.125406851323319,0.7520200034075198,0.6094822457199185,0.4135897031768206,0.05828030441189781,0.1936989536723861,0.19743844681056613,0.295182145895907,4.672225237629416,0.0,
O182893,379699,759424,1.1968221068382263,1.9946550726890564,1.1078795194625854,2.644782376618469,1.9165519721183353,nan,8.963479697846068,0.793683022829813,0.7246539409298299,0.48669482729911817,0.3594354986417905,0.6330272133538167,0.7134468995120771,0.5038013324994568,4.626962814206089,0.0,
O182956,304343,608684,1.9952592253684998,1.4216371774673462,1.0033354759216309,2.8459958866394923,2.673455604751023,nan,6.56843931652714,0.8157078246464076,0.939374374116822,0.5418517860588885,0.6601174196728823,1.0204093283296984,1.2409368430001977,0.5319508590597766,4.665901125298214,0.0,
O183209,271809,543666,0.37201641499996185,0.9399999976158142,0.42252087593078613,0.1477536190600723,0.10116394236679528,nan,1.3425442981230606,0.7772516642367194,0.6846799625643347,0.4773043087080296,0.0020869623996518983,0.006698411951950994,0.006882867328400654,0.3032111909291789,5.306335208333226,0.0,
O183932,311602,623224,1.0817005038261414,1.9949448704719543,0.9971902966499329,2.15186972027663,1.5410134250006327,0.19629160333263662,7.567497271592843,0.789828398554541,0.7161276588819375,0.47376376371361845,0.23584594475843026,0.4750228402495256,0.5219360500360444,0.4518675127769829,4.614647963457441,1.0,
O183941,304642,610886,0.5695574879646301,1.1800000071525574,0.6919932067394257,0.46507329959157034,0.28761709816873166,nan,2.2288850853501305,0.7791472115010957,0.6184339079911025,0.42016451285811257,0.013611319919522037,0.03249772339084507,0.03258518494418948,0.4177149812970197,5.135702099760413,0.0,
O184212,534295,1068632,1.9948973655700684,1.11235111951828,1.367075264453888,3.0335759903950614,2.4941253887375434,nan,13.031813393283544,0.8426044461252196,0.8221733678781966,0.5779623482201852,0.5540433973916286,0.9401060905561212,1.0462351305398023,0.5295591604783633,4.61277625747641,0.0,
O184495,491691,984068,0.6431045234203339,0.5109999924898148,0.41294269263744354,0.1357038732288452,0.09956614661089302,nan,0.9674338894325405,0.8456682381606907,0.7337015830269557,0.5311856048298386,0.0028950891429319527,0.003955520196483107,0.004259668585905204,0.6796512650095593,5.706070962204153,0.0,
O184522,422324,844676,0.3739222139120102,0.5774999856948853,0.40616272389888763,0.08770680832382018,0.06021756443265691,nan,0.72474410689343,0.8224246508121943,0.6865779930142835,0.48749671597731764,0.0011614054971377048,0.0018845678768294033,0.002046349786288155,0.5675498416350226,5.7654610697238375,0.0,
O185727,474079,948156,0.4590235650539398,0.6349999904632568,0.48075465857982635,0.14013034837943028,0.09000820117491111,nan,1.1143463389133959,0.8352863579351056,0.6423176864671479,0.4759510127982151,0.002363860732297234,0.0035502566334232885,0.0036437748095309664,0.6487395231214946,5.62883052748603,0.0,
O185882,241841,483686,0.5257611274719238,0.949999988079071,0.5802967548370361,0.28984259864980244,0.18397869936473746,0.026110197330764483,1.2023758314496606,0.8334297409231385,0.6347538292224143,0.49212116920625293,0.007019370838447579,0.012789566216703045,0.013620490081164147,0.5153537645576136,5.303489691898705,1.0,
O185953,232050,464104,0.3037853538990021,0.6159999966621399,0.3222121596336365,0.06029613399931658,0.04281546102209754,nan,0.5147950021688571,0.7895297287033313,0.7100863385798968,0.43070755074766087,0.0005780952771424306,0.00132167413979037,0.0013331120994955021,0.4336434103037567,5.653947250802853,0.0,
O186014,225779,451584,0.47570522129535675,1.1700000166893005,0.46821874380111694,0.26059890204469316,0.171244214832028,nan,1.8142455368949812,0.7610519247437709,0.6571179444288654,0.4613918322655758,0.004923198055825403,0.0164254570221017,0.01671040238035829,0.29461876164108525,5.09498748179392,0.0,
O186042,267053,534112,1.9947368502616882,1.1139042377471924,1.0127479434013367,2.250271070387542,1.553082362266755,nan,5.870185715988808,0.8200193535776733,0.6901756782569678,0.5340643055114277,0.21188838338236676,0.5364583605469647,0.5617562128876948,0.37718921219074625,4.6579456197696025,0.0,
O186091,355309,710636,1.2656211256980896,1.9950165152549744,1.3359479308128357,3.37318175257632,1.948152639598515,nan,8.469697658038147,0.7689622287778285,0.5775415564579593,0.4271458562751934,0.3752934235345998,0.6771296743821005,0.7872209561297612,0.4767320034005021,4.622738300695908,0.0,
O186256,322372,644764,0.2962542921304703,0.5,0.307865172624588,0.04560318939376118,0.033425097364354374,0.005683059256409949,0.46234559263333697,0.7948654144422819,0.7329552561717789,0.46501589754463346,0.0004350479520896273,0.0007386175573359371,0.0007816204893185148,0.5565974255216112,5.843390591593479,1.0,
O186284,237640,475322,0.38053278625011444,0.6875,0.419172465801239,0.10966234560233995,0.06295501748899598,nan,0.6419738729882711,0.7873464668990163,0.5740805300415959,0.4965161760858056,0.0011434995579733026,0.0023927437626745434,0.002448918603755684,0.46694061461235226,5.568402190165259,0.0,
O186405,363166,726368,1.2996588945388794,1.9879531860351562,1.706700086593628,4.409534520965378,2.4824327891834916,0.24958756696424847,7.691199720927379,0.8361984718008545,0.5629693513863258,0.4422973969384203,0.5993277302827602,0.8803755568126143,0.9672985508077464,0.6195891948584946,4.674111093599225,1.0,
O186502,298906,597836,0.35857513546943665,0.5649999976158142,0.3161204755306244,0.06404441215074738,0.047040004076847525,nan,0.5504495403059863,0.8089539439347068,0.7344903715584902,0.4821340002117013,0.0007504935146172494,0.001285465788582307,0.0014125163466472065,0.5313166933597934,5.734817119437507,0.0,
O186536,188125,376268,0.3902207016944885,0.9210000038146973,0.41392964124679565,0.148763526385939,0.08226834851860147,nan,0.9107032729734168,0.7374699123078584,0.5530142402323248,0.4140444131790019,0.0014998229141261988,0.005112316227003508,0.00547516389921974,0.2739320578768312,5.315069615549799,0.0,
O186587,225388,450772,1.1695638298988342,1.9946666955947876,1.0600309371948242,2.4729355941368296,1.6116615143937418,0.15438248508713592,4.640208305568572,0.7804032519579039,0.6517199712822636,0.4286200095036004,0.2547695110560267,0.5451377322689099,0.5457497111514401,0.4668248207012439,4.686393312735532,1.0,
O186604,230786,461560,0.3343161791563034,0.5849999785423279,0.3263480216264725,0.06382550050314237,0.04072861533627848,0.004399933761554023,0.430037318788624,0.8023800428177824,0.638124495933616,0.41136157777809934,0.0005508285796902216,0.0011532921180204072,0.0012200170324908972,0.45149253249817345,5.729703314556894,1.0,
O186731,349752,699528,0.324355348944664,0.5399999916553497,0.3266719877719879,0.057217214671303446,0.04562367049934149,0.00606729737749808,0.5643720351010759,0.8171339933735736,0.797376642002524,0.42178085143198535,0.0007317284488848071,0.0012164043226041612,0.0012427062026267354,0.588818537590089,5.792194720493154,1.0,
O186909,476852,953728,0.3702063262462616,0.4514999985694885,0.3894011229276657,0.06508767955236108,0.049937989936806475,0.005804651239294154,0.5486723269216207,0.8570386499350929,0.7672418233412801,0.5455834622048988,0.0009122228864870377,0.0012577250467552682,0.001296911992462251,0.7033807164934437,5.939070551999383,1.0,
O187940,453419,906872,1.9948917031288147,1.9642507433891296,1.4218448400497437,5.571452811206884,3.096797599693462,nan,9.234858199315351,0.8468284897005333,0.5558330483324395,0.4222059244360015,0.858137735052379,1.2643006226610238,1.330300418952983,0.6450706342915977,4.691069483518778,0.0,
O187970,210978,421960,0.3239384889602661,0.6099999845027924,0.34905068576335907,0.06897327879491957,0.04216080530715968,0.006191683002386035,0.40872730394342344,0.826476847646761,0.6112628838846089,0.5093654918623356,0.0005632343549846967,0.001218126685298803,0.0012695922508973664,0.4436340522609479,5.712803520476153,1.0,
O188133,360087,720188,1.3046640157699585,1.5528243780136108,1.9947753548622131,4.041243495415803,2.532372258950919,nan,7.9012882403007945,0.8448847510870535,0.6266319418326372,0.4497906363737511,0.6573128078800082,0.8702664962977569,0.8887594086939251,0.739584640623902,4.658709537367241,0.0,
O188139,469022,938048,1.2474116086959839,1.0499999523162842,0.6547675728797913,0.8576028660319681,0.5299253125207434,nan,3.635444961539867,0.8167150430248474,0.6179145773761789,0.6094912898759258,0.052457468523811196,0.06125340389090873,0.09351073193971968,0.5609780549854656,5.110635640188679,0.0,
O18955,353745,707654,0.6848474442958832,1.1299999952316284,0.6307690143585205,0.4881380165298028,0.2907574162197322,0.04168723573489344,2.318648225604232,0.825407123180617,0.5956459164699791,0.3775361036722279,0.01607290330973136,0.026192574020341995,0.03005392168360174,0.5348021958312744,5.183455445530114,1.0,
O192559,179590,359168,0.7409615218639374,1.9952805042266846,0.8394847214221954,1.2411161050367345,0.7258544070720022,0.11343995535652689,4.028525650103898,0.7331755311181062,0.5848400517295023,0.41274595298393957,0.05439733541742068,0.201224577364895,0.20200903545424864,0.2692816947276632,4.649136017257131,1.0,
O192562,262264,524596,0.95253586769104,1.9896246194839478,1.115467131137848,2.1140208285358444,1.271648162629477,0.11731227022766964,5.683602185877469,0.7817896043607422,0.6015305740909901,0.4596310754393926,0.16050624992544943,0.38573772163139125,0.39726983259590526,0.40402325260048905,4.664115008088129,1.0,
O192565,225134,452072,0.8582316040992737,1.9945932626724243,0.9690747559070587,1.658884431992387,0.9789015373539609,nan,4.677672032652163,0.7481334057206366,0.5900962830655182,0.45096567376161567,0.0967337820809974,0.2881456192041305,0.306194326012011,0.31592284331618486,4.682411318923141,0.0,
O192585,156559,313124,0.6974113285541534,1.9953925013542175,0.6865854859352112,0.9554587717476778,0.5600829733958252,nan,3.390784555446687,0.7336611746324214,0.5861927170037377,0.4077277645984134,0.033929983001989295,0.1369746103957104,0.1381792879163109,0.24555042592591148,4.664377842321327,0.0,
O192586,311665,623726,0.8950552344322205,1.9913597106933594,0.8525109887123108,1.5194959211485715,1.0550067405264694,nan,6.5998851869048405,0.7811827160656769,0.6943136377286229,0.3979467592910266,0.10977035827937269,0.31006068607980225,0.3210555554539115,0.34190455955256177,4.674151653193693,0.0,
O192594,196407,392830,0.7169385552406311,1.9936451315879822,0.7797044813632965,1.1144480360253481,0.6354584925563317,0.05512849941083333,4.1301172846895975,0.7576809630445008,0.5702001995738437,0.4043492951090877,0.043110218360636304,0.1615816497103761,0.16265019853585985,0.26504866731614657,4.677194577426817,1.0,
O192596,185221,370554,0.15752499550580978,0.4099999964237213,0.16579125821590424,0.010707669460799724,0.005526621070935465,0.0008616834840880667,0.16552747146179247,0.7438811108928775,0.5161366897968008,0.3893531808910924,1.6004492796036594e-05,6.0529716838699174e-05,6.10262733550299e-05,0.2622557779815253,6.048820143631908,1.0,
O192604,310419,620812,1.0767259001731873,1.9944334030151367,1.0940308570861816,2.3493854270091594,1.7543535556241077,nan,6.5683431333439195,0.7987233804950596,0.7467287127329525,0.4654785122127583,0.2980564228299299,0.5860857367098391,0.6164192599666426,0.4835287314774349,4.6744924630672235,0.0,
O192614,573955,1147920,0.2674803137779236,0.35999999940395355,0.27248504757881165,0.026238378925979793,0.0191125748488483,nan,0.37261093774958653,0.8978742976851268,0.7284205667875345,0.5541351404942663,0.00016602914787991395,0.0002712194103147784,0.00027130369225722764,0.6119678891892812,6.187622244409597,0.0,
O192617,301604,603220,1.994365930557251,1.4967204928398132,1.3226656913757324,3.9481681442399945,1.9987618405262877,nan,6.320191735154532,0.8143042136958094,0.5062504350130814,0.3968688479889,0.3742733919166183,0.7229332064114484,0.828109404590688,0.4519612865664911,4.678706843393877,0.0,
O19323,240999,482024,0.27515140175819397,0.4870000034570694,0.31845979392528534,0.042673209090880265,0.029517510575003774,nan,0.331505504253861,0.805665377518588,0.6917105885367312,0.5528899272791569,0.00032942133817083827,0.0006268515909024991,0.0006491946527719626,0.5074307632760978,5.861524496776334,0.0,
O211539,508323,1016734,1.6037724614143372,1.9932141304016113,1.4003618955612183,4.476483562619962,2.601714760276809,nan,9.732921441697181,0.8553892160711992,0.5811960937379377,0.48922762527269803,0.6460061822616591,0.9284519084225045,1.021868228611992,0.6321814928517075,4.717896542567127,0.0,
O211676,856728,1714128,0.43806761503219604,0.42499999701976776,0.4501587450504303,0.08380998574010286,0.05363443777451273,nan,0.844186757625275,0.8817801989506309,0.6399528325996218,0.5197705676434111,0.0011021709326147588,0.0013001473715527473,0.0013740766620299605,0.8021174968407454,6.0064044256643925,0.0,
O211713,268102,536232,0.3280853182077408,0.5849999785423279,0.39107806980609894,0.07505957643802681,0.04721279445329941,0.0046854604191874545,0.494379104268736,0.8073990497933475,0.6290042749212794,0.4698551025484403,0.0007455827478893025,0.001358128782025382,0.0015769575519945292,0.4727982354035419,5.734239947454501,1.0,
O21544,564739,1129688,0.749243289232254,0.9020000100135803,0.6449595987796783,0.4358749542317431,0.24535822876979604,nan,2.3662650968295544,0.8679384385014859,0.5629096748682321,0.4433509444151689,0.0121446379579193,0.018976702151891376,0.01998162335178096,0.6077903553735462,5.37778438268611,0.0,
O21561,327090,654536,0.7023968696594238,0.8600000143051147,0.5648528933525085,0.34120578320919576,0.15612775162271167,0.004220163692474954,1.182606695246415,0.8820941790347075,0.45757651043970904,0.4247996394722576,0.005751956353792863,0.008950138049121084,0.009838880584577128,0.584614916742592,5.441826933407122,1.0,
O21564,377123,754284,0.503897100687027,0.46699999272823334,0.34370146691799164,0.08087980938302734,0.07882494754368201,nan,0.5179106110342089,0.803368820626984,0.9745936364709515,0.7981350199269983,0.0021693157018730772,0.002401823086506496,0.003092633463894101,0.7014461064330512,5.8622282109882615,0.0,
O21566,199528,399052,1.1391530632972717,1.9913181066513062,1.0602157711982727,2.405010547327279,1.4734414547485633,0.17748877663873783,4.202497382301114,0.844528299735841,0.6126548826931419,0.5326245680729892,0.20128391232869663,0.4696606592110148,0.4708326292525332,0.4275062937932815,4.67649639776386,1.0,
O21604,271659,543484,0.5080609917640686,0.75,0.5510689318180084,0.20998247102236745,0.1420409347294859,nan,0.7944343605295769,0.8298430605427364,0.676441866970675,0.5567907279258862,0.005240407241346798,0.0074661447170404115,0.007814291116523832,0.6706183789679416,5.533966077874405,0.0,
O21606,632097,1264212,0.6403508484363556,0.6019999980926514,0.6940334439277649,0.2675437917590615,0.1528680394908047,nan,1.4224557139475886,0.8055403919236804,0.5713757680031355,0.6242204120143015,0.006525920520993139,0.0075331253414078515,0.009419450197048613,0.6928133154775742,5.647744974962617,0.0,
O21619,1155082,2310176,1.9691566824913025,1.9952507019042969,1.7147051095962524,6.737009935753852,3.800259605336827,nan,23.326369403359376,0.8790818129986495,0.5640869824413565,0.4948859601164151,1.2257893375003808,1.6581000728381055,1.8797391080306471,0.6521060993323737,4.694765667200339,0.0,
O21623,231651,463306,1.0832198858261108,1.995377779006958,0.8007298707962036,1.7307238787090333,1.1377763207493092,0.10016539048631845,5.317252206204209,0.8002605200708467,0.657399100310553,0.49580713590945724,0.12712680790400185,0.3387988009885624,0.3556822518764603,0.35741678768992113,4.639146919202903,1.0,
O21633,479208,958484,0.253578782081604,0.45499999821186066,0.2967057079076767,0.03423341364725289,0.02339197700867209,nan,0.5306794852398675,0.8408081021065453,0.683308338739079,0.5491126021381901,0.00023348747669611509,0.0003932624511730897,0.00043533496157754453,0.5363398240518408,5.955691760445702,0.0,
O21634,467549,935166,0.2510569095611572,0.4580000042915344,0.2949662506580353,0.03391641873209433,0.024338575603887122,nan,0.526806982481814,0.8343660059462719,0.7176045264724864,0.5570578296774568,0.00025344903976268874,0.00041355783795110206,0.0004594136706072047,0.551679359971388,5.948175609841666,0.0,
O21635,486555,973196,0.521856039762497,0.7369999885559082,0.4374113082885742,0.1682318426756315,0.10910149797752955,nan,1.3789012728544048,0.8526138725541647,0.6485187122861669,0.5406420738566147,0.0030928893676813144,0.005096280241295031,0.00533612730262872,0.5796131149565479,5.547598767376933,0.0,
O224497,184197,368366,0.9379099607467651,1.9945632219314575,0.9658891558647156,1.8069088505204478,0.9757888923802852,0.14863317149707386,4.037391320565232,0.782144108280689,0.5400321616108231,0.3866537839164074,0.10325752094352363,0.2609933057708267,0.26450830132137515,0.39037535089708464,4.6591817075461615,1.0,
O22743,283452,566924,0.29949750006198883,0.4570000022649765,0.2809007167816162,0.03844698172641402,0.026201369771884978,0.0010953807734342264,0.30840917867696055,0.8394163822818794,0.6814935424146441,0.5697585205932327,0.00028627778548431375,0.000472944814919498,0.0004984761264112208,0.5743059101854504,5.963352230896299,1.0,
O22746,393784,787588,0.6148277223110199,0.968999981880188,0.6596157848834991,0.39297801108259656,0.2589983161457748,0.07480236447145346,2.1085429394521427,0.8382784027318138,0.6590656699398334,0.4484263778956561,0.012903794068330223,0.022341869580657325,0.022387983211599592,0.5763714375864168,5.2712756165255135,1.0,
O227606,391859,783732,1.2429544925689697,1.9945247769355774,1.5322732329368591,3.7986639838121627,2.0138742449354505,nan,8.069684729322427,0.8166192131722002,0.530153299559394,0.45347938174048535,0.3844639026339647,0.6972587166028691,0.7675529402292074,0.5008956157723214,4.6862732580442925,0.0,
O22771,283645,567312,1.2512378096580505,1.9953056573867798,1.3453609943389893,3.358830788212164,2.5360911201009078,nan,6.150054165800379,0.840790025052443,0.7550517665258203,0.5729462795957349,0.5984745106788615,0.963129280784374,0.9776847350193352,0.6121344532059465,4.663896191584787,0.0,
O22780,393410,786924,1.615041196346283,1.9948384165763855,1.2070241570472717,3.888725518825638,3.08571620878878,0.0956484328294143,8.59383693825609,0.8209028901845438,0.7935032168895891,0.5582366141638067,0.8679755313880799,1.2154929869720414,1.4403196094460964,0.6026270320112334,4.660658285949793,1.0,
O22797,256862,513744,0.9482183754444122,1.992978036403656,1.0001284182071686,1.8900210779286264,1.1474869526343126,0.32642365246524047,5.490278599173376,0.7950146343922637,0.6071291828617614,0.4577677997150935,0.13790531381603577,0.3200797780961816,0.32574818197253574,0.4233494504281308,4.670105476884371,1.0,
O22884,437664,875320,1.4342170357704163,1.9928369522094727,1.3703868985176086,3.9167859858695024,2.5668729354562916,0.7728522331654109,9.335916331285596,0.8424473302498258,0.6553518483564686,0.5232384903738546,0.6152315206252766,0.9440208396009613,0.9955165137922771,0.6180023255281226,4.670983874344727,1.0,
O231890,224662,449336,0.480322003364563,1.0449999570846558,0.4473692774772644,0.22455095722200508,0.14889764001365235,0.01660624176312051,1.4807050981095533,0.7370753058474553,0.6630906492482366,0.4586662779727187,0.0044094051379381894,0.011731537854740633,0.012803379664543472,0.34439384392772476,5.1810610490916345,1.0,
O232826,346311,692650,1.0846796035766602,1.9861738681793213,1.3004116415977478,2.8015577942950896,1.6166818634559705,0.5585687323413395,7.44181296871838,0.791766465987052,0.5770653265651262,0.45437286360085044,0.24990598457809696,0.5500491468776524,0.5868498384962839,0.42584315132205564,4.667787535497873,1.0,
O235510,324236,648472,0.2620924115180969,0.39500001072883606,0.22825360298156738,0.023630297852874568,0.01382291755381746,0.004317367383780846,0.27516544098542006,0.8072338783347973,0.584965862042062,0.41024479851674156,9.792799940651565e-05,0.00017877104906378527,0.00018917175675585955,0.5176671247648196,6.071267344622091,1.0,
O235558,271424,542840,1.368341088294983,1.9948583245277405,1.0750274658203125,2.9344450785703176,1.6269190887215996,0.3619999515097468,6.018444005307062,0.7742031233820219,0.5544213795659949,0.4384383168561822,0.2702119807486745,0.5241264758464793,0.5821798003346188,0.4641383651465837,4.654164022171851,1.0,
O235567,257700,515402,1.0589479804039001,1.9944090247154236,1.1314801573753357,2.3896582679464276,1.3057149125045293,nan,5.377148247732276,0.8154443636648843,0.5464023580353211,0.4246825872489206,0.17265034337595275,0.38657546720273994,0.38828111402638293,0.4446529515319705,4.680562408429643,0.0,
O238445,377351,754694,1.340719223022461,0.9780000150203705,0.6888745129108429,0.9032683949448094,0.7035429580112655,nan,3.7532599953283605,0.7893750786785625,0.7788858349840224,0.5266358541018052,0.06824136577447497,0.12105317174877987,0.1457227705587891,0.4682958299021928,5.002336855387311,0.0,
O248400,209902,419876,0.49309299886226654,1.2099999785423279,0.5776819288730621,0.34466960067059615,0.18393875436296747,nan,1.6602216666972693,0.7461266167861826,0.5336668914377494,0.44609331987467093,0.0055565135976924996,0.019572462336613465,0.02009708655803988,0.2764835381310335,5.101850499356115,0.0,
O248409,371943,743924,1.1114018559455872,1.9949079155921936,0.98054239153862,2.1740040329737833,1.5235094709791845,nan,8.991879010007752,0.7895644973111492,0.7007850251755061,0.3782395746605973,0.22712000379421066,0.47489868171503574,0.5032563644158178,0.4513008078056848,4.616625935034649,0.0,
O248425,168875,337790,0.7384228706359863,1.9955598711967468,0.7480090260505676,1.1022414528547761,0.6324522988074928,nan,3.7864193455064736,0.7308949787607409,0.5737874375613964,0.4095883532000936,0.04173864551598927,0.1664992941286049,0.16920043849195077,0.24668166281362722,4.649336651674827,0.0,
O248488,293106,586280,1.296343445777893,1.9927603006362915,1.1886184215545654,3.070560054113729,1.9395142024811347,nan,6.5746761124336315,0.7993070491329526,0.6316483534926159,0.44363005858905735,0.37103019287258854,0.6695582627734085,0.7467646801759042,0.49685021630266507,4.6491503456294145,0.0,
O251429,281959,563956,0.9542357921600342,1.9938361644744873,1.0792644619941711,2.0533975912613824,1.4869253699852685,nan,6.444906449516402,0.7847085091753381,0.7241293046768719,0.45694660125349007,0.2198605732023663,0.47031279454127517,0.47785356309658367,0.4601003114377283,4.640969343852188,0.0,
O25163,198497,397010,0.31309938430786133,0.6019999980926514,0.32959266006946564,0.062123545685134895,0.038827269864700746,nan,0.3929395356730283,0.8283216092214054,0.625000866201226,0.5123663026601407,0.0004605215527087313,0.0011494832916450857,0.0011689536388799966,0.39396049371980946,5.703428219787316,0.0,
O297115,785232,1570400,0.48302237689495087,0.4450000077486038,0.379331037402153,0.08153529521536776,0.071247788609623,nan,0.9701867773205706,0.8806059778677049,0.8738275665946719,0.5588006992734937,0.0017849025081185894,0.002012729031651112,0.002305309304949483,0.774257278312466,5.9081426384529045,0.0,
O297116,819435,1638860,0.492071196436882,0.4450000077486038,0.4000849425792694,0.08760727451072602,0.07249675380002057,nan,1.0326966804943365,0.8906188357187361,0.8275197945022771,0.5634620726347676,0.0018099124617343902,0.0020901831559886888,0.002334450567314315,0.7753055417303681,5.89954172872942,0.0,
O297215,335158,670268,1.253077208995819,1.9927266836166382,1.0259107947349548,2.561740692013868,1.3346550239879376,0.4249422676495913,6.995231212672353,0.8434217001019874,0.520995363874523,0.42907046773495094,0.18658522517792847,0.35621354326386095,0.39137591846175457,0.47674171142484756,4.680447516418953,1.0,
O297266,481106,962240,1.7073026299476624,1.9952835440635681,1.4216623306274414,4.842967853148556,3.3730676793918595,nan,11.025405057865813,0.8238663864402666,0.6964877285317781,0.4916934854275334,1.0699080128420764,1.4080732086971126,1.4932858523202515,0.7164790392808348,4.639846219336476,0.0,
O297768,215476,431046,0.5935254693031311,0.9900000095367432,0.5509874224662781,0.32375482093318014,0.19307312249004793,nan,1.1513886698623126,0.784459819936045,0.5963559768269716,0.44845904241697604,0.007563574524368244,0.015033833694926306,0.016066412680903246,0.47076934189288006,5.272176953396447,0.0,
O301104,184310,368620,0.24117886275053024,0.4699999988079071,0.24615760147571564,0.027902964808444147,0.01729146218822993,0.00308252098448876,0.24705120575748774,0.7897250718380252,0.6196998170960346,0.4777354691705111,0.0001299426970333871,0.00027797840961912135,0.00029924504247614056,0.43423508693129875,5.872761921273171,1.0,
O301105,311485,623004,0.5037679970264435,0.699999988079071,0.3882859945297241,0.1369242380845559,0.09605419749445544,nan,0.8837727699300648,0.8373397434424853,0.7015134707935227,0.5592623278011074,0.0023149180310642527,0.004376354920155448,0.004981129859910454,0.464737538704897,5.547096521121898,0.0,
O301107,196017,392020,0.26420164108276367,0.5000000149011612,0.2664290517568588,0.03519549740205087,0.020014577019942376,nan,0.27309802042165343,0.7845142426733684,0.5686686791582639,0.4480384361486099,0.00016521458045191286,0.0003736266526771565,0.0003843704172625708,0.4298316754669796,5.855975185997829,0.0,
O301108,240724,481468,0.45157693326473236,0.863999992609024,0.4687117338180542,0.18287372637976854,0.12356441785544807,0.01372524718260923,1.0571730040606746,0.780055399474248,0.6756816318099487,0.47838902664497734,0.003474377544328976,0.007510911629800599,0.007559002061834338,0.4596344220980211,5.357373326793746,1.0,
O301109,240284,480582,0.4981515556573868,0.8399999737739563,0.43860583007335663,0.18353342258982594,0.12759518712164714,nan,1.0257168839656825,0.8059880466470961,0.6952149931122152,0.5164593274406792,0.004046354961549866,0.006675149866588425,0.007366274122414029,0.5493082247968013,5.3696973486775725,0.0,
O301110,173548,347100,0.5275810956954956,1.0540000200271606,0.5503780245780945,0.30604897529659714,0.1860244954249218,0.016746585363788462,1.095538907691262,0.7786162879289049,0.6078259051337858,0.4665582590710313,0.00664117713273174,0.015916282295492315,0.016156935404179083,0.4110418818047612,5.1997918071532006,1.0,
O301111,473178,946418,0.7916469275951385,0.6399999856948853,0.4068493992090225,0.20613188459435366,0.16396795242505344,nan,1.660965299640456,0.8162978867911872,0.7954516728342415,0.47525100301425194,0.006108390327749425,0.010101964993150853,0.011936138587728127,0.5117559822931035,5.454663984876898,0.0,
O301112,183096,366212,0.4386899322271347,1.0149999856948853,0.45722393691539764,0.2035882280971968,0.12008059754918178,0.012864488053377752,1.0934849886296332,0.7657468943544447,0.5898209276218715,0.4303100965333127,0.0030048762682849633,0.00832825865084672,0.008477958717431037,0.3544339349172357,5.2238660311904,1.0,
O301114,316156,632500,1.2349697947502136,0.863999992609024,0.9238840937614441,0.9857971640608878,0.6289348327682518,0.0388832761926071,2.6145140256070247,0.8324031847868829,0.6379961879555637,0.5612941602481005,0.05610401783925747,0.09288063012280315,0.10983074139939736,0.5108225358803351,5.082510452303953,1.0,
O301115,291705,583556,1.9943860173225403,1.3240622282028198,1.109622299671173,2.9301698353995183,2.201495666001831,nan,5.9184357287681735,0.841578233414936,0.7513201587858354,0.5675351154996353,0.45710417385278646,0.7353901568970731,0.8682554420801126,0.5264627800750487,4.692736937501191,0.0,
O301116,244634,489264,1.0199718475341797,1.9947054386138916,1.3662360310554504,2.779666488226017,1.8582862882376576,0.21399090517276398,5.428037602342407,0.8020724381897282,0.668528507325933,0.5260753389658435,0.3294849803816963,0.6390168082193852,0.6937651798276514,0.4749229133459085,4.653873968961214,1.0,
O301117,325928,654620,1.1992870569229126,1.9939630627632141,1.359198808670044,3.2502984505473735,2.438962169412464,0.12688001637308177,6.887011433710356,0.8204047026074002,0.7503809900908409,0.5136503160779425,0.5630724782517003,0.8810717985060335,0.969190349011433,0.5809720235308059,4.6750908676796135,1.0,
O301118,194616,389228,0.9915781319141388,1.9944452047348022,0.9598839282989502,1.898312771306913,1.093791189785432,0.15672549727319177,4.426574989132412,0.7598972082578761,0.5761912400939073,0.4903029640237914,0.12117512558773959,0.3243572550156997,0.337973593907187,0.3585342990464996,4.6431107162738785,1.0,
O301120,542783,1085592,1.4747846722602844,1.9935389161109924,1.7483671307563782,5.140270412879815,3.2740319174602406,nan,11.263266629223935,0.8367500866319997,0.6369376811882506,0.49552145941463904,0.9291370565946386,1.4239939336552152,1.5136500333798926,0.6138387580383621,4.682961872014835,0.0,
O301121,268417,536944,1.9947303533554077,1.4625790119171143,0.9646467864513397,2.8143094898956367,1.703968789751096,nan,5.589492617459366,0.7874094897658127,0.6054660284765925,0.417981139169808,0.33869194235882677,0.47168246065212754,0.6471896819733239,0.5233271663511889,4.681437631222747,0.0,
O301122,248817,497672,1.0611513257026672,1.9956069588661194,1.1089821457862854,2.348426026895867,1.5060643821488782,nan,5.809225916231391,0.7950807102456862,0.6413079930559207,0.43337834289205013,0.2324780750715548,0.46469309621090366,0.46913731159145605,0.49554377647541753,4.63176178329141,0.0,
O301123,392162,784328,0.48620089888572693,0.4180000126361847,0.31849056482315063,0.06472746869843922,0.04394594196458842,nan,0.5095422636400222,0.8087882865766844,0.6789380590384202,0.4562366537952899,0.0007499987576178714,0.0010102107909949899,0.0012927718064612741,0.5801478295468522,5.88628529668662,0.0,
O301124,223593,447232,0.48797085881233215,0.9449999928474426,0.4290733188390732,0.19785963421598668,0.12665270781238222,nan,1.1447592817080459,0.7623397018174224,0.6401139288174673,0.43846361099554393,0.0035763596842324423,0.008055096753534689,0.008801714925950766,0.4063253257257843,5.290744029546877,0.0,
O301125,295772,591688,1.4984731078147888,1.995404064655304,1.1066729426383972,3.309017757516555,2.2911604712203713,nan,6.791788152090726,0.8190974428008508,0.6923989652264381,0.46570093008940877,0.4628962442231997,0.8710951171794139,0.9738315997636149,0.47533500076970375,4.638972926995206,0.0,
O301126,226782,453594,0.48528115451335907,0.9749999940395355,0.4487939178943634,0.2123464485508547,0.14827424252502985,nan,1.2432084741220348,0.7611807380399221,0.698265704639368,0.47059617800130005,0.0045963517521059385,0.010664980132737699,0.011412837858857695,0.40273521879035834,5.261064619274584,0.0,
O301142,163722,327448,0.5030638575553894,1.0539999604225159,0.5100137889385223,0.2704242471352498,0.16672385147043792,0.012055715608668166,1.052358134392126,0.7762082579363677,0.6165270061269793,0.47581186935510467,0.005389821954371904,0.013577824333276792,0.013793881834002795,0.3907400410728219,5.1919434789061,1.0,
O301143,800681,1601332,1.6648682355880737,1.7702935934066772,1.9959907531738281,5.882794667148087,5.058844651046279,nan,19.70795173920155,0.8328303673620941,0.859939014920395,0.43864709728072276,2.1488812133242474,2.697713682035555,2.727563242756179,0.787839189075162,4.608818032803654,0.0,
O301144,823674,1648250,0.7549218237400055,0.7619999945163727,0.7690452933311462,0.44239363225610046,0.3496746584713395,nan,2.8460903966127415,0.8154297245258191,0.7904152161686491,0.5152245377563341,0.02668739555426172,0.02896023473073068,0.035151787180197125,0.7592045154761335,5.461506667419984,0.0,
O301145,277041,554128,1.1546005010604858,1.9936630129814148,0.9583160877227783,2.2059327699280944,1.375890841639495,nan,6.212074477673928,0.7675699222835671,0.6237229259187007,0.41570575729466624,0.19952147366094747,0.4032700054416448,0.4522992773751887,0.4411271112764603,4.649307392240229,0.0,
O301146,180142,360324,0.49750976264476776,1.2570000290870667,0.3894899934530258,0.24357527389987457,0.12759511540506693,0.04417194334764427,1.4773677183998435,0.7437769511850456,0.5238426436400803,0.4499165107581309,0.0025648079110270916,0.012893136371641405,0.013445052892646676,0.19076220313196596,5.086126374998676,1.0,
O302149,326861,653738,0.5022541135549545,0.7580000162124634,0.5046897977590561,0.19213975957080381,0.11484018341710812,nan,1.0529303093812925,0.8336482228214454,0.5976908874750066,0.4654786127750368,0.003419558453293908,0.005469402095831503,0.005842282341788165,0.5853120840865205,5.491963477699359,0.0,
O302353,235232,473472,0.45708267390727997,1.01500004529953,0.5108887255191803,0.23702117107860327,0.1699126265522962,0.012513046188500054,1.394866038773261,0.7621588581672494,0.7168668764021426,0.5115918228125393,0.005750180184414887,0.0137178096922299,0.013785652466622368,0.4171133864238304,5.226963900567543,1.0,
O302498,236456,472868,1.20136958360672,1.9940420985221863,1.1552748680114746,2.7675551307934945,1.6115588288667793,0.2614589949687943,5.325221349473654,0.7899062928751882,0.5823041466945318,0.4099486223615535,0.27486833542774913,0.4921885383691661,0.5344669985404643,0.5142849533804077,4.64741267410504,1.0,
O303262,192395,384812,1.306465983390808,1.9943760633468628,0.9361905753612518,2.439323638025521,1.6510935256980643,nan,4.726799327988765,0.7841118615700903,0.6768652998560374,0.4036468117889827,0.24900801497993064,0.5813465248051001,0.6462554961332418,0.3853089319469267,4.609626616203082,0.0,
O304505,255031,510096,0.6550319790840149,0.8759999871253967,0.5980742871761322,0.34317981371245515,0.2317926638401382,nan,1.1350700725560672,0.8189966445348069,0.6754262767749899,0.5113721608441087,0.010565901487808595,0.018371084420976107,0.020430705231184187,0.5171579428242861,5.351570300663148,0.0,
O304636,277622,555224,0.8030089139938354,0.6472895741462708,1.9945851564407349,1.0367440723655803,0.8273932049861458,0.6478732908923154,6.6215956952580965,0.7706331217648602,0.7980689034452347,0.43258613630318715,0.06122533762423544,0.2643698736687199,0.2828686746716579,0.21644438959281456,4.622491218716391,1.0,
O304866,414777,829562,0.7312065660953522,0.9690000116825104,0.6574241816997528,0.4658107847552259,0.28980445168638985,0.08106217493703265,2.201621857394831,0.8323773586450665,0.6221505838227344,0.44618013885243424,0.015669564601697196,0.02652701330960579,0.027258328020536703,0.5748542093224348,5.275071937919467,1.0,
O304867,151048,302100,1.991581678390503,1.993882656097412,1.1459645628929138,4.550602551039445,1.2322234455022365,0.08593025949166795,3.020596711814241,0.7441038369215314,0.2707824802719308,0.30360690489172726,0.25544800083485486,0.28053302133149666,0.4568239887745738,0.5591825453827234,4.699022233939127,1.0,
O304869,455979,911976,0.6224320232868195,0.9200000166893005,0.6977930665016174,0.39958245744930965,0.30282726334378957,nan,2.1599250460844317,0.8276595279019683,0.7578592545750228,0.49203457095332886,0.018355119732483913,0.0265574782010419,0.02689530696128566,0.6824655230336325,5.324506161314337,0.0,
O304879,245182,490424,0.5256117284297943,0.9600000083446503,0.5028587728738785,0.25373613222123337,0.1646356715153456,nan,1.2826105371225043,0.7776089809313984,0.64884598844519,0.42398232309860967,0.005764146074377788,0.011786821573850375,0.012381840139933877,0.4655322641250455,5.281393779865466,0.0,
O304880,215032,430108,0.973157674074173,1.9952738881111145,0.9891123473644257,1.9205753657239564,1.2930472461459943,0.13996900164475984,4.997117057047573,0.7808337769256265,0.673260351675178,0.4521238623264959,0.17099171201002167,0.3837280668463815,0.39361731652020726,0.43441105061556257,4.633783571410903,1.0,
O304881,275227,550452,1.135556161403656,1.9949913024902344,0.48130451142787933,1.0903591118000862,1.054066587294827,nan,7.214952678686249,0.6936669678582466,0.9667150720230664,0.5043371673529192,0.1293540409200869,0.3632784641271581,0.4531828617679789,0.2854345383129553,4.5814575493117395,0.0,
O304882,197302,394616,0.4691094160079956,0.8700000047683716,0.4857277274131775,0.19823772306126586,0.12886951177944156,0.011184340203744168,0.8551498938063059,0.7947572660471731,0.6500756253118087,0.5144240101783925,0.0037006752215798296,0.007992845040807462,0.008148089371961955,0.4541770533732811,5.363089241478257,1.0,
O304883,221233,442480,1.040902853012085,1.9954324960708618,1.2811623811721802,2.6610400894516943,1.7589122995434014,nan,5.098890628787816,0.780982574642479,0.6609867722458193,0.5188470651261284,0.30291773614968087,0.5891076654895384,0.617032568605776,0.4909266569739464,4.637374212118244,0.0,
O306804,186909,373812,0.41666050255298615,0.9399999976158142,0.47435368597507477,0.1857857780038408,0.1282895652111844,nan,0.9822920200321058,0.7745083239774406,0.6905241433955845,0.509555640520997,0.0035644297093114165,0.008450785339681553,0.008586289980217111,0.41513036684340904,5.27938959800325,0.0,
O314704,648475,1296948,0.5011695921421051,0.42499999701976776,0.45045892894268036,0.0959464343475571,0.06490985623306911,nan,0.9624675265342959,0.8562418622956116,0.6765218183923244,0.4389019831707624,0.0016305726729373582,0.0016361782444855436,0.002113010114235703,0.7716823795361494,5.828507152410424,0.0,
O314705,500791,1001596,0.5295512974262238,0.7199999988079071,0.5761750936508179,0.21968227287525138,0.1756942269620054,nan,1.3504828921029186,0.859945919248698,0.7997651547504473,0.5323860863915475,0.007755544825535186,0.010104669861916538,0.010138090217400766,0.7649907092189574,5.569167428396953,0.0,
O321376,233480,466936,0.9999385476112366,1.9948377013206482,0.7286711931228638,1.4534914418973393,0.8149534691277829,0.17445083501346095,5.033715854235545,0.7714902288401099,0.5606868025751633,0.44810791770218994,0.06553459951329467,0.23032592378826244,0.24766220888154022,0.2646128362064341,4.666360988010691,1.0,
O321378,212166,424340,0.655296802520752,1.992713212966919,0.7719039022922516,1.0079664705542273,0.685347669795053,nan,4.58175923326893,0.7623787585792019,0.6799310193504916,0.40537536767907734,0.04684540230681578,0.18278989079775412,0.18746183703216207,0.2498930078167254,4.665643524909733,0.0,
O321419,234010,468020,0.46211519837379456,0.8379999995231628,0.4913342595100403,0.19027043802724194,0.11161379801606029,nan,0.8660978500437599,0.8210599006474945,0.5866060916939709,0.4786257478625257,0.002885045197302365,0.006248562037163372,0.00629704428738317,0.458158632151099,5.43166745607513,0.0,
O321450,242294,484588,1.0345641374588013,1.9940592646598816,1.151801347732544,2.3761456819762543,1.5663620672960936,0.2364072104753067,5.163731590814084,0.8152514885322859,0.6592028759757446,0.4729750714823028,0.23889009973899172,0.5040067126825007,0.5092539352040373,0.4690981909511965,4.671379000017376,1.0,
O321615,522918,1046096,0.5805991590023041,0.9300000071525574,0.7671621143817902,0.41423472412434886,0.24688977861229355,nan,2.2929742054560664,0.810625191227021,0.5960142021753344,0.42542250483213495,0.011985363572581922,0.021137264297507497,0.021351650775862336,0.5613319409537723,5.358034422255788,0.0,
O321656,184451,368912,0.20274129509925842,0.45000000298023224,0.21025370806455612,0.01918219920963196,0.010681344384485715,nan,0.21848787822804766,0.7439002981160233,0.5568362765788758,0.4496311828098641,5.297764235298656e-05,0.00015536810990629624,0.00015622397193852802,0.33911340043148136,5.926453666905349,0.0,
O321658,169001,338020,1.0764777064323425,1.9951063990592957,0.8752537667751312,1.8797716272255902,0.9146682541035642,nan,3.874273007284553,0.7433502041781618,0.4865847749035077,0.45654111575704903,0.09201821657326578,0.24760509773787162,0.2550467964764713,0.36078954076082537,4.639699053629839,0.0,
O321659,175970,351952,0.8734740912914276,1.9948877692222595,0.7131835222244263,1.242710007489781,0.7313209758529697,0.09874911541218605,4.160434545346742,0.7330781782104872,0.5884888440950159,0.43715625985161227,0.05663942890897546,0.1963318991069356,0.20737789733202533,0.2731218207806018,4.626299940238298,1.0,
O321666,332386,664768,1.4519591331481934,1.994661569595337,1.1382263898849487,3.2964938039713743,2.571695786325419,0.4267663014076257,7.755476517751497,0.8203717812750111,0.7801306294667468,0.5769301452151575,0.6300417967545804,0.9393573380464862,1.0529831415611732,0.598339870684414,4.632034235928457,1.0,
O321673,363054,727908,1.6788983345031738,1.9930845499038696,1.303236186504364,4.360871113811526,3.370267289682199,nan,7.0845415400293055,0.8285014574129254,0.7728426733383755,0.518391590377818,1.1449396322006453,1.2370629283172698,1.6297289290342882,0.7025337844859209,4.70965947490739,0.0,
O321995,260043,520128,1.1183077096939087,1.9952041506767273,1.1285139322280884,2.5179991760882094,1.724358843578606,nan,5.559884566142908,0.8077719531870778,0.6848131087387611,0.49612870469939446,0.2816608807148059,0.5878508204218948,0.6032629154959441,0.4668957323246891,4.669979392767852,0.0,
O322002,247401,494846,1.4250584244728088,1.9909849166870117,0.7585669159889221,2.1522590236512005,1.3664053296091272,0.14078939565169632,5.839040772084589,0.7775340781880028,0.6348702988783796,0.4736016988191925,0.1811305602518857,0.4476016627745013,0.5180143216717776,0.34966322874496314,4.627059942927836,1.0,
O322047,623403,1246812,0.5803875029087067,0.6599999964237213,0.5426019728183746,0.20784680556484075,0.14623939432426059,nan,1.4731297817638636,0.8868593393123669,0.703592215078038,0.5817243103927244,0.005517730738762352,0.007028327668429755,0.008064987611033305,0.6841586131160105,5.62652787831358,0.0,
O326321,277627,555386,0.5157979428768158,0.9019999802112579,0.4914192408323288,0.22863267121137187,0.15768845108587776,0.012113980727718134,1.219501248054105,0.8327559676180857,0.6897021770790323,0.5406283072239466,0.005170465122904399,0.01043881818361941,0.011085480805580045,0.46641775973323296,5.357279451073448,1.0,
O326669,135444,270888,0.21753128618001938,0.4399999976158142,0.03731871675699949,0.0035719149007299015,0.0015932509764582292,0.00022445957847874436,0.1810337746430519,0.36025104289041565,0.44604953386001917,0.4777742623042794,5.463014871561338e-06,1.4039302343635795e-05,1.9346040209943997e-05,0.2823841371296908,5.874000164329526,1.0,
O326737,271131,542292,1.2375226020812988,1.9941107630729675,1.1480993032455444,2.8332302534223808,1.7448767731871346,nan,6.319575888726137,0.7851634181706124,0.6158612668629466,0.46754989397438934,0.30452721717000425,0.5668778277789349,0.6141323956958962,0.49586574377815257,4.6324912424128595,0.0,
O326738,278311,556648,0.49622997641563416,0.863999992609024,0.5614417493343353,0.24071404923156603,0.154336419711771,nan,1.2332752847925674,0.7954102521873376,0.6411608304727571,0.4811876003920389,0.005327084803274156,0.009903184026101578,0.010356535576857964,0.5143693818981041,5.353470343589352,0.0,
O326739,253997,508020,1.1527867913246155,1.993984043598175,1.134340226650238,2.607438080292604,1.6662185690515086,nan,5.920109056218529,0.7945084240721662,0.6390251725036276,0.485532442678409,0.2739575695380777,0.5452878850161224,0.5506792005173521,0.4974903161054568,4.632498880053381,0.0,
O330170,527179,1054424,1.3325691223144531,1.1000492572784424,1.9948357939720154,2.924213179932905,2.3183449219656365,nan,11.490871212428353,0.8388547553876191,0.7928098190224387,0.495971997467689,0.49022796540485575,0.8410188343240342,0.986578212545273,0.49689721420070354,4.661605144771181,0.0,
O33751,277219,554460,1.2413673400878906,1.9941548705101013,1.199359655380249,2.968989313309771,2.038962302328873,nan,5.99449179082235,0.8211681946649253,0.6867529947609943,0.4446699468904653,0.40360597747520494,0.6877555042086333,0.7189121904577438,0.561412065106619,4.665070622791634,0.0,
O33770,234299,468692,1.004542589187622,1.9939869046211243,1.0637404918670654,2.130719826716751,1.4204149161117436,nan,5.1082579909121995,0.8146153266432086,0.6666361753907721,0.4899512203159845,0.18563413421515593,0.4577747621733004,0.4661656978145464,0.3982149160383017,4.661497611962913,0.0,
O34058,396510,793444,0.5221920907497406,1.0499999523162842,0.5828049778938293,0.3195529428891434,0.22287380692602077,0.04580576122992197,2.3724581792720314,0.7913790721928996,0.6974550286127025,0.41828565284348107,0.009467516514747056,0.0199835930297344,0.020209933386548612,0.4684585710237162,5.223055579117778,1.0,
O34059,163344,326720,0.6009397804737091,1.9944839477539062,0.6087683737277985,0.729648311060392,0.47039583827309345,0.08721244943113478,3.8790851935525037,0.6890355744020906,0.6446884494112938,0.40007204670569535,0.023506644306483578,0.12374222293040678,0.12637281141246479,0.18601029797272517,4.624373868669883,1.0,
O34060,309896,619808,1.1760395169258118,1.993738055229187,1.223464548587799,2.8686753601439765,1.8626280302324123,0.3285668704879196,6.941603762901721,0.8238920807882647,0.6492989956656958,0.43603836829196796,0.35149952641300053,0.5908825009565929,0.6080521263220723,0.5780746603734738,4.6497561507290905,1.0,
O34133,281268,562574,1.9951550960540771,0.9832631647586823,0.6080688834190369,1.192886741379069,0.7162597920361341,nan,5.664508731840112,0.7671882992868924,0.6004424118320593,0.49325613715042915,0.05094149086719538,0.20040340642776797,0.21307232145074423,0.2390807521143542,4.695958074478961,0.0,
O34903,224069,448140,0.4605775624513626,0.93299999833107,0.5827643275260925,0.2504248253860972,0.132082683445189,nan,0.9508763032125013,0.8110359181054142,0.5274344635822268,0.4826243042647214,0.0037854144158522467,0.00860200396230362,0.00894511841645864,0.4231821469112409,5.372257751464349,0.0,
O34913,230225,460598,0.8197451829910278,1.9951271414756775,0.7750586867332458,1.2676052762609693,0.6594760193772302,0.14221840519208803,5.0516363655364245,0.7639652316640649,0.5202534509184703,0.37115139940136227,0.04794027020762317,0.15762313528743682,0.16469236343271865,0.29108981866793165,4.6587204006700444,1.0,
O350228,784829,1569652,0.4160154461860657,0.4150000065565109,0.35536184906959534,0.06135194852153858,0.047496354045854894,nan,0.7608012082375603,0.8740801265443257,0.7741621120506147,0.4478285649856899,0.0009584682699381654,0.0009831967765821287,0.0012243470475191694,0.78284034896826,6.013503848525846,0.0,
O350681,148788,297572,0.26486116647720337,0.4749999940395355,0.0028012488619424403,0.0003524224651320121,0.00032756501282619094,0.00028260926610717093,0.22120975963211503,0.09434892111759496,0.9294668905499258,0.5122352041284518,1.7790518722355547e-06,5.820026017983413e-06,7.598673837849809e-06,0.23412662659290712,5.827763622200827,1.0,
O368573,407563,815128,1.3486064672470093,1.995641827583313,1.23024183511734,3.3109934936650163,1.958657776423984,nan,9.216628410514215,0.8066709732653214,0.591561952680221,0.4885185771064496,0.35758618540798015,0.686996372657907,0.7725406072573536,0.462870407132992,4.645622672080116,0.0,
O368602,196345,392720,0.9596015512943268,1.992587685585022,0.9539800584316254,1.8240959533270575,1.0324140284387864,nan,4.274784740160529,0.8131312732166178,0.5659866886693741,0.48986832753729703,0.1093095169772411,0.2770801582088139,0.28231803594673177,0.38718573756961744,4.662105595867419,0.0,
O368603,262671,525396,1.208538293838501,1.9934225678443909,1.277266502380371,3.077097867262186,1.989987864511647,nan,5.989290324080673,0.7967108563240844,0.6467093184404359,0.4458060093911561,0.396986754614263,0.6794029728631321,0.6949390223947589,0.5712540839140782,4.6420367619387495,0.0,
O368607,249609,499260,0.6338543891906738,1.1800000071525574,0.6470510065555573,0.48396062516539257,0.2591951710461233,nan,1.924783282215992,0.7909744551014729,0.5355707831758914,0.40495077069597646,0.011543025940695156,0.026590805743452777,0.027507488557751703,0.41963212731910027,5.112878402455221,0.0,
O368608,251284,502600,0.22648630291223526,0.4399999976158142,0.22459474205970764,0.02238175830307944,0.012953721848316738,nan,0.2668484164475242,0.8010747136419043,0.578762475803095,0.41173713063913303,7.706638224131344e-05,0.00017904490005514804,0.000185275433298294,0.41595575230546805,5.973900206727551,0.0,
O368624,170056,340112,0.3667880445718765,0.800000011920929,0.4096372574567795,0.12020004070820695,0.09655076207984346,0.010832592962785706,0.6795083644175055,0.7783507104095495,0.8032506604072326,0.527240964928875,0.0022448754325263853,0.005063275748607412,0.005167457929257632,0.4344254879785521,5.398397152476746,1.0,
O368625,208870,417752,0.27447713911533356,0.46000000834465027,0.25622470676898956,0.032350799849785145,0.022332464243541367,nan,0.2632700223732964,0.8194250652196199,0.6903218574884691,0.5721949470845501,0.00019617914244579533,0.00041159698641540646,0.0004501316293534886,0.4358261665094762,5.899474656395141,0.0,
O368630,327776,655556,1.539522647857666,1.9949871897697449,1.2760369777679443,3.9191280488799163,2.3419352042571315,0.25073980509700067,6.78549077024218,0.8452875438054133,0.5975653704212228,0.5582741548699031,0.5029541357923186,0.8462183017462614,0.9379593531446672,0.5362216753914548,4.683995886940965,1.0,
O368643,241741,483562,1.2370041012763977,1.9937534928321838,1.1462275981903076,2.8269196308611533,1.842485420652096,0.11773937933824942,5.143564508722599,0.8072615455579375,0.6517643446732254,0.4937585953929028,0.3236028742911731,0.6291012549305829,0.6698331398638183,0.48310968065414595,4.672086123334933,1.0,
O368647,309726,619448,0.6108240187168121,0.9300000071525574,0.5522728562355042,0.3137276211036587,0.18833323949656677,0.03566252052634338,1.5333523359325882,0.8113801648227473,0.6003081234417024,0.48269486254939864,0.007422847837550492,0.013537401182885819,0.01469081499951169,0.5052713438837274,5.305335704668896,1.0,
O368648,408398,816800,1.0370574593544006,0.9399999976158142,0.8840610384941101,0.8618127666393457,0.45855186540709353,nan,2.396759986977756,0.8133514798946544,0.5320782925915855,0.35261935580159764,0.03831193058992473,0.05131432855376471,0.05746102918180646,0.6667463346106443,5.231459060906239,0.0,
O368659,213338,426684,0.7640205919742584,1.9951329231262207,0.9043023586273193,1.3784485559428952,0.84759811332365,0.0792688641961205,4.567409239949505,0.736915259567388,0.6148928153099413,0.4467781768857712,0.0722045564031538,0.2468648560179843,0.2535168961831242,0.2848116140984856,4.669398293208373,1.0,
O368662,280710,561492,0.19464263319969177,0.41499999165534973,0.2240503504872322,0.018098045964173606,0.010812216185926446,0.0011784014484297895,0.2567531590703289,0.776676309337477,0.5974245068959385,0.452435944689585,5.61524091734115e-05,0.00014024321720177864,0.00014335623462710946,0.39169841004454486,6.038742088369718,1.0,
O368670,287141,574562,1.202002465724945,1.2000000476837158,0.7736188173294067,1.1158701154940882,0.3737466053803555,nan,2.410505967587245,0.7109576684803307,0.33493737325769934,0.18835553596806787,0.03128316969735325,0.04177651391393664,0.060143461230664476,0.5201424902596619,5.075986997542605,0.0,
O368671,160344,320688,0.43073244392871857,0.4699999988079071,0.0072333356365561485,0.0014643471944364226,0.0006833459938310869,0.0003397088865171897,0.24013489414832792,0.11819279569770859,0.4666557196458341,0.4264964795655025,5.519754016702188e-06,1.1597503565695769e-05,1.711466548181525e-05,0.3225160329640718,5.824597441225967,1.0,
O368672,nan,nan,nan,nan,nan,nan,nan,nan,nan,nan,nan,nan,nan,nan,nan,nan,nan,nan,index 0 is out of bounds for axis 0 with size 0
O368673,215508,431032,0.19699465483427048,0.4699999988079071,0.17321089655160904,0.01603716172579167,0.010207426689704448,0.0010906805174502,0.26187074857611853,0.7382792225395517,0.636485861041634,0.4282038143644865,4.6003569436606754e-05,0.00015557853474793538,0.00016343234462812026,0.28148387359481936,5.915376406822624,1.0,
O368674,nan,nan,nan,nan,nan,nan,nan,nan,nan,nan,nan,nan,nan,nan,nan,nan,nan,nan,index 0 is out of bounds for axis 0 with size 0
O368675,286930,573928,0.2323036640882492,0.42000000178813934,0.21503663063049316,0.02098059491695945,0.012843567426958654,0.0009595302846263058,0.2695289945752545,0.7867755111263436,0.6121641201211452,0.4360230606759128,7.649424456030966e-05,0.00017699080652106518,0.00018550572883528488,0.41235516035319203,6.027170467076232,1.0,
O368690,320196,640506,0.251084566116333,0.4650000035762787,0.2181762009859085,0.025473014889988335,0.01735421432587531,nan,0.37913470496473145,0.778986510469603,0.6812783803104532,0.4289758853520713,0.00013140595675094696,0.0002813693164029359,0.000300116907121433,0.4378492301927449,5.92662236187172,0.0,
O368712,206866,413760,0.4532874971628189,1.199999988079071,0.4252845346927643,0.23133139247745366,0.15931962504768635,0.015905673226000394,1.6455933310222457,0.7248441568255922,0.6887073273603114,0.43909076069967806,0.004400825910258089,0.015862071726787025,0.01676624501294146,0.2624813073446796,5.099366598274517,1.0,
O368713,162305,324620,0.4645029157400131,1.2000000476837158,0.44065017998218536,0.245619961867764,0.16557483716614588,nan,1.2479472371440627,0.7642808280521391,0.6741098561658742,0.4733828738090981,0.004542636743678844,0.016145401753095038,0.01647984167047803,0.2756480817298457,5.114135675107404,0.0,
O368790,282874,565822,0.5720111429691315,0.9460000097751617,0.5257439315319061,0.28449189521637724,0.19244679685819263,nan,1.3934892578908493,0.8036041671987042,0.6764579240889184,0.44036751069570196,0.0077595516660850785,0.014096198295822867,0.015302247283390165,0.5070857582145918,5.307489406493044,0.0,
O368791,241674,483416,0.5510703921318054,0.9425999820232391,0.4754917770624161,0.24698894547242717,0.16009742252401662,0.02606190491062409,1.2374092799545233,0.7901351714514524,0.6481967126819821,0.4456798673235705,0.005404337909531684,0.011305875546848143,0.012524083411939948,0.4315156432429546,5.290716561553624,1.0,
O368894,230283,460584,1.2163527607917786,1.994328260421753,1.0074758529663086,2.443941659594469,1.5559814173265518,nan,5.188024634906258,0.7897523957892029,0.6366688055821843,0.46893835554131363,0.24336596214069425,0.49598657349320874,0.5493208665771374,0.44303061643575853,4.647259848940695,0.0,
O368895,245868,491756,0.5013010650873184,0.953000009059906,0.45341338217258453,0.2166136727310718,0.1333090504619344,0.007619468230848081,1.223528549143214,0.8069873367330216,0.6154230653179451,0.4901701887004223,0.0038895296533095654,0.008253496718164357,0.008739594009416271,0.4450469494485536,5.303087901100708,1.0,
O368899,312047,624140,0.5720129609107971,0.9669999778270721,0.5306459069252014,0.29351963058347963,0.19348779767439786,nan,1.5898341289553488,0.8090799619805665,0.6591988320841395,0.4542195648787375,0.007454913760339341,0.014595553497909714,0.01586859689550005,0.46979035446122985,5.292868195913837,0.0,
O368900,271791,543646,0.5927233994007111,0.94200000166893,0.5052149891853333,0.2820844870604387,0.18623856868207164,0.032965116835545046,1.3748980201437484,0.7777337551963904,0.6602226539390259,0.4495691652462244,0.007488468486189251,0.013381689321574056,0.015227198030531986,0.4917824324064189,5.295964584966532,1.0,
O368901,335369,670796,0.6535136699676514,0.9397999942302704,0.6903256475925446,0.42397878253271326,0.2564524625588506,nan,1.6251261106301513,0.8323239337989582,0.604870982049823,0.4994706830052449,0.012689477088137545,0.021484919832806138,0.023485757317883722,0.5403052120646277,5.314635847799377,0.0,
O368902,238974,477972,0.5575092732906342,1.003000020980835,0.5973242819309235,0.3340128748040816,0.21210029817443896,0.029830938650759187,1.3887067832137823,0.790301010662826,0.6350063550659488,0.41045482023416485,0.009166188331664833,0.017056264037633252,0.017468844419735324,0.524716352806336,5.235740096110645,1.0,
O368913,294833,589852,1.6657829284667969,0.9700000286102295,0.7314192950725555,1.181834236882886,0.7458355902998104,nan,4.450728967531395,0.7473676887337014,0.631083080032415,0.49597196572695557,0.06650266988653819,0.17255642525314746,0.20311934859925285,0.3274068686471891,4.821144943314807,0.0,
O368915,405860,811748,1.371056079864502,1.99476957321167,1.3946580290794373,3.8143073567616117,3.04609777240006,0.48580316431660603,8.626382891919885,0.8512930932844766,0.7985978809495389,0.5821976964523347,0.8372397056963549,1.2440745916260139,1.2727324569749197,0.6578285177753217,4.672547520135721,1.0,
O368916,350669,701340,0.559637725353241,0.949999988079071,0.5224107801914215,0.27774273820481005,0.1610722794899358,nan,1.6930770051398096,0.7937870200430567,0.5799333603860405,0.48622437173276745,0.005555530584037542,0.011094257487829409,0.01271708645217532,0.43685561193045447,5.316220663584001,0.0,
O369128,308201,616666,1.1066174507141113,1.994516909122467,1.1440898776054382,2.5251976715862114,1.6205926793988972,nan,6.944640873747107,0.7982272066840096,0.6417686415736779,0.4317962888902025,0.2732223043685559,0.500536071446056,0.5130682255875776,0.5325262620885466,4.647184251405735,0.0,
O369134,512662,1025336,0.3357170671224594,0.3500000089406967,0.1529649868607521,0.017973535325592246,0.01238470281353503,nan,0.36389708663800147,0.7477964624682196,0.6890521307680987,0.4237602480764591,0.00010898576280561136,0.00012431403838750895,0.00019709361600076986,0.552964449164024,6.148852548825755,0.0,
O369359,934440,1868880,1.5303213596343994,1.5300000309944153,1.5299960374832153,3.582320065534211,3.5797010278930763,3.5745852515144843,13.982701994558276,0.8095565528563969,0.9992688990393871,0.4989486757968325,1.3955315758902063,1.3959615862532682,1.395987711184383,0.9996732526436141,4.824960318866255,1.0,
O369450,284979,570084,0.26928991079330444,0.4259999990463257,0.25110357999801636,0.028805975375627128,0.01651742851109878,nan,0.26889920025439457,0.8151017804210393,0.5734028546408553,0.4966655236254471,0.00012342970338661438,0.00023936319854015706,0.00026198061348713277,0.47114059984700607,6.025223347613621,0.0,
O369451,205603,411268,0.5778107047080994,1.38400000333786,0.5113733410835266,0.4089401559495452,0.24329939228269262,nan,2.284391480726695,0.7480834579270752,0.5949510918480473,0.4120062416488715,0.0086685139962759,0.0324962714785194,0.03535128179320973,0.24521074078680072,4.954258915394923,0.0,
O369533,290181,580314,0.5902052819728851,1.100000023841858,0.5131430178880692,0.333145698742288,0.24440669296784434,0.05353392150482452,1.9389798000766214,0.7982867219291025,0.7336330437119357,0.4511816207022568,0.010824723181199718,0.022004597206110255,0.024396261732056494,0.44370417484807184,5.175095688299399,1.0,
O369534,362430,724884,0.28149983286857605,0.4699999988079071,0.2369491457939148,0.03134953804197531,0.02066702211966046,nan,0.4441580799988642,0.7909069355293623,0.659244869636945,0.46672873615980365,0.00018543776977190057,0.00034994335440886626,0.0004163148828777138,0.4454267128047164,5.911686571966851,0.0,
O369538,279334,558716,0.6837107837200165,1.2450000047683716,0.6285613477230072,0.5350439457756474,0.33572265489070047,0.048925954984301134,2.2968331575902794,0.8311094020954717,0.6274674399016085,0.4592863558525082,0.01874107068154716,0.03605877676478662,0.03734372778519667,0.5018532372918661,5.084994351307045,1.0,
O369598,362418,724848,1.2931835055351257,1.992848515510559,1.3513550758361816,3.4826026109918993,2.325303276596005,nan,7.555198741564878,0.8409672992388671,0.6676912459827631,0.5016962958747196,0.5189560478912916,0.826027285501963,0.8467941999859478,0.6128479008239587,4.680963866326886,0.0,
O369599,274700,549386,0.27399200201034546,0.3999999910593033,0.2485356554389,0.02723871211303037,0.014043158730097365,nan,0.23992701592510962,0.8118407932379762,0.5155588366962269,0.44837494400823713,9.931169327369264e-05,0.00018398073653097424,0.00019951476183936937,0.4977661420043151,6.058779506881619,0.0,
O369655,311130,622442,1.1536920070648193,1.995024561882019,1.1522429585456848,2.6520529664167802,1.7706654265487412,nan,6.4405026960048675,0.8070989807747806,0.6676583948250129,0.4743620460553531,0.3000959636492159,0.5926659612149953,0.6240544404599392,0.4808810645238577,4.684022122618712,0.0,
O369667,511223,1022444,0.5355446338653564,0.5020000040531158,0.4235532879829407,0.11386950956809162,0.09808269906849197,nan,0.7723193036558398,0.8890672422652601,0.8613605120503355,0.678432057764279,0.003106293514136622,0.0033383148110615727,0.0039233640111109944,0.7917423683705048,5.8208134946612,0.0,
O369668,320094,640220,0.5326285362243652,0.8599999845027924,0.584071010351181,0.2675398782521436,0.19684650080784452,nan,1.3437087131918681,0.8079333020628245,0.7357650832984459,0.526402265674678,0.008493479246241118,0.013531502822964147,0.0142758378828886,0.5949548682127883,5.376972400262363,0.0,
O369669,222732,445476,0.41635629534721375,0.8286750018596649,0.5190732479095459,0.1790927562238548,0.11961756727454725,0.014248558817873605,0.8697117169437396,0.7915638024316348,0.6679084614959677,0.5334783500031797,0.0035032650393947225,0.0065011235196429495,0.007194464208450387,0.48693897667596975,5.408407295764332,1.0,
O369697,230947,461964,0.5323113203048706,0.9650000035762787,0.43306030333042145,0.22245460109754797,0.1498199807869491,nan,1.1638031428041824,0.813116662675428,0.673485646274639,0.46872187980755325,0.004767482336985504,0.009751161731614513,0.010859986952290034,0.43899521775946426,5.297632799482782,0.0,
O369943,401388,802784,0.18716124445199966,0.3400000035762787,0.20527881383895874,0.013062881145029641,0.007623071540038737,0.0034004137579439486,0.25036374923788673,0.794570031521246,0.5835673964575018,0.44396285916931083,3.12143174351643e-05,7.697987168403716e-05,8.463436185049835e-05,0.36881376255075404,6.204992938004313,1.0,
O369999,675693,1351388,0.47424815595149994,0.45000000298023224,0.3953965902328491,0.08438224726318934,0.053311418783850595,nan,0.8294117417240283,0.8812861749515055,0.6317847712395189,0.4102301664631956,0.0011513967140871664,0.0011951894515328542,0.0014898078294152313,0.7728491496377116,5.910979240529401,0.0,
O370014,594874,1189744,0.35658441483974457,0.26000000536441803,0.35552746057510376,0.03296164406712183,0.018737752003758126,nan,0.3918621783551826,0.8638875900332966,0.568471401657068,0.5535972393259716,0.00021275076130915734,0.00021400146855013593,0.0002200474485078944,0.9668403917054496,6.1812916393593875,0.0,
O370234,396270,792540,0.30715158581733704,0.4300000071525574,0.32223547995090485,0.042559310337543746,0.02696108388094703,nan,0.3986733612397323,0.8175342401154994,0.6334943791878902,0.4632445508497414,0.0003276021249221079,0.0004713144537768987,0.0005197863226481169,0.6302630728201881,5.9973739771775,0.0,
O370241,276276,552648,0.648295134305954,1.1239500045776367,0.6260720789432526,0.4561882462180291,0.3026089068951161,nan,1.9868889875045055,0.8187958788688166,0.6633421825394602,0.4759455914596067,0.016146671152148333,0.030172941669161932,0.031087235174105065,0.519398751986736,5.143169556884171,0.0,
O370242,245287,490756,0.5790050029754639,0.9652000069618225,0.5625929236412048,0.31440822440816907,0.22212642712228983,nan,1.331357515938004,0.7938959422765846,0.7064905109922387,0.48156428591896,0.01016891699485942,0.01762849706630314,0.01887660744104967,0.5387046918582293,5.265379837227238,0.0,
O370262,274808,549596,0.5917005836963654,1.0099999904632568,0.6529330611228943,0.3902042784304482,0.22869743534332174,0.057587822902049744,1.5438826686741676,0.8032353480761328,0.5860966882865325,0.48701547793101996,0.010028941572049395,0.02025464442934858,0.020644964240581386,0.48578149398465453,5.250415079489807,1.0,
O370264,187817,375726,0.15819595754146576,0.4050000011920929,0.164101280272007,0.01051386449334321,0.005762390671287076,0.0010019273880175043,0.16210863325517072,0.7562445455874814,0.5480754174581097,0.38092985343234836,1.7978126193572386e-05,6.0901633501973866e-05,6.19389708771377e-05,0.29025548760301234,6.063928755037427,1.0,
O370266,253389,506790,0.18994343280792236,0.3999999910593033,0.19109901040792465,0.01451920049270181,0.008253621182998806,0.0004062952774390575,0.2288010615430611,0.7812632363125831,0.5684625119094922,0.4182641498497468,3.7105447719710235e-05,8.804292114793814e-05,8.985744616716513e-05,0.41293681606176075,6.044329722501974,1.0,
O370272,321700,643404,0.31901852786540985,0.4399999976158142,0.2765343189239502,0.03881661117371638,0.020600741204432366,0.004705738725638863,0.33665233435430525,0.8312149189070823,0.5307197249197684,0.4942614952202688,0.0001854427454560886,0.00032902688545849874,0.00036479843883820926,0.5083430347089117,5.980269430680573,1.0,
O370275,265971,531932,0.46659792959690094,0.8899999856948853,0.5669258832931519,0.23542853082365514,0.1440414454622047,nan,1.143765160363247,0.823600499669296,0.6118266335786515,0.48838886133988224,0.004581011121241323,0.008989807294738557,0.00934504439528758,0.4902075289820331,5.366497422561859,0.0,
O370276,205652,411288,0.5409685969352722,1.0099999904632568,0.3684770315885544,0.20132784590814562,0.09178612413300008,nan,1.083284544888366,0.7459916309662936,0.4559037708816337,0.44034709024397634,0.0016633831028007651,0.006732887305345932,0.007337323152067255,0.22670162787257297,5.278390390297003,0.0,
O370277,260136,520284,3.047470808029175,0.7900000214576721,1.845077633857727,4.442028100558516,1.858933514675939,0.39943868895476187,12.620944133774154,0.5952993224088703,0.4184875630215412,0.3728804361042342,0.37909660484758906,1.238396277728125,1.5559330798248057,0.24364582883620833,4.31410861364971,1.0,
O370278,332508,665096,0.5928823947906494,0.9749999940395355,0.47978055477142334,0.2773421064842215,0.18764754141851167,nan,1.6138352821380373,0.8020434866441587,0.6765923277834024,0.4803267792655513,0.007014547476863027,0.01445545815521802,0.014806694049462813,0.4737416369535585,5.3139428927969075,0.0,
O370279,243563,487096,0.5365395545959473,0.9350000023841858,0.5092487335205078,0.2554720035500727,0.15345451103661803,nan,1.1908155183423421,0.7932734063025844,0.6006705584337769,0.44151802421556585,0.005196818243400508,0.010156478183277747,0.010521541847751727,0.4939217387146522,5.310766829078175,0.0,
O370280,171531,343158,0.1623344123363495,0.4699999988079071,0.18987655639648438,0.014487044586819842,0.007444121887625523,0.0009443128842392969,0.2024032214086755,0.7237072592302258,0.5138468265914019,0.3950796675642487,2.4630449725983897e-05,0.00011186523048889498,0.00011267646554894602,0.21859444743840112,5.9281251991284725,1.0,
O370282,352703,705424,0.5583541095256805,0.8100000023841858,0.4189712852239609,0.18948681504896714,0.15941280284527126,nan,1.3930696452885853,0.8109697252972357,0.8412870457718963,0.6065499779810155,0.005500817602773372,0.010202284849725792,0.011178383239056308,0.49209420406646903,5.403436324542719,0.0,
O370286,961445,1922884,0.4487978667020798,0.46400000154972076,0.43643151223659515,0.09088346299069587,0.08406549107073659,nan,1.1099116811555787,0.8481772476493435,0.9249811605367935,0.6433205984393389,0.002585006428459681,0.0026567580402340847,0.002733977397851648,0.9455112651958907,5.937636023117417,0.0,
O370342,254506,509068,0.5385931730270386,0.8999999761581421,0.46102356910705566,0.22347372631302517,0.14270537657687463,0.007444413800996457,1.0678357337839275,0.8267988185270837,0.6385778719104709,0.4860579648405699,0.004472278591103685,0.008971025623023174,0.009315008917178444,0.48011533116796595,5.377193575436438,1.0,
O370343,226732,453452,1.1338860392570496,0.41499999165534973,0.35591909289360046,0.16748224820522628,0.1568022972141905,0.04098692347162229,1.5569628787006764,0.7674194164281107,0.9362323404093014,0.6301658107400295,0.0036375575040745777,0.01783495139272682,0.018474581977086228,0.19689525362934818,5.163234560757846,1.0,
O370347,194329,388676,0.48051927983760834,0.8826499879360199,0.43801067769527435,0.18577361614413052,0.11344857246668505,nan,0.8016268538218283,0.8089418770309585,0.6106818331978162,0.46500551232251336,0.0030327230576820516,0.0063258134531738175,0.006587325712550022,0.46038759733774465,5.3845653585700655,0.0,
O370405,278306,556648,0.26498091220855713,0.42000000178813934,0.1719815656542778,0.01914016958454187,0.013753640639438347,0.0009519016806371844,0.27446137068545184,0.7937270692647505,0.7185746489177488,0.45158500778196276,9.901834608876632e-05,0.00016654970648813416,0.00020704450231040522,0.4782466811908681,6.00604134147467,1.0,
O370411,390482,780956,0.3636721223592758,0.5600000023841858,0.38045336306095123,0.07748175825161276,0.04486187247912605,0.016604346883371684,0.6783915043596758,0.8159449226122578,0.578999154013032,0.47224802961298784,0.0006655192263229357,0.0012802107302135935,0.0013662888960019992,0.4870999305274028,5.760120618535178,1.0,
O370413,224708,449412,1.0751928687095642,1.9932027459144592,0.9344317018985748,2.0025594419047827,1.2511027025352304,0.17056748379839934,5.254487742135671,0.7651948596867327,0.624751843243771,0.4277897598163492,0.16036998945960274,0.3721918833690238,0.4088985665423988,0.39219993069595155,4.631088151105484,1.0,
O370414,246671,493366,0.22722937166690826,0.48000000417232513,0.2819809764623642,0.030755693117049912,0.01748629274974664,0.0012987367359834166,0.29783145155528296,0.8153698657197025,0.5685546634633584,0.44878198325267527,0.00012723734856908317,0.00030039114943198475,0.00030654224508217464,0.4150728019068782,5.91814753629893,1.0,
O370415,591645,1183344,0.8421271443367004,0.8499999940395355,0.8665356636047363,0.6202732189292108,0.4856779732576874,nan,2.6299988553169453,0.8399943171226283,0.783006517831162,0.7298812345827376,0.04709935560045548,0.04957261036550227,0.05364590876668219,0.8779673358745939,5.352105639171577,0.0,
O370418,316575,633164,0.5703830420970917,0.9050000011920929,0.5537002086639404,0.2858181949084054,0.16083336461179773,nan,1.34018858292485,0.8189928135883522,0.5627121277682798,0.5025535023841041,0.005633418484294389,0.010498767783811376,0.011871192540241602,0.4745452881164151,5.373310701687935,0.0,
O370419,282567,565110,1.1140888929367065,1.9946751594543457,1.2284639477729797,2.729948406345403,1.6855347580876903,0.32385949561926436,6.576497952292609,0.7892558708112131,0.6174236678502378,0.4431294084604228,0.2910913605607061,0.5452678251014209,0.5570339374625026,0.5225738343461367,4.633126751532652,1.0,
O370421,230456,460896,0.5249952673912048,0.9800000190734863,0.5295300185680389,0.2724407439184449,0.15143709423651577,0.010563134007047678,1.215233543745962,0.8316268161160965,0.5558533281712388,0.4763903594678876,0.004782613119903632,0.010201256591324133,0.010281465924849806,0.46516840641802715,5.277928270884361,1.0,
O370684,477968,955960,1.71148282289505,0.9401398301124573,1.9950024485588074,3.2100251146744383,2.6047818704288197,1.827868827556017,10.567136348676675,0.844635546085552,0.8114521779039094,0.5286334782952303,0.7094907407872444,0.8995919844597666,1.3064803131185247,0.5430550569060729,4.655441510332406,1.0,
O370806,291928,583864,0.5742657482624054,0.9149999916553497,0.5297051966190338,0.27833526671347425,0.1600773356889699,0.03883065926012153,1.2910460646881927,0.8272134154819787,0.5751241572048352,0.4952232582659051,0.005846054512087536,0.009822282189045954,0.010786779519173003,0.5419647728681618,5.354334013707863,1.0,
O371206,238974,478032,1.9952930212020874,1.3202747106552124,0.7276735603809357,1.9169358677361388,1.2285031825206845,nan,4.9775248010113895,0.7607193226211859,0.6408681704993715,0.40740809728991145,0.14792639537870703,0.414646682555382,0.46915943436449137,0.3153009074177171,4.681337220333105,0.0,
O371694,306463,613070,0.5874518752098083,1.1399999856948853,0.7485506236553192,0.5013007067231043,0.3143118307934217,nan,2.336357221352106,0.7881348086618107,0.6269925946205243,0.4047204900842249,0.016773634732173623,0.034410266921252056,0.035520533616843285,0.4722236133361416,5.117838802905097,0.0,
O371695,428805,857628,1.8467242121696472,1.9930342435836792,1.1437880396842957,4.209808636873349,2.539465501838642,nan,9.205397753869667,0.7681455739325381,0.6032258757786954,0.42006064619396993,0.7879756803815999,0.7904921029736905,1.223521782673472,0.6440226006110195,4.668217282149575,0.0,
O371696,309463,621408,0.5079291760921478,0.8509999811649323,0.5255650579929352,0.22717429765466854,0.18287054157358518,nan,1.2323913082435782,0.8124787939804387,0.8049790115410405,0.5523836920365688,0.007064162584159309,0.012790008245390297,0.01309169675636142,0.5395910641396994,5.399860104682259,0.0,
O371698,311632,623380,1.212391197681427,1.9946781396865845,1.2624446153640747,3.053007962850305,2.0424841330971852,nan,6.90799656184198,0.8230721758156931,0.669007142447906,0.4850332376939295,0.39089507922726563,0.7193622023299122,0.745023674678007,0.5246747083523315,4.654289934170006,0.0,
O371712,290009,580168,0.6471381783485413,1.1179999709129333,0.7526499927043915,0.5445426193804735,0.39467194345910167,nan,2.099125667317525,0.8167438369822891,0.7247769585200148,0.46510339367881515,0.02620342204241128,0.044583291360767725,0.04803162492453475,0.5455451920184042,5.140373036740914,0.0,
O371713,299862,599732,0.5032479465007782,0.9079999923706055,0.7125177979469299,0.3255843890094446,0.20527518215476515,0.02622055504355338,1.392354950736706,0.797920229471298,0.6304822623077623,0.4674690257282598,0.00894795541116138,0.015437302186085649,0.016795381857188752,0.5327628444084157,5.333171469935054,1.0,
O371714,337870,675756,0.5284295380115509,0.8760000169277191,0.6273030340671539,0.29038126198845954,0.21028807187201337,0.012467771035936978,1.4437342945086127,0.8179688262793219,0.7241792064405682,0.5073196446926005,0.00953996490723585,0.01474656184995169,0.016231689478396136,0.5877370263849147,5.369262358966674,1.0,
O371716,600910,1201820,1.3941237926483154,1.3650000095367432,0.7686072587966919,1.462643465251705,1.2634941289362849,nan,7.094166067184803,0.7868671881177413,0.8638428700864919,0.49679624855111837,0.22857980778308437,0.25170812563693434,0.3743407411128552,0.6106196378827299,4.927908080708022,0.0,
O371717,426093,852192,0.7959469854831696,1.371999979019165,0.6840459108352661,0.7470049816441517,0.6914166520297544,nan,5.058990752381048,0.7872417012866945,0.9255850617059502,0.48615640852415315,0.060985478707585826,0.12602234559600492,0.13509092816099585,0.4514402228024211,4.925440513984803,0.0,
O371718,319514,639680,1.2343167066574097,1.994474709033966,1.2578824758529663,3.0966720030664256,2.152892550768281,0.10055452124018267,7.034460367655656,0.8127539934939095,0.6952278280155006,0.5555062878863645,0.425084486497025,0.785839120819992,0.8118427874216445,0.5236044380551356,4.657259105042976,1.0,
O371719,245192,492472,0.4964216351509094,0.8449999988079071,0.47222837805747986,0.19808860386250718,0.14257254906473846,0.006552836021270619,0.964019734448047,0.8156577278049272,0.7197412990183812,0.5304636657989712,0.00441726367903343,0.008876842445044712,0.009108753802191396,0.48494709319849205,5.405420371701639,1.0,
O371720,334022,668138,0.6805075109004974,0.996999979019165,0.566101998090744,0.38408094356903394,0.2598679859175151,nan,1.792513012073309,0.8141708465071007,0.6765969264257625,0.4828942129561202,0.01328896509056177,0.021775707861102965,0.025199655385627986,0.5273470961091321,5.270312755144289,0.0,
O371722,241766,483568,0.7975328862667084,1.2820000052452087,0.4979308098554611,0.5091029652846338,0.2962675573911468,0.029346512188209523,2.2387371619447185,0.6905484209529144,0.5819403491894942,0.4790593585522031,0.019037339462445645,0.0334554642159409,0.04537082117068015,0.41959433334541646,5.033392116783012,1.0,
O371724,269011,538084,0.5671730935573578,0.93299999833107,0.4739468842744827,0.2507996554113039,0.16688162818210714,nan,1.3290376024833561,0.7832104721962622,0.6653981557846492,0.44909709262094666,0.006109228773001642,0.011296302899504935,0.012863404382827879,0.47493094294362803,5.306232770275538,0.0,
O371726,457591,915188,0.7796437442302704,0.7800000011920929,0.6969621181488037,0.4238380818443129,0.26431012487216515,nan,1.7633940347521886,0.8236786145479079,0.6236110821425749,0.4656946706174399,0.01648698912740432,0.0178477824059698,0.021855340361199665,0.7543689027453485,5.414128106752094,0.0,
O371727,246921,493868,0.6411067843437195,0.8400000035762787,0.4605443775653839,0.24801682601268474,0.19345738230498752,nan,0.943493685682663,0.8199684069608655,0.780017168250888,0.5327330770236268,0.008350732249389885,0.013019842848353887,0.014722588916846234,0.5672054213124574,5.4178190291370605,0.0,
O371730,191952,383916,1.0260266065597534,1.9942487478256226,1.0510793328285217,2.1506683684588976,1.263413748489603,0.1816512274103302,3.973133171493722,0.8125082193272787,0.5874516810766721,0.463046951345749,0.1649276600859066,0.3637288349610417,0.36590173899706374,0.4507430342855793,4.684059519525583,1.0,
O371732,308801,617680,0.5361904799938202,0.699999988079071,0.39950238168239594,0.14994655910149604,0.10361862894589151,nan,0.7936334329854254,0.8289367430813989,0.6910370572475356,0.6143904452051101,0.0030560023289558213,0.004314144996850921,0.005410335178503078,0.5648452874229043,5.590058743224812,0.0,
O371733,355214,710436,0.49564556777477264,0.7619999945163727,0.6441353559494019,0.24327827792747167,0.16305743973666575,nan,1.0924719285931421,0.8232894389708778,0.6702507150485417,0.5339212873374604,0.006256141938796039,0.010251753567993831,0.010280101293454694,0.6085681220650329,5.5120797877782275,0.0,
O371734,437543,875104,1.2286741733551025,0.7400000095367432,0.7173674404621124,0.6522440351130111,0.5021885687794739,nan,3.580451112838448,0.8825782748133073,0.7699396878232274,0.47395612236441126,0.03567640057658958,0.06845182390820102,0.07052108838461037,0.5058969081988126,5.087082991919546,0.0,
O371735,373723,748628,0.5959699749946594,0.6949999928474426,0.45752258598804474,0.18950545632061108,0.14375249281694844,nan,0.8930103054562972,0.7986193698933972,0.7585665110018975,0.47137983846926673,0.006099189885934749,0.0065940186364893665,0.008840975796865004,0.6898774553932737,5.62169335568436,0.0,
O371736,544822,1089652,0.9506570100784302,0.699999988079071,0.7514605224132538,0.5000668408844636,0.3407824332910796,nan,2.7158230160181214,0.8623156879137922,0.6814737659636476,0.5508543134066727,0.022966778912034445,0.028640272684178646,0.03376860338042568,0.6801222618921627,5.302353171588513,0.0,
O371742,499014,998044,1.4315346479415894,1.9944672584533691,1.668280303478241,4.763188814605963,2.8032695382816737,nan,10.348235623788767,0.8663703095281109,0.5885279058612283,0.4727758512239101,0.6938498611899596,1.0886115315855747,1.1777978698347402,0.5891077569085054,4.6832464212571,0.0,
O371744,215997,432028,0.579079270362854,0.8640000224113464,0.6267110109329224,0.3135588748010662,0.2564217216889203,nan,0.8339811849678732,0.838774589065516,0.8177785490893986,0.5834271454561186,0.013840423547946356,0.019616612219959296,0.0206303777728955,0.6708759141643112,5.413291466393431,0.0,
O371745,731758,1463540,1.994722306728363,1.993344247341156,1.4873561263084412,5.913978183798343,5.881410128352939,nan,18.34202728113982,0.8038926695580841,0.99449303760798,0.46527525377496765,3.0152428787640893,3.023396586155961,3.8859207490449696,0.7759403944367975,4.60092014402816,0.0,
O371747,489324,978644,0.6595248878002167,0.800000011920929,0.5725505650043488,0.30208908221703307,0.17594879513544226,0.048023726647619724,1.6777235935761574,0.8679558601596462,0.5824400996029161,0.47316740655836326,0.007342205327336544,0.010046821458891537,0.011866735664584837,0.6187215705199088,5.464876105243679,1.0,
O371748,243175,486392,0.25337018072605133,0.4000000059604645,0.26138442754745483,0.026490808253413437,0.017190442419566975,nan,0.2213389892228498,0.821090839129822,0.6489210240443277,0.5170605071857476,0.0001409600956596795,0.00024537104078927905,0.0002593968365277442,0.5434148602062959,6.04086100220237,0.0,
O371749,239014,478080,0.2950468361377716,0.44200000166893005,0.30521558225154877,0.03980337836269611,0.022379260782533144,nan,0.26227207993085094,0.8165519890402946,0.5622452591488335,0.5109351858652702,0.0002139326827474721,0.000387825192005315,0.0004242221014269119,0.5042940526386742,5.959671279641181,0.0,
O371750,240466,480940,1.4454957246780396,0.9009999930858612,0.6174725294113159,0.8041910589633016,0.4797484556607426,0.024287779483419175,2.7136439143533893,0.7845793579101574,0.596560295359657,0.42803651884273997,0.029410089717145975,0.086058967289653,0.0905955609066402,0.3246305825895092,4.947500820494932,1.0,
O371751,266776,535930,0.5199868083000183,0.8379999995231628,0.5072280168533325,0.22102407327279178,0.1563718864732026,nan,1.038564381260494,0.8089669986441201,0.7074880313159629,0.507019314024978,0.005601540851798494,0.00960151408817057,0.010021921751569478,0.5589288153164105,5.409713332623146,0.0,
O371752,324904,649820,1.2826294302940369,1.9945787191390991,1.2779242992401123,3.269320592351012,2.3475990567892433,nan,7.697334909819305,0.794657628357187,0.7180693940758663,0.5325732630557375,0.5309208133902927,0.8443606940639263,0.945002991309185,0.561819188164439,4.625414675065596,0.0,
O371754,351898,703888,2.6042425632476807,1.8920000195503235,1.5166559219360352,7.472907978817235,5.642670615355386,nan,13.185665320144114,0.8257798279962527,0.7550836476710466,0.4577545622366528,2.1435806734904332,3.753419173969346,4.188471883972228,0.5117810821873113,4.426314750302414,0.0,
O371756,386158,772372,0.2393236607313156,0.32500000298023224,0.2329249307513237,0.018116945474604764,0.012555140853530043,nan,0.20703755911497235,0.8629489554870555,0.6930053894089971,0.5716318861452677,8.65699791275531e-05,0.00013309252191638838,0.00013873358733309697,0.6240015903265016,6.270715897635677,0.0,
O371757,247680,495398,0.4622012823820114,0.8379999995231628,0.47674140334129333,0.18465370882966506,0.12450934936769471,nan,0.9962601703089827,0.7997418075256851,0.674285667787746,0.5368226402886258,0.00363702449987384,0.007164535160636986,0.007338917945412352,0.49558048297125173,5.395518171086434,0.0,
O371759,936234,1872508,0.7253479659557343,0.7250000238418579,0.6414960026741028,0.3373481811073891,0.337078780787792,nan,3.039828846426182,0.8074076647997303,0.9992014176015037,0.4966842083105321,0.026309328996316488,0.026316574496076457,0.029522790930646328,0.8911531791869283,5.488535276872881,0.0,
O371760,246962,493984,0.4788970947265625,0.914000004529953,0.48266978561878204,0.21127033150034133,0.13114541551484885,0.021864985095453277,1.158745071214971,0.781161538272576,0.620746957623044,0.46051568207393506,0.003841288900557731,0.00836223182824807,0.008473808101417775,0.453313180400561,5.328642233722541,1.0,
O371761,170788,341572,0.4042622148990631,0.8949999809265137,0.49351225793361664,0.1785599770271931,0.1020925081392617,0.007846427858712325,0.7949937973324945,0.8122420668045801,0.5717547114363367,0.5069286603933986,0.0023666917154833086,0.005631747753007801,0.0059149638200322995,0.4001193899898419,5.332093612552831,1.0,
O371762,167103,334224,0.4392531216144562,0.8950000107288361,0.42009201645851135,0.1651514249670248,0.07689637092212465,nan,0.7124971044423714,0.7401710417871816,0.4656113075468666,0.518260644147372,0.0014205378045019645,0.004146725021140368,0.004663022962780479,0.3046388181744923,5.370201143121787,0.0,
O371763,390529,781064,0.682124137878418,0.5209999978542328,0.3456198424100876,0.12282868639074189,0.11195514095224175,nan,0.9755225373066181,0.8286716728521284,0.9114738929641462,0.6331216882908989,0.003319066547398993,0.005163197166174075,0.006442011924065484,0.5152220434426589,5.602415982091856,0.0,
O371771,232390,464776,0.4782866835594177,0.863999992609024,0.5376474559307098,0.22217726858817974,0.1365562764809274,nan,0.9624007888412492,0.807999566797657,0.6146275780086373,0.5098645998967317,0.004150871427458612,0.008557486871106931,0.008734206739934568,0.47524309316837954,5.3828614656404286,0.0,
O371772,225478,450956,0.53059983253479,0.8640000224113464,0.4976404011249542,0.228137403181191,0.1419834824570941,0.019977904197062867,0.9408005067384435,0.8115283392469513,0.6223595100025232,0.49010069470136197,0.004576923227801322,0.008753974612851859,0.009153155671566417,0.5000377347475021,5.379606631299764,1.0,
O371773,260079,520258,0.47502301633358,0.8379999995231628,0.5498203635215759,0.218866600338599,0.15677340757322086,0.008597179185489698,0.9627457904344392,0.8138811634053622,0.7162966269439172,0.5371988983315069,0.005244938769848932,0.010352080302867347,0.010507020701645855,0.4991842044269835,5.431593658270742,1.0,
O371774,256392,512816,0.5374115407466888,0.9600000083446503,0.4885420650243759,0.2520462203198186,0.1717001334231972,0.037898888972165874,1.3825611971026899,0.7770646385560128,0.6812247896648831,0.44250506496182074,0.006207077127868003,0.012400576788885044,0.013401211904324136,0.46317282139723354,5.268220106276497,1.0,
O371775,375554,751212,0.9002604186534882,1.2700000405311584,0.7184732258319855,0.8214525452061887,0.517425613446212,nan,3.354627781281975,0.8347639028986608,0.629891058790664,0.40154444983352655,0.04251891846339919,0.06628995359210926,0.07182097757564378,0.5920125275183998,5.049028052723562,0.0,
O371776,294896,590264,0.5443620085716248,1.1899999976158142,0.6795697212219238,0.44021900582451595,0.2804284282874843,nan,2.237497362419674,0.7848008799812204,0.6370202662246509,0.4338392791331765,0.01291277155008721,0.03131711189116991,0.031583783999393024,0.40884181421502147,5.119906349737912,0.0,
O371780,288514,577036,0.5933342278003693,1.0669999718666077,0.5073317736387253,0.321185457193972,0.23919598566020384,nan,1.8271264795989168,0.7724939745162618,0.7447285681921375,0.4677517065037071,0.010660769576058831,0.021548384363308755,0.024608551126594595,0.43321402878277054,5.19839828026878,0.0,
O371781,224522,449044,0.24498353153467178,0.4350000023841858,0.21891796588897705,0.023329614061809733,0.01334877121679256,0.0017466181380186973,0.24114027097116877,0.7963163908146025,0.5721813992047267,0.4461170719787535,8.519935289982889e-05,0.0001841270761790634,0.00019236540016542527,0.44290372814737694,5.968989157582929,1.0,
O371782,312025,624048,0.5967399477958679,0.42499999701976776,0.17713665217161179,0.044924419227065526,0.032224771286949984,nan,0.6129190867974256,0.7907274063133133,0.7173108042660147,0.48615092842304314,0.00048161625767961563,0.0007025997962182784,0.0010481328308273885,0.4594992576460287,5.706786246016587,0.0,
O371783,233504,467076,0.5082283616065979,0.9150000214576721,0.4388473480939865,0.20407672666204932,0.1255674330061082,nan,1.120117111720105,0.7691498041922025,0.6152952130305757,0.45408086069106507,0.003535596847779004,0.007839274587670846,0.008651619007014506,0.40866303115202307,5.319030892692679,0.0,
O371784,231851,463750,0.531594455242157,0.9099999964237213,0.4318348467350006,0.20890051837427828,0.1251949834976724,nan,1.0711970390953787,0.7657210636576998,0.5993043218464678,0.44103941598531893,0.003581064273875213,0.007686030522361451,0.008592392821985477,0.41677148008320725,5.335339609829227,0.0,
O371785,246926,493896,0.49656760692596436,0.9149999916553497,0.44382837414741516,0.2016575743380604,0.13600829198290162,0.01769785539164763,1.192188800146564,0.7781255306476447,0.6744516908395229,0.4495250446399999,0.004061305929964613,0.008844176495661153,0.009469417896870521,0.42888654552956257,5.316221783655442,1.0,
O371786,238130,476296,0.5037352740764618,0.9099999964237213,0.4335680305957794,0.19874719397681878,0.12719022956827128,nan,1.1419182937873975,0.7696002349514114,0.63995987577619,0.4451903355037267,0.003632886865648754,0.008002678629816929,0.008715920098445101,0.41681048295714096,5.31917908146181,0.0,
O371788,278340,556864,1.1642299890518188,1.9940783977508545,1.2040148377418518,2.7951997556981514,1.8281793634182788,nan,6.168104198459738,0.8161952571485734,0.6540424739560905,0.4111643642910288,0.33439077275700446,0.5978315902290845,0.611873357667696,0.5465032405261379,4.654423921213287,0.0,
O371789,268747,537692,0.5319580137729645,0.9588499963283539,0.4928513467311859,0.2513876709331196,0.15886582883649555,nan,1.3872116689663523,0.7870125838580012,0.6319555300655973,0.42650256351129817,0.005428598139271892,0.01099588662448218,0.011880942274587677,0.4569164645200912,5.287200891606355,0.0,
O371790,293677,587632,1.1360180377960205,1.9927754998207092,1.2887341380119324,2.9174736028973056,1.8636813184254069,nan,6.562406909240958,0.8175700923523483,0.6387997192415413,0.42014154365146533,0.35195790985747266,0.6096368285422569,0.6173562266150551,0.5701050620113559,4.650806779277366,0.0,
O371791,293021,586340,1.1011552214622498,1.994616687297821,1.2196073532104492,2.6787243450724763,1.7260258590296005,nan,6.4456107133297085,0.8092609515910651,0.6443462024021366,0.4094446454869362,0.304872589265882,0.5504577142784328,0.554025209250416,0.5502864927001571,4.657634673664102,0.0,
O371792,293445,587092,1.0662938952445984,1.9950410723686218,0.941485583782196,2.002822391807698,1.3177849979470986,nan,6.594656831175631,0.7683262125170255,0.6579639828960063,0.439704112172517,0.1800744892370081,0.3927836517365869,0.4294284618819299,0.4193352449156457,4.64833451307001,0.0,
O371796,289100,578252,1.2169811725616455,1.9944068789482117,1.0022186040878296,2.4325405194924126,1.7360467801050794,0.30154393416316533,6.381014883222496,0.7965462247102084,0.7136764079339293,0.4649984242202228,0.2926991817878275,0.5640118291231218,0.6231859783507057,0.46968191191090536,4.656158334088877,1.0,
O371800,409717,819440,1.3370321989059448,0.7619999945163727,0.8592533767223358,0.8754232606528121,0.6132940849048608,nan,4.162276599247901,0.7962101318423186,0.7005686420161159,0.48553981530102436,0.05131712468168012,0.10449688957179347,0.1228808299456855,0.4176170091328548,4.993153046728186,0.0,
O371804,272744,545528,0.26666398346424103,0.5,0.27507680654525757,0.036676538495990396,0.021953578476545582,0.0033467984622281162,0.3829859759307052,0.7747125475178723,0.5985728036724518,0.4387039783487389,0.00019518602842706365,0.00041694626914404626,0.00045396002171217557,0.42996303438988187,5.852572334082328,1.0,
O371808,317125,634272,0.6367929875850677,0.9899999797344208,0.49054357409477234,0.30925095467712804,0.24095458005679724,nan,1.7710583105989504,0.8008384252384577,0.7791554930149357,0.5264715729095325,0.0113572862515433,0.019873317770722213,0.02361071243159059,0.48102259872292175,5.25299762002533,0.0,
O371810,219588,439168,0.8926669359207153,0.2029999941587448,0.6694669127464294,0.12131502498263795,0.06736589845881928,0.02436303844351963,0.9003350832360956,0.7309832003198358,0.5552972393028842,0.5533157948136259,0.0012814245854189353,0.0036143123205937744,0.004488788855807795,0.2854722346231481,5.387204429621807,1.0,
O371814,394038,788134,0.6520219147205353,0.7800000011920929,0.5445042550563812,0.2769223918483927,0.19467549801554743,nan,1.2750506826548467,0.8613527533311046,0.7029965930748094,0.5531994072348893,0.008640899786786765,0.012027669652557148,0.01342927008883294,0.6434377840067476,5.490010657964599,0.0,
O371815,393393,786852,0.6210606694221497,0.7800000011920929,0.5006162375211716,0.24251218373746466,0.18265763811674474,nan,1.29659180197266,0.8462350025205897,0.753189531765891,0.5565067030465657,0.007690404981061029,0.011030235786675955,0.01235132689854344,0.6226379598104507,5.482023356515126,0.0,
O371823,179161,358348,0.4150940328836441,0.8989999890327454,0.4716596156358719,0.1760089975631735,0.1075247866898675,nan,0.8396889265221219,0.7627938258473547,0.6109050570058185,0.5002174984779119,0.0025513998090763903,0.0067043875328279285,0.006723278670230245,0.3794874397180112,5.329125051901634,0.0,
O371826,278677,557348,1.8248485922813416,0.7700000107288361,0.6814448535442352,0.9575209482564923,0.8799419344584196,nan,5.250877543538882,0.7784034438062165,0.9189793038582259,0.567036142607419,0.07300960478657885,0.2583941170412178,0.26943625399571514,0.27097171855625607,4.724869236480148,0.0,
O371828,507762,1015572,0.9133288860321045,0.820000022649765,0.8275026679039001,0.6197413308078029,0.3097344550032693,nan,2.2427049033209325,0.8300971511009081,0.49978021410891765,0.4519432016598654,0.020720544767688275,0.02536961525234855,0.03633087421638096,0.5703288240266385,5.354888063360831,0.0,
O371829,179900,359796,0.20729998499155045,0.42000000178813934,0.21966785192489624,0.019125599892432746,0.0065873176085370945,0.0008050754711301731,0.19688969287642333,0.7504083608523071,0.3444241041110266,0.4733400915561573,2.2390423078090032e-05,6.812293304582801e-05,7.341887157316464e-05,0.30496822681042085,5.960808181814131,1.0,
O371830,297475,594972,0.43168947100639343,0.8199999928474426,0.46052564680576324,0.1630193383186973,0.10331005064480869,nan,1.0149668224959134,0.8091479516124602,0.6337288061054513,0.4778578705524521,0.002619642114726979,0.005405202214219305,0.005479291707411478,0.4780986767292497,5.4669986270481505,0.0,
O371831,270142,540196,1.7491086721420288,1.0099999904632568,1.0159997940063477,1.7948649741492382,1.440878047850183,0.23450924888747923,4.8060592887157005,0.8249109834187393,0.8027779630237399,0.532391463600586,0.20993557607393012,0.4121465919128127,0.43508120608655804,0.4825204424761204,4.749802986781818,1.0,
O371839,228128,456264,0.5269627273082733,0.9149999916553497,0.5288047790527344,0.25497427152837554,0.15879964549904213,0.029961928994749976,1.1235570859804604,0.8118139589167392,0.6228065465082412,0.49279272101413435,0.005594118958321175,0.010423423797817372,0.010551964446561434,0.5301495268157513,5.307583449970249,1.0,
O371840,222468,444964,0.5246438086032867,0.9149999916553497,0.49175751209259033,0.2360677415060839,0.1420127772580552,0.028505335322498503,1.0900176545878182,0.8015444952059753,0.6015763795257696,0.4995857373148083,0.00445657602191367,0.008932565855802908,0.009560685859565526,0.46613559815427236,5.309834018400277,1.0,
O371842,270037,540182,0.266663521528244,0.3999999910593033,0.2277279943227768,0.024290699023730804,0.0130626447237124,0.0009188890495548831,0.22712084867081128,0.8060827149313985,0.5377632282607778,0.47080131750282767,8.633014563412708e-05,0.00015941216035209228,0.00018177839962515177,0.4749197144003352,6.075166272183801,1.0,
O371845,231275,462552,0.43512192368507385,0.8889999985694885,0.5316765606403351,0.2056649293224524,0.13837880719443343,nan,1.0003933186548615,0.8099500041622799,0.6728361886993178,0.4910483044109352,0.0044661979689273245,0.008221516009003999,0.008783834056273919,0.5084565510134278,5.363957907090517,0.0,
O371849,421065,842122,1.981385886669159,1.9703487753868103,1.3529950976371765,5.2821216195832745,3.286820595915812,0.48404094213218424,9.332170404345048,0.8118235642294309,0.622253865516849,0.48053418462480446,1.110003932970302,1.2156831538268587,1.689264366969737,0.6570930842290049,4.654366482891357,1.0,
O371850,861751,1723840,0.5000297576189041,0.48999999463558197,0.43714724481105804,0.10710744795206603,0.09604717885579538,nan,1.1584427875882868,0.8749332410267263,0.8967366947140737,0.6010875061689077,0.0031786761500699505,0.0031910639666532566,0.0035431965385222452,0.8971210361917082,5.871507206042834,0.0,
O371855,229458,458946,0.5726151168346405,0.949999988079071,0.5433074235916138,0.29555073793651443,0.16737736696960395,nan,1.1813253936725303,0.7879416869788486,0.5663236307180438,0.45815518193329163,0.006046155975712322,0.011856926651014957,0.012130791822081021,0.4984139588239271,5.288333664249181,0.0,
O371856,282205,564452,1.1066163182258606,1.9946100115776062,1.1187751293182373,2.4694365279410184,1.5066270648768672,nan,6.37241908528274,0.792251703705961,0.610109653692161,0.4830187436723211,0.2298469841890057,0.47124079218840825,0.47754424201056084,0.48131034565782216,4.646260374490601,0.0,
O371857,214149,428346,1.0519169569015503,1.9955305457115173,0.8694916367530823,1.825178082800328,1.1455469072012379,0.14576011445453174,4.894943751070457,0.7634948857963768,0.6276356910026293,0.4345501180068714,0.13955228119507965,0.3203490574765387,0.35424892119740264,0.3939384789751135,4.640968345146274,1.0,
O371860,198910,397820,0.43716946244239807,0.8826500177383423,0.4737755358219147,0.18281464495019054,0.11381018467122633,0.01721071876811442,0.8208718455624981,0.8093958902499249,0.6225441331696097,0.47096791080892647,0.003001670086698857,0.006508817571995562,0.0066516485150867,0.4512670926448873,5.384381256994454,1.0,
O371861,174476,348946,0.43356379866600037,0.8826499879360199,0.3711835741996765,0.14204641640421115,0.08646470568333718,nan,0.728048477368088,0.7877237256995194,0.6087074061572301,0.46048676343875355,0.0017674765556787728,0.004467753576784885,0.004876398347771672,0.3624553265806191,5.37957539821189,0.0,
O371863,262671,525384,0.5650499761104584,0.925000011920929,0.4790855199098587,0.2504042201885193,0.18230143069910795,nan,1.270059822533657,0.822630789704139,0.7280285873850708,0.5336721707750486,0.006708492312138338,0.013154793291839112,0.01378631173305181,0.48660529676368425,5.3155879498309035,0.0,
O371864,223730,447600,0.4923286885023117,0.9549999833106995,0.49044036865234375,0.2305922556005119,0.13204466934942455,0.028221289791473564,1.1559328618409233,0.7961942626204013,0.5726327148565844,0.5116379883676505,0.0036997491574720254,0.008593767285768907,0.009055472989392395,0.40856498184091783,5.286791612233932,1.0,
O371865,190472,381012,0.523258775472641,1.38400000333786,0.5065487623214722,0.3668376226486094,0.2453462698442329,nan,2.133222145196293,0.7315832137384625,0.6688143600779137,0.4065655660763713,0.008960946037521199,0.03163138554484807,0.03301612889766125,0.2714111658970402,4.950795058520864,0.0,
O371866,300917,601860,0.6895807981491089,0.9652000069618225,0.580376535654068,0.38628898275860285,0.234914256295136,nan,1.5718367420588635,0.8148533556271964,0.6081308729478755,0.4670873925524734,0.011100850291179836,0.018495942442107016,0.020258814289514194,0.5479516289818378,5.2820392871652695,0.0,
O371867,271679,543368,1.1906843781471252,1.994910180568695,1.2111774682998657,2.8769199995789165,1.90661075483378,nan,6.082631842698847,0.8047919214601154,0.6627263723401565,0.44077247186230795,0.3525978848996299,0.6612258573046196,0.6773966502245385,0.5205190855058898,4.649964538853537,0.0,
O371869,241613,483196,0.5590639412403107,1.0329999923706055,0.5559585690498352,0.3210733272377011,0.1967618188990871,nan,1.4632005904133063,0.7847371516781309,0.6128251779488922,0.47797565107273876,0.007490991467769071,0.016857107733366725,0.017467208048096552,0.42886026473964073,5.217816430105143,0.0,
O371872,224530,449084,0.4711052179336548,0.9999999701976776,0.4417117089033127,0.20809268468509676,0.1161476912312744,0.015020659811754886,1.3417843028507237,0.7540932526820636,0.5581536487312795,0.415389708513156,0.00280732897467715,0.008062586235391153,0.008543645312810844,0.32858678841309996,5.223591669476307,1.0,
O371873,214751,429546,0.48982302844524384,1.0100000500679016,0.41292591392993927,0.20428323802829468,0.12416116082474793,0.009525249400103658,1.2007556672252429,0.753575956478134,0.6077892734770081,0.42925184690278373,0.003149775719130375,0.009074511325339143,0.009934527064599526,0.3170534136802764,5.252480549762174,1.0,
O371886,204556,409084,0.43613770604133606,0.863999992609024,0.4190444350242615,0.15790557057764817,0.10706034926586365,0.021777919513040662,0.8453247706938708,0.7987848399047,0.6780023584615592,0.48833864992355513,0.0025866030028960083,0.006218076996596945,0.0063673134099867966,0.4062314568714424,5.383788627302945,1.0,
O371888,256808,513640,0.550086110830307,0.9270000159740448,0.5015204846858978,0.2557402572661573,0.16550807566906986,0.03375922673257153,1.2537479393420559,0.8192029780456037,0.6471725548348853,0.500467695298812,0.005789367927352736,0.011049145540043272,0.01189625236572018,0.4866547673480074,5.311398316385792,1.0,
O371889,397568,795180,0.6401695609092712,0.9589999914169312,0.5890405774116516,0.36162532480303305,0.2221603407217688,0.007237757122548261,1.9460378499386743,0.8384855419843459,0.6143384477919879,0.51945754791583,0.00991216579292956,0.016706339164216225,0.01819898425206502,0.5446548914841133,5.3102601381092835,1.0,
O371890,282364,564716,0.5930174589157104,0.9399999976158142,0.5622174441814423,0.3134004737052714,0.15159634233297611,0.04003509556066638,1.3226461653298314,0.8140766902820118,0.4837144645656809,0.4975006390148436,0.005181593595294587,0.009428182465070748,0.010909205531775237,0.4749744223080372,5.329365648386731,1.0,
O371892,302333,604746,0.5939885973930359,0.953000009059906,0.5413274765014648,0.3064298610311816,0.19815939384419246,0.03985934809701688,1.5020321223629531,0.7948632959144751,0.6466712910333116,0.42674369185439687,0.008435446072400779,0.014546384236476867,0.016152463204061447,0.5222389901671303,5.303806332953448,1.0,
O371893,238820,477660,0.5722305178642273,0.9489999711513519,0.5812523663043976,0.31564720551322545,0.18876768832030066,0.018392463302403128,1.1801009437164152,0.8039692678448158,0.5980337700546866,0.4555213162592229,0.007614453136950143,0.014081877582823343,0.014192992703589738,0.5364938386126465,5.306151536340994,1.0,
O371894,293688,587456,0.6191010177135468,0.9460000097751617,0.5093593299388885,0.2983162591340623,0.20659456264075904,0.03741959930199071,1.468353178518293,0.8048497875789904,0.6925353758472688,0.4910189824591139,0.008696784474594718,0.0155729843118711,0.017797035735457167,0.48866477563272237,5.301055674074503,1.0,
O371895,223134,446228,0.4938904941082001,0.9910000264644623,0.47306476533412933,0.23153941716300333,0.13269227303344241,0.02936795126594723,1.1862400336891037,0.7911161644522898,0.5730871860147566,0.4510528799110168,0.0037264785972921147,0.00896337220807512,0.00940501896108786,0.3962223375316917,5.274393174180202,1.0,
O371897,265321,530724,0.5693709254264832,0.9779999852180481,0.4832763969898224,0.2691099276768184,0.1756980415466869,nan,1.4313369163076932,0.8218450085689729,0.6528857670300724,0.4692338431424567,0.006185790230891935,0.012592949199503232,0.01362408615108341,0.45403340541853743,5.268029752970167,0.0,
O371898,280996,562024,0.5635429918766022,0.9525000154972076,0.4700201749801636,0.2522949424121252,0.18013758622982748,0.022509311411832225,1.4241911248277543,0.8005338688803609,0.7139960258718613,0.4773910494649196,0.00654412519517634,0.013198189512921212,0.01473761816988862,0.4440422543004313,5.295131862696256,1.0,
O371899,236855,473730,0.49552546441555023,0.902999997138977,0.4570824056863785,0.20452586148457927,0.13956203340643605,0.02113136664604477,1.1240128542479384,0.7747439829893921,0.6823686373615822,0.44933958350082354,0.004426919831733366,0.008734069036233054,0.00946296997059584,0.4678150565297232,5.323711279233255,1.0,
O371904,252818,505644,0.6012493073940277,0.9909999966621399,0.5845516622066498,0.34829812932630727,0.1834423516708026,nan,1.3609861990536793,0.7981768750831778,0.5266819894371079,0.45200621659388507,0.006972968354684188,0.014056574600780504,0.014364209261349141,0.4854404602310326,5.268954270070795,0.0,
O371905,247495,495072,1.1934973001480103,1.9950008392333984,1.2425405383110046,2.958523956265213,1.8709697562314753,nan,5.449358970112837,0.8057434677162644,0.6323997317207307,0.47626031267167285,0.34669636387645,0.6437181320626995,0.6507433981517722,0.5327696982576078,4.6572210120704405,0.0,
O371906,262257,524492,0.6107595264911652,0.9970000088214874,0.5382896065711975,0.3277792116090673,0.18842353729301245,nan,1.400618303188275,0.8112576117840233,0.5748489550879136,0.45718445705128125,0.00718512909064501,0.014494571187506557,0.014963653205397241,0.48017212053894737,5.272407291556379,0.0,
O371913,203404,406766,0.42862407863140106,0.8320000171661377,0.4608711153268814,0.16435366376044921,0.10505910199481838,nan,0.7719549429899517,0.8077067316841202,0.6392257987503426,0.5068502543026203,0.002626838385079223,0.0056822051738868885,0.005784002697353763,0.4541558022234372,5.420767536768791,0.0,
O371915,404025,808036,0.7651063799858093,1.3720000386238098,0.6424163281917572,0.674361111536868,0.6272215718169826,nan,4.7805842692906,0.7837495581700726,0.9300974820264258,0.49653279273817735,0.050029851303977704,0.1126122959777589,0.12045973092016002,0.415324282412163,4.926927260856449,0.0,
O371925,408319,817068,0.6564249694347382,1.1550000309944153,0.5834450721740723,0.4423510521578511,0.3350812088071025,nan,2.780349610529708,0.8134715506675637,0.7575006483482495,0.49580576590721054,0.018066468210359583,0.03729652087699127,0.04097228141234877,0.4409436718579813,5.166900180087217,0.0,
O371929,269370,538772,1.190043330192566,1.994385838508606,1.0588108897209167,2.512987657890822,1.6994275525899838,0.33918655572884937,5.822418196825352,0.8003144707209925,0.676257818956553,0.4781773546468166,0.28330808011737924,0.5435052340885922,0.6067846582824354,0.466900532586488,4.665245830733068,1.0,
O371930,574377,1148752,0.5276893675327301,0.5399999916553497,0.31965963542461395,0.09108773364761324,0.07867218179785586,nan,1.0150127253533774,0.8092571022295364,0.8636967750477925,0.6603416389059631,0.0022160789398283404,0.002406545500686086,0.0034915493817204916,0.6346978654892597,5.7527255538681,0.0,
O371936,225950,451924,0.46998482942581177,0.9900000095367432,0.37523435056209564,0.1745909094030426,0.11649730445487134,nan,1.3095728142168461,0.726775626940451,0.6672587069578615,0.4365488676413315,0.0030321982051912774,0.007814680973270453,0.009012159938020532,0.33645632412703075,5.236882694808661,0.0,
O371951,261674,523418,0.5946919322013855,1.0000000298023224,0.6215599179267883,0.3696366795868475,0.23191611459128617,nan,1.4325025656696428,0.814622371462633,0.6274163993965772,0.4653751738509211,0.010877974907185948,0.019233679660373336,0.019404252681523224,0.5605974672523195,5.261665164686373,0.0,
O371952,356243,712484,0.282415434718132,0.44200000166893005,0.25809261202812195,0.03221708717441663,0.01751716939611293,nan,0.39584838402149164,0.794149533563263,0.5437229412230412,0.4816353273018268,0.0001333294318616309,0.00028400591424772184,0.0003224093706362582,0.41354080868838333,5.9542174630754285,0.0,
O371953,272092,544184,0.5722516179084778,1.0099999904632568,0.6541304886341095,0.37807049917871094,0.23993818232623668,0.02846993474720554,1.5953967082761884,0.8117481475349311,0.6346387323196561,0.41579330854586183,0.011745366532799789,0.01990351134310109,0.02009558790896955,0.5844748900109218,5.23184708126712,1.0,
O371965,195316,390676,0.389241099357605,0.9909999966621399,0.43447642028331757,0.16759403419626523,0.10599133675600873,0.017774387400312373,1.0187461850168664,0.7535973937740755,0.6324290555109193,0.4502162283254997,0.002396188403481254,0.0071036328477058625,0.007150238066391859,0.33512008708409546,5.282671826098957,1.0,
O371967,292796,585660,1.3752663731575012,0.9350000023841858,0.6655820906162262,0.8558547465757118,0.5970295626665504,0.026145104209741383,2.899404970460319,0.8194307469699391,0.6975828142044839,0.5161403120817337,0.053137490761660175,0.08547277835624806,0.10595711560407231,0.5014999743879203,5.004256260276189,1.0,
O371970,414325,828656,0.5643021166324615,0.8499999940395355,0.5881739854812622,0.2821216492336181,0.20330026695702474,nan,1.6898495619959175,0.817851502605911,0.720612074646837,0.5586836301811994,0.009011639341249893,0.014124163479662753,0.014569113260474052,0.6185441200253715,5.38949309554204,0.0,
O371976,208978,418064,0.7743076682090759,1.9948298335075378,0.9087428450584412,1.4036551368850538,0.7887639522287605,0.14818797421630095,4.349479465679094,0.7639445902944879,0.5619357144798116,0.41333343953885715,0.06469455349905961,0.21264896291613306,0.21352646910860812,0.3029814231890538,4.681663283658831,1.0,
O371978,338707,679284,0.5390852391719818,0.7999999821186066,0.5633388757705688,0.2429501326333632,0.16949306628278882,nan,1.14022034460591,0.8712037562929825,0.6976454980519452,0.5756993832120949,0.006506131093204353,0.010174868274888565,0.010338620407667453,0.629303604993486,5.472835386505607,0.0,
O371981,579301,1158608,0.5057874321937561,0.6729999780654907,0.5625917911529541,0.1915033938025171,0.14696111206702447,nan,1.430674824340527,0.8622170822510465,0.7674073505902161,0.532124795840036,0.005673418743378653,0.00723038708522243,0.008171569492135485,0.6942875232033318,5.607363343268666,0.0,
O371982,221354,443574,0.2115253284573555,0.4650000035762787,0.2426561340689659,0.02386748226798844,0.016129614504848133,nan,0.27107227050895705,0.7865463897927576,0.6757987425628679,0.5171388338484199,0.00011125778516730762,0.00026319282100981545,0.0002710603600563263,0.4104539119780859,5.9120022808951616,0.0,
O371984,159370,318752,0.20174667239189148,0.431999996304512,0.1963895857334137,0.017116248272489018,0.010220139888237558,nan,0.17795197925212125,0.7513481294643689,0.59710163848607,0.47302274129837313,5.029927489905528e-05,0.00013752678237529444,0.00013756301543851432,0.3656453352575514,5.95210374987808,0.0,
O371985,332402,665272,0.32748034596443176,0.4440000057220459,0.3241157829761505,0.04712684824860054,0.02782919630807196,nan,0.32909239664055856,0.8157517124356465,0.5905168145611852,0.5555500458718207,0.0003296967647035114,0.0005047148018596098,0.0005709962772837362,0.5774061545057682,6.004345779728657,0.0,
O371987,602153,1204304,0.46975429356098175,0.42000000178813934,0.25478091835975647,0.05026746094711278,0.030693786590643434,nan,0.7188179506650385,0.7345006642784385,0.6106094481863102,0.4921685776304012,0.0004492054991341265,0.0006192538199855693,0.0008762676481598407,0.5126350380245769,5.9230879404213574,0.0,
O372005,268792,537586,2.145587205886841,1.0289999842643738,0.8445099592208862,1.8645168583845744,1.44010466019867,nan,6.963320097388307,0.7860040710820294,0.772374169599294,0.45566799021778326,0.16595313822565408,0.5799187821890781,0.6106929293634851,0.27174563556618253,4.5865999790080805,0.0,
O372039,310248,620512,0.49195076525211334,0.7874999940395355,0.4501345157623291,0.17438716403292878,0.13110409029433753,0.021325976292326628,1.096081456310234,0.8080179004935196,0.7517989699607805,0.5584403597843454,0.0042167375979090425,0.007112269153592707,0.007687570762171911,0.5485136629451616,5.451866160174646,1.0,
O372040,287922,575840,0.4426227807998657,0.75,0.5452044308185577,0.18098992595498853,0.11028464096553518,nan,0.9523939839378242,0.8018194502567123,0.6093413231903445,0.5691857076042933,0.003021499563757646,0.005593347293808176,0.005893716751076484,0.5126645360426882,5.480458207006963,0.0,
O372041,178108,356222,0.4424038231372833,0.8400000035762787,0.393891304731369,0.14637757667869872,0.1080029209547173,nan,0.762832832803316,0.7637486226413743,0.7378378806733872,0.5237854321439246,0.002820276815949808,0.00588306575216629,0.006561408003741254,0.4298279903248986,5.368254049835763,0.0,
O372042,248510,499000,0.48935380578041077,0.7299999892711639,0.5259138941764832,0.1878713121473311,0.11589535766158983,0.0015323310621477753,0.6497629201743795,0.8373285166354503,0.6168869335979471,0.5440269910447895,0.0035597823583934434,0.005465860947786355,0.0056247405122513755,0.6328793925052721,5.582588945393628,1.0,
O372043,191996,383948,0.24751321226358414,0.4650000035762787,0.22564955800771713,0.02597083003072146,0.01390437067088047,0.001929864120362888,0.23504326933465552,0.8227925091988854,0.5353841465379692,0.45194436385348463,7.863361319332517e-05,0.00022049811061934204,0.0002263862661998592,0.3473426834289742,5.912144361499748,1.0,
O372045,249313,498658,0.44190171360969543,0.8849999904632568,0.4799555391073227,0.18770245801869398,0.12612160661571645,0.013566025782914845,1.1139905053026142,0.7924814588036623,0.6719230421753749,0.4493076925718469,0.003392392413623787,0.008386072899087776,0.008478388867960174,0.40012229522092757,5.349863435336534,1.0,
O372046,220081,440206,0.4295739233493805,0.8100000023841858,0.385039359331131,0.1339763236621139,0.09369616290568893,0.008352968188318717,0.8304296806372666,0.7840986948731906,0.6993486635891661,0.47027297187763933,0.0020422882941671123,0.005107102667156716,0.0055921505675788725,0.3652062421222187,5.42327968769376,1.0,
O372047,254799,509646,0.46734489500522614,0.8650000095367432,0.4426998347043991,0.17896288619306625,0.11147878246989552,nan,1.04535171943401,0.8070702185848033,0.622915649391302,0.466604200570267,0.0026990711777617553,0.006504909421199089,0.007041050285695902,0.38333360340359973,5.386935281287386,0.0,
O372048,215364,430708,0.37680505216121674,0.8349999785423279,0.3856967091560364,0.12135260817248172,0.07876152870777782,nan,0.8012176760145979,0.7727109466292915,0.6490303743272822,0.41926163755468354,0.0014464854299644713,0.004183274984827917,0.004331031526913861,0.3339817364467872,5.429422586971504,0.0,
O372050,370035,740068,0.5190205276012421,0.7400000095367432,0.4746524542570114,0.1823022341038352,0.14711047324398308,nan,1.0985728584443568,0.8288467381294121,0.806959245272838,0.5739829753228086,0.005475985633497013,0.007706598354951964,0.008452438027710346,0.6478587143194217,5.527413938980929,0.0,
O372051,407814,815660,0.5176289677619934,0.7599999904632568,0.5531352460384369,0.21760230536358666,0.18578228055836443,nan,1.3564163087807621,0.8178519709617142,0.853769817594281,0.5879150354752462,0.008329256074686089,0.011507877613322937,0.011651526608481705,0.7148639276696003,5.478069127908352,0.0,
O372052,496099,992248,1.5470086932182312,1.9943493604660034,1.421053171157837,4.384340956580659,2.948578929918582,nan,11.313970839083186,0.8419123460628618,0.6725250064078443,0.47103325359973647,0.816782861522717,1.1149173695405126,1.3044781219294932,0.6261376467660406,4.641953296573919,0.0,
O372055,391586,783200,1.1662893295288086,0.7870000004768372,0.6343549489974976,0.5822551885664978,0.45282024930576315,nan,3.0069043585438964,0.8290225787046335,0.7777006683626104,0.5251375334267768,0.030499283534626786,0.06012489110674735,0.06725465131350292,0.45348957936688244,5.114707541900151,0.0,
O372057,380578,761176,0.5325247943401337,0.7899999916553497,0.6175044476985931,0.2597807761776758,0.19469895592439,nan,1.2857055766049976,0.844496492180934,0.7494740711346038,0.5604471551589776,0.00866474235734994,0.01249816602806823,0.012787207879815275,0.6776101897136837,5.471302151886022,0.0,
O372058,257940,515896,0.4165916293859482,0.6599999964237213,0.4039718508720398,0.11107225184149806,0.06749080346113438,nan,0.5993304058660724,0.8267506914836554,0.607629739581087,0.519807225397862,0.0013084519139356192,0.002497302589947714,0.002656217854720573,0.4925996230355378,5.633852384156778,0.0,
O372059,419000,841378,0.48281383514404297,0.45799998939037323,0.2773135304450989,0.06132198918003037,0.0608080792387882,nan,0.5586642313623275,0.8011370495233726,0.9916194835145771,0.7722168241525902,0.001440546353144866,0.0015609506765414973,0.002232047021571288,0.6453924757063444,5.875063156544817,0.0,
O372060,300800,601616,0.51397305727005,0.8510000109672546,0.582371711730957,0.254724190425961,0.16924454945857362,nan,1.2988490799334194,0.8007211585573216,0.6644227592815407,0.4985306949364742,0.0063935202480653215,0.011497160719327883,0.011531733948291274,0.5544283519489874,5.364719140861906,0.0,
O372064,191262,382560,0.5891084372997284,0.996999979019165,0.47668127715587616,0.2799745054967366,0.14808197069278156,0.012850155205800712,1.0410329045081141,0.8543833968695029,0.5289123394648075,0.42123675209754696,0.004544711017722912,0.009423330531261287,0.010435109000368844,0.4355211831100444,5.2641642361050485,1.0,
O372069,292500,584996,0.25364118814468384,0.4050000011920929,0.24917146563529968,0.02559605944651376,0.017741029892699593,0.0007959022490354773,0.2491488267405998,0.8200137659841243,0.6931156700027106,0.4836917469735456,0.00014801920172474747,0.00025768274164819974,0.00027007075360292466,0.5480756422162423,6.069667024029659,1.0,
O372070,507513,1015024,0.545149028301239,0.7450000047683716,0.5422881543636322,0.22024275741556526,0.1504514856712079,nan,1.5211030202240097,0.8396999077787818,0.6831166093118257,0.5670257901673872,0.0056887230991569905,0.008190539544383693,0.008580035710816537,0.6630185806785659,5.523288542579078,0.0,
O372071,413452,826904,0.5349627137184143,0.7450000047683716,0.4864225685596466,0.19386236452227557,0.13213068805616007,nan,1.2191726261624674,0.8240970649952082,0.6815695680890023,0.5227136399023599,0.004590875979127926,0.006675273165381608,0.007057168478055622,0.650526623163855,5.530359894114113,0.0,
O372072,441059,882128,0.515319287776947,0.7450000047683716,0.5120589733123779,0.19658603100146,0.13404854472252367,nan,1.3231225319026445,0.827506784504056,0.6818823496239574,0.524229672998815,0.004664944182163057,0.006933453612220867,0.00716717065142011,0.6508766721270605,5.522896623221848,0.0,
O372073,404249,808496,0.5084232091903687,0.7450000047683716,0.5052921175956726,0.19139217002991415,0.1267887344073051,nan,1.2061425378187853,0.8229539120473139,0.6624551797886419,0.5325924562557326,0.004173606301055224,0.00641258977404978,0.006717149770855187,0.6213359004088226,5.525250319975277,0.0,
O372074,329452,658912,0.5012018233537674,0.7450000047683716,0.43718937039375305,0.16324448269106087,0.1043881098494037,nan,0.9571686935123072,0.8090577974398655,0.6394587316433691,0.5393396057214515,0.00295831463922393,0.0047690486399056785,0.005510773151553581,0.5368238825780608,5.536803662821824,0.0,
O372075,401620,803244,0.6867725849151611,1.024999976158142,0.6786609888076782,0.4777378944912911,0.3287854927974843,nan,2.265430908387577,0.8217093964763132,0.6882131323234981,0.5240391720756437,0.020604622607712,0.03126655332278042,0.03235863141355328,0.6367581602688498,5.248664510301574,0.0,
O372076,646086,1292192,0.3203752189874649,0.3500000089406967,0.2674471586942673,0.029989205478057574,0.02595914655062335,nan,0.47442697786215016,0.841751902188977,0.8656163488431554,0.5748977573682458,0.0003485914751019059,0.0003644240023313254,0.00043444996890551284,0.8023742664318615,6.134120953617877,0.0,
O372077,264265,528524,1.2002509236335754,1.9944859147071838,1.076943278312683,2.5780768104068286,1.443194195160066,nan,5.587640721363538,0.8360234635263715,0.5597948786220708,0.49043993662995405,0.21341710817441117,0.4197344734039491,0.4285626042223324,0.49798350596099444,4.674811174035013,0.0,
O372078,313681,627490,0.8232133388519287,0.4650000035762787,0.4997110366821289,0.19128648927140754,0.1252915716010706,nan,1.0865929669668892,0.8361894936511308,0.6549943599168689,0.5273783743435106,0.0034815691593145137,0.007075011326720413,0.007679214570548506,0.4533756841053908,5.460421324092628,0.0,
O372079,325421,650988,0.8763273656368256,0.4650000035762787,0.5405494570732117,0.2202697026908006,0.1511593053099565,nan,1.2818820494173961,0.825037046283046,0.6862464672326883,0.5090818873516402,0.004650593291863268,0.010154748003328684,0.010783234412312428,0.43127999578244947,5.404597509283683,0.0,
O372080,329661,659442,0.848833292722702,0.4650000035762787,0.477745458483696,0.18856970798301004,0.1290761670509966,nan,1.1991428469602305,0.8218370066653262,0.6845010708858192,0.5177516449000062,0.0036334139555770236,0.007685324233107945,0.008389422500938937,0.43309464449673085,5.439196650517452,0.0,
O372081,311697,623528,0.833605945110321,0.4650000035762787,0.5751773118972778,0.22295412212563978,0.14035715674352758,nan,1.113760943673248,0.8274141968427549,0.6295338045574824,0.508391292722275,0.004161102405395326,0.008744932706427202,0.00948271043615746,0.4388093924632659,5.4469406379408944,0.0,
O372082,326810,653624,0.505535215139389,0.7699999809265137,0.3757455050945282,0.14626348663876992,0.12322876391383802,0.01991808112352637,1.2457365288433342,0.802800045224976,0.8425121453461502,0.5512916404586927,0.003810660343883084,0.006242203471010755,0.007502484451063905,0.5079197922686405,5.418869137470902,1.0,
O372083,354497,713150,0.5257309973239899,0.7873999774456024,0.5166394114494324,0.21386834805619465,0.16707227966591554,nan,1.1286337901780599,0.8549644261648188,0.7811921735235768,0.594970906874948,0.006295572961162979,0.010317034027872546,0.010324438591823394,0.6097738782764285,5.497059515757486,0.0,
O372084,617233,1234476,0.383864626288414,0.32999999821186066,0.4037558287382126,0.05114590122528035,0.028704243283102827,nan,0.4714171706519302,0.8001213464572885,0.5612227489485495,0.6326153645515384,0.0004217537909640714,0.00044540046257873105,0.0005804574088633733,0.7265886945778356,6.117043740320391,0.0,
O372085,222044,444100,0.2386706843972206,0.4520000070333481,0.2577611207962036,0.027807050879055644,0.019942479461259825,0.0005580299642935963,0.24790489462960313,0.8098118379361764,0.7171734804959328,0.5600957855940374,0.0001738060824390642,0.0003326967724093563,0.00033729042314262995,0.5153009706580577,5.952153940750874,1.0,
O372086,247589,495196,0.23634637892246246,0.392999991774559,0.22030452638864517,0.020462793161084736,0.014962058300954983,nan,0.20607031910646556,0.8112615734322011,0.7311835770988091,0.5600957731851073,0.0001131210251833571,0.00019069670282333392,0.00020538870309006946,0.5507655653960186,6.079715902122655,0.0,
O372088,456735,913484,0.5954716503620148,0.7450000047683716,0.5749983191490173,0.25508442418665966,0.17659315388934185,nan,1.360249111223356,0.8752459993542512,0.6922929710522767,0.5978444893648484,0.007704000014887888,0.009738174286782688,0.010670988521833093,0.721957483050921,5.526045842432559,0.0,
O372089,451937,903888,0.5976153910160065,0.7450000047683716,0.5150804817676544,0.22932591898743615,0.1713878469111857,nan,1.3743139651753848,0.8506252957455394,0.7473548897914821,0.578354645287548,0.007258025614856308,0.009314652104536221,0.010957410170263943,0.6623851349977781,5.516991938768899,0.0,
O372090,407497,815000,0.5306329727172852,0.7250000238418579,0.49713651835918427,0.19125285201227127,0.15417136901877349,nan,1.2579300196096386,0.8260309956183916,0.8061127841841619,0.5693970976199714,0.005905487474045961,0.008446350156257415,0.008906334001599469,0.6630660239089852,5.5104679344268925,0.0,
O372091,401896,803800,0.566702127456665,0.7249999940395355,0.4521850645542145,0.1857843210856827,0.1392786993100141,nan,1.2082255913781466,0.8299019891237688,0.7496795127602804,0.5813178133592002,0.004937081577898614,0.006985447446657464,0.008373945289921301,0.5895765265914477,5.52196565349217,0.0,
O372094,602390,1205104,0.6469480097293854,0.863999992609024,0.8028721213340759,0.44877587027415156,0.26104233314655206,nan,2.2712974058586486,0.8349017933204065,0.5816764011556249,0.46431583431343765,0.013953051932310143,0.02110231288167546,0.02322600275981309,0.6007513249956417,5.423603748850294,0.0,
O372096,475967,952022,0.8304893970489502,1.0670000314712524,0.6797316372394562,0.6023320998088539,0.44581609389140037,nan,2.9892559788985027,0.8154673864636721,0.7401499837595856,0.43640184829138856,0.034309006006017426,0.051919957035012065,0.05307116930474666,0.6464716428049164,5.202013736463157,0.0,
O372097,334202,668408,0.9647625088691711,0.7400000095367432,0.44137759506702423,0.3151101754828519,0.25342328504489203,0.02684547198205958,1.95467220402786,0.7562137978310167,0.8042370724987368,0.5360047549962195,0.012802065740399781,0.022974943851709298,0.02895817628353942,0.44208812098698386,5.232935107337671,1.0,
O372098,310776,621564,0.48287560045719147,0.7800000011920929,0.5120817124843597,0.19287197652601595,0.1377862727268242,0.011776347586270984,1.1025369343580849,0.802147224718198,0.7143923923454925,0.4740906027853684,0.004734612158167792,0.007534922007845261,0.008005807449422715,0.5913972061005786,5.450054325579686,1.0,
O372099,524271,1048604,0.5355328321456909,0.6899999976158142,0.46514925360679626,0.17188086044269915,0.11696323863617762,nan,1.311756445810811,0.8325039044540558,0.6804901856723616,0.4262154282169988,0.0037256607770027633,0.005463480278388112,0.005640902038551284,0.6604725186753287,5.601702628474956,0.0,
O372100,208405,416850,0.9862450957298279,1.9945745468139648,0.9170392751693726,1.8039440573109375,1.1553250838119304,0.09503521194521307,4.40748202872274,0.7733398840178254,0.640443964506374,0.43375592381059563,0.13616978475620078,0.3379086429412097,0.35247382065781646,0.3863259532355317,4.67471758407379,1.0,
O372101,368720,737428,0.7516567707061768,0.8689999878406525,0.5784115195274353,0.3778124611479134,0.19228222799127284,nan,1.4364932979921727,0.825045303856649,0.5089356433799426,0.4516898440543013,0.007896301574503356,0.014104706003026712,0.014157629452020294,0.5577417887128381,5.409393090999292,0.0,
O372102,335529,671056,0.6959243714809418,0.9650000035762787,0.6230887770652771,0.41844587381227777,0.22560705233441422,nan,1.5720664625691243,0.8465408680318351,0.5391546827287524,0.4750491770983539,0.010182737544837185,0.01776315824538027,0.017869921808111425,0.5698255232552326,5.329259159648689,0.0,
O372105,434001,868038,0.6345901191234589,0.9650000035762787,0.7879725992679596,0.4825382405265154,0.32360728065257405,0.082304520485384,2.267365384337247,0.8217891783629325,0.6706355133625764,0.519693910393165,0.019399354399844346,0.030799638769580112,0.03205671516484672,0.6051572751632897,5.281969218173289,1.0,
O372106,389238,778460,0.6687802076339722,0.4000000059604645,0.3741140365600586,0.10008002671107637,0.07235472468138393,0.022495577032806673,0.9523117057442392,0.8434892850407616,0.7229686787581169,0.5006673451069541,0.0013900962034311948,0.0028526790828773095,0.0031394085720076676,0.44278919788456245,5.611436109701018,1.0,
O372109,256226,512460,0.4998403787612915,0.9199999868869781,0.4967145025730133,0.22841572463846138,0.14972114854304486,nan,1.2327378021939988,0.7903039229648234,0.6554765385790533,0.5152734817116054,0.004758976410159261,0.010278946622727462,0.010806569345677974,0.44037809391031085,5.317752482845331,0.0,
O372110,272101,544224,0.5174616277217865,0.9200000166893005,0.46918877959251404,0.22336421848094995,0.14394644159567957,nan,1.2949075458659525,0.787912473370153,0.6444471839519647,0.5076953003528388,0.004416149901949449,0.009670392440205174,0.010225902313133398,0.4318591911715869,5.322491376203196,0.0,
O372111,278258,556496,0.49820320308208466,0.8900000154972076,0.48861064016819,0.2166503773051291,0.14015998173466487,0.02971186154468718,1.2612863709814253,0.789572563482978,0.6469408614842355,0.4625015176445399,0.004348846596505307,0.009027437645251546,0.009386547388743883,0.4633063059714946,5.343633956358461,1.0,
O372112,264616,529236,0.4819185882806778,0.8599999845027924,0.48668453097343445,0.20170639337534368,0.13044504171448942,nan,1.110126496727958,0.7884491767611723,0.6467075214207605,0.5072563959307376,0.00384693279411208,0.00803515379076309,0.008420568688399589,0.4568495236446111,5.377243631643452,0.0,
O372113,258394,516792,0.504298061132431,0.875,0.4484282433986664,0.19787380699009816,0.12007982449312526,0.02660445294439748,1.1275291241579795,0.7819840229289402,0.6068505292321696,0.50597191783016,0.003287061016990973,0.007179901778339163,0.007876622505781462,0.41731859240153524,5.36015465641634,1.0,
O372114,452072,904160,0.9343944191932678,0.8849999904632568,0.4995632469654083,0.4131083578970651,0.28501872202171746,nan,2.2771847995834236,0.7562476400012874,0.6899369537634386,0.525742243384736,0.01876409154424702,0.023606702579218437,0.03470269420754872,0.5407099354310465,5.297809332760226,0.0,
O372116,212821,425618,0.22886118292808533,0.45500001311302185,0.21655713021755219,0.02255049270176199,0.013551968336580079,0.001119050486520341,0.23818600636042417,0.7798774690863488,0.6009610750332383,0.4680329459628644,8.395661906467571e-05,0.00020118441981846306,0.00020735194517834048,0.4048991148477812,5.951098236807096,1.0,
O372119,310015,620354,0.627292275428772,1.0029999613761902,0.4824969917535782,0.30357462406203484,0.21239355054802167,0.027642126961708924,1.7419303622790103,0.7944089374913371,0.6996419783249719,0.4634236269507162,0.008913428151938466,0.016795350666427056,0.018437002670340315,0.48345321152865783,5.250351918489165,1.0,
O372121,329145,658296,0.6068820357322693,0.9150000214576721,0.577460527420044,0.32066214221852135,0.17203694848567797,nan,1.441073816272933,0.8275833120105177,0.5365053301753349,0.5397395428249255,0.006291645900611744,0.011506654153856485,0.013183005695509611,0.477254280695244,5.358701034870883,0.0,
O372122,312994,625988,0.5571210086345673,0.820000022649765,0.20162057131528854,0.09210818850735546,0.09080414622715034,nan,1.419170572076271,0.6871733009738547,0.9858422763346282,0.49916816873532616,0.0026003418839456094,0.005378819765541631,0.007373466492171764,0.3526620602000879,5.343501415283013,0.0,
O372123,764981,1530170,1.0402811765670776,1.090000033378601,0.9662969410419464,1.0956903989797644,0.5924645976899215,nan,4.492604381432628,0.8888310304226151,0.5407226331832296,0.42261977528943584,0.05879473512146713,0.0706615290226739,0.08324790962417809,0.7062607984620324,5.231152472299175,0.0,
O372124,471794,943584,1.2773687243461609,0.5,1.3157204389572144,0.8403300693534739,0.6836960104245161,0.6458192862269704,4.811309025079632,0.7618810472326893,0.8136041245680193,0.43359122099170144,0.09408674411236949,0.10017221328496079,0.17272480853064326,0.5447205002729962,4.991489161426959,1.0,
O372125,132967,265980,0.31246019899845123,0.9649999737739563,0.28258174657821655,0.08520520224659596,0.059534153343936726,nan,0.6594790324183601,0.7348747229738374,0.6987150053542086,0.5111012698618222,0.0006495092717475941,0.0042600177146201535,0.004262125234310175,0.15239094020960114,5.304542878245229,0.0,
O372126,291313,582652,0.49966011941432953,0.8379999995231628,0.5703065395355225,0.23879600526038403,0.18050288833825825,nan,1.1401627737462818,0.8173361662598757,0.7558873865642654,0.5474714579622925,0.006938281645695347,0.012250771570820334,0.012966656319661839,0.5350864150825502,5.407393008478055,0.0,
O372130,212094,424264,0.49148066341876984,0.9150000214576721,0.3819619417190552,0.17177012532105695,0.11635006508733182,nan,1.0629830623627394,0.7680903072003094,0.6773591442042728,0.5045448891240051,0.0031194953049898545,0.006890001244852975,0.007775138178544324,0.4012141306502018,5.300002038281063,0.0,
O372131,272889,545822,1.1308942437171936,1.9940783381462097,1.143178403377533,2.577972145229833,1.7454003032206928,nan,6.0606052811133235,0.7846575639025765,0.6770438953152792,0.4327792311359921,0.3080054115422595,0.5693371197517576,0.5897290815999715,0.522282894217497,4.65347002993103,0.0,
O372132,194458,388952,1.0011827051639557,1.9946541786193848,0.9403997957706451,1.8779908678895747,1.1169932105035505,0.07354275088100617,4.4495386525987515,0.8048163795226128,0.5947809595894314,0.4810415334375926,0.1300800799850408,0.2993885661412369,0.32034662174679973,0.4060604081782869,4.640510830935244,1.0,
O372133,234680,469396,0.5180193483829498,0.9350000023841858,0.504562646150589,0.24438395494394247,0.14719161935796582,0.026248993281383613,1.1528522835096953,0.7993917053597814,0.6022965762696209,0.459751215104015,0.004734447399208801,0.009668346753615425,0.009914348174796049,0.47753491361586103,5.308702415412145,1.0,
O372134,236998,474088,0.5179152190685272,0.9449999928474426,0.5324096977710724,0.2605772135940029,0.1491000518671621,nan,1.193744234269562,0.80626723713078,0.5721914430302804,0.4600440439484998,0.004817325480008897,0.009885989448555071,0.010146111350513277,0.4747952504744781,5.297833394088059,0.0,
O372135,255291,510578,0.4722769558429718,0.8569999933242798,0.3521382361650467,0.14252490438941656,0.08146887096759138,nan,0.9995985637834933,0.759598844796262,0.5716114760196324,0.48410193087687997,0.0017467914080734727,0.0038743512131513206,0.004478182016458424,0.3900670856284053,5.407209881042181,0.0,
O372136,231395,462820,0.5023289620876312,0.9139999747276306,0.5649049282073975,0.25936404195436097,0.15618755096384654,nan,1.0841488169333282,0.7988634148690261,0.6021943126230663,0.48010736434658285,0.005481844142354356,0.01012474864795743,0.010448986469718266,0.5246292698570373,5.329265070224939,0.0,
O372137,224243,448528,0.4838515818119049,0.9699999988079071,0.4641951769590378,0.217863523254109,0.1357871265270179,nan,1.1763816577711195,0.7864466794038546,0.6232669172830745,0.46549080287225025,0.003957826162364912,0.0089255236954761,0.009447589037389919,0.4189244628128256,5.280170650595599,0.0,
O372138,249928,499880,0.5448365211486816,0.9524999856948853,0.5259813368320465,0.27296158016616995,0.18253252213578833,0.02894330864941498,1.2976728561643924,0.7883866125054254,0.6687114062890044,0.44568326641063777,0.007003966002546826,0.01343005820139043,0.014129179853307337,0.495709310466973,5.284649693393082,1.0,
O372141,238711,478796,0.6108772158622742,0.9650000035762787,0.5335962176322937,0.3145531109738209,0.18317101809140432,nan,1.1375486922161073,0.8120986423362399,0.5823214322195942,0.5378148371755355,0.0069546513562655145,0.013338201972569417,0.013699984901280438,0.5076393445963224,5.321902436626041,0.0,
O372142,189082,378212,0.4725526124238968,0.9650000035762787,0.38184401392936707,0.1741259384448317,0.09626562725082856,0.009516131574571754,0.9766298254450029,0.7502043304430213,0.5528505868258587,0.4562495452711769,0.0020320793251388455,0.006143176919939609,0.00663422999478034,0.30630221242520067,5.286920204235858,1.0,
O372143,159066,318124,0.4546111077070236,0.9524999856948853,0.40462349355220795,0.17520888108279895,0.11816476022218668,0.017144774414740622,0.7880260517656099,0.7627937030295358,0.6744222067507253,0.42173465401832644,0.00301449492716237,0.0076310110702738285,0.008322045222994089,0.36223005840357847,5.305036784801355,1.0,
O372146,257068,514164,0.6169281303882599,0.8409999907016754,0.6913024485111237,0.35867297871945364,0.17378706110882658,0.008047687073473647,1.05294794814166,0.8177478577468048,0.4845278886892651,0.4766879554547483,0.006370399369288003,0.011631912876250091,0.01318409455322667,0.4831882343963404,5.387641116108442,1.0,
O372147,231857,463720,0.5082702040672302,0.863999992609024,0.4873744696378708,0.21402828203408167,0.13852105575204923,nan,0.9550682175927112,0.8133292999744672,0.6472091185126237,0.49376457009667024,0.004354252664555513,0.008486696088610333,0.008772749339983454,0.49633843346123985,5.385185819210307,0.0,
O372148,353700,707408,0.5473721027374268,0.7870000004768372,0.5574001371860504,0.24011785956456283,0.19152636812900106,0.029469303751963983,1.3004045374507138,0.8347133662428071,0.7976348301468326,0.5471519780924308,0.008647726476148889,0.011948308183275778,0.012472313521688405,0.693353840176576,5.434556583621261,1.0,
O372149,199696,399424,0.3039892464876175,0.6730999946594238,0.31006473302841187,0.06344394501705257,0.0418796412193267,0.004334664149365438,0.5333073695483941,0.76736988326917,0.6601046200401034,0.4972531605432951,0.000531007616579372,0.0013833321875879284,0.0013952421778443496,0.3805845501314899,5.573391780789909,1.0,
O372150,141922,283844,0.3530426472425461,1.1899999976158142,0.7013301849365234,0.2946433628561795,0.15927537721819782,nan,1.0726188465056141,0.7674175465464397,0.5405700494123904,0.4012688223994399,0.005572088059087851,0.012526815990585983,0.015451206115587483,0.36062479636891376,5.121604299228229,0.0,
O372151,267320,534636,0.48116983473300934,0.8379999995231628,0.45573708415031433,0.1837624534888519,0.09526505046413662,0.015824891102143936,0.9688887866813658,0.7902826831725307,0.5184141191819468,0.48725056661314015,0.002234675536373711,0.004920492191395629,0.005184573653447613,0.43102397337680926,5.440757522771887,1.0,
O372154,343741,687484,0.3572142720222473,0.5080000162124634,0.37292633950710297,0.06767302448929223,0.039338511993968935,nan,0.44753150753929577,0.8710370229983894,0.5813027020861672,0.6031449798001774,0.0005215421096648183,0.0010091628757825503,0.0010186966434956805,0.5119699892944918,5.8854077197284,0.0,
O372156,190818,381676,0.38882604241371155,0.9600000083446503,0.6796756684780121,0.25370457849251876,0.14216300050455835,0.010113826628238927,0.9562995240454721,0.7831463706470391,0.5603485808150304,0.3296056622283175,0.004579836215025587,0.00956359340869713,0.011125316305770908,0.4116589667342708,5.300025399987155,1.0,
O372158,311312,622652,0.586701363325119,0.9269999861717224,0.4740048795938492,0.25779805567196146,0.17715588915266614,nan,1.4318383459011927,0.8224507030143497,0.6871886162636172,0.5105288926306508,0.006902642236422484,0.011405424673389212,0.013259341924560793,0.5205870906486281,5.337301872525066,0.0,
O372159,288583,577176,0.6292178332805634,0.9749999940395355,0.5890205502510071,0.3613566763179166,0.19582293328639402,nan,1.475198264599665,0.8194829103073086,0.541910378636845,0.4973878101580125,0.008003082190761667,0.014037905664560122,0.01573596707136998,0.508585341750141,5.291420351049379,0.0,
O372160,255144,510346,0.548164427280426,0.9600000083446503,0.4475869685411453,0.23553720614516785,0.16191729945763422,nan,1.4194945951402411,0.7712137373767768,0.687438312220789,0.45566683259951446,0.005516835655370008,0.011684004161895392,0.013310503209207097,0.41447235830677837,5.25465161661418,0.0,
O372162,229157,458342,1.1360907554626465,1.9951090812683105,1.0784602761268616,2.4444650054396373,1.3984610680105234,0.20662478305460744,5.174876445973181,0.8071611031187286,0.5720928975864026,0.4611312127555221,0.20214592383812405,0.41590503181725025,0.4196657185124537,0.48168319431630036,4.646233142916646,1.0,
O372163,263568,527128,1.1162208914756775,1.994584321975708,1.1360087394714355,2.5292060973692934,1.6250671633596878,0.3397318178939312,6.196026493077763,0.7877687665564524,0.6425206569958736,0.45282187422849285,0.2681955573919391,0.5266194519650688,0.5284568871727578,0.5075069772044872,4.628779415029932,1.0,
O372164,292131,584312,0.5802693367004395,0.8759999871253967,0.5015852153301239,0.2549637559465502,0.1701911672317774,nan,1.2299182540443883,0.8385414750615677,0.6675112178197428,0.4797726851162885,0.006446369334068654,0.010525613765091509,0.011860323107139388,0.5435239222267246,5.37570139813537,0.0,
O372165,304977,610046,0.5265719592571259,0.9500000178813934,0.5802953839302063,0.29028891886476377,0.1772205194167381,0.028144867411709518,1.5467785065810813,0.8260906200705567,0.6104970183147067,0.4787925444034366,0.0068115155375105,0.012121642753629949,0.01263145427939798,0.5392503022094729,5.294838959376631,1.0,
O372166,220030,440076,0.5049417316913605,0.9699999988079071,0.44505836069583893,0.21798668290497347,0.13347270534246738,0.026469437082298274,1.153653738856166,0.7763456248751661,0.6122975200308539,0.44949528053417526,0.0038058000532120296,0.008861401288173296,0.009601338359550758,0.3963822449217487,5.2804064208492125,1.0,
O372167,275562,551158,0.4881899952888489,0.863999992609024,0.532759040594101,0.22471571343701363,0.13614590395685836,nan,1.1253332064997883,0.8311676810714662,0.6058584060478671,0.4715417082441924,0.004217501078778342,0.008038777608301073,0.008143483760413543,0.5178988750834285,5.388938193869508,0.0,
O372168,311077,622270,0.26803041994571686,0.3999999910593033,0.2390996664762497,0.02563439303283067,0.018756000115171364,nan,0.28423250169141134,0.8236886114506058,0.7316732676740206,0.5314732482176024,0.0001655145494853224,0.0002675162678446362,0.00029071965665244113,0.5693269983570359,6.039194164450383,0.0,
O372169,193538,387092,0.41985510289669037,0.9399999976158142,0.5120121836662292,0.20207267186156055,0.12743601421657622,0.011736023957171557,0.9832919296187177,0.7818861608011685,0.6306444757848418,0.5038322792569575,0.003457484083692886,0.008485829127418267,0.008765424367152897,0.39444571521822547,5.29408377408759,1.0,
O372170,232880,465776,0.5713063478469849,0.9778999984264374,0.5147680938243866,0.2875908840274666,0.18157951906513556,0.033211587753457235,1.2361155350645867,0.7960926355713687,0.6313813446457979,0.476119970514226,0.006824342482105705,0.013671717602037102,0.014779595692524166,0.46174080970006526,5.275073127910925,1.0,
O372173,210945,421862,0.9667737483978271,1.0,0.5648003667593002,0.5460341676683562,0.2698352411623678,nan,1.1855184193202475,0.8124441390752272,0.49417281397353346,0.44142740605536557,0.01450526304549419,0.02423488993149697,0.030992403340608324,0.46802640266650186,5.250260929847295,0.0,
O372174,210099,420222,0.560482919216156,0.9999999701976776,0.3585062026977539,0.20093659705675862,0.14002758760203377,nan,1.2017995327616309,0.7618889021936811,0.6968744850520193,0.42491106219385005,0.0035778707069453455,0.011905439342712406,0.013089745133783734,0.2733338709331404,5.242591954485146,0.0,
O372177,350776,701576,1.4647266864776611,1.1450000405311584,0.6914193034172058,1.1595876905713558,0.8862247426428872,nan,4.372439418108929,0.7890934918075446,0.7642584945052527,0.4845830089539703,0.10138950994344294,0.17796313979553854,0.2208808796407705,0.45902347957115036,4.904306070529074,0.0,
O372178,354135,708296,0.6286793649196625,0.9600000083446503,0.5490828156471252,0.33138915727671,0.25395949838395576,nan,1.9499569038983502,0.799053208231175,0.7663482428663155,0.4989902048495475,0.012764889815795571,0.020839057028347995,0.024212774532208246,0.5271964928602254,5.259143838127528,0.0,
O372179,176302,352712,0.16528663039207458,0.4699999988079071,0.22407102584838867,0.01740689402640825,0.00849698021368349,nan,0.20449454573866163,0.745137769847785,0.4881387914921869,0.4140335430589549,3.218938908572993e-05,0.0001251148176683535,0.00012788700828726161,0.25170179142376736,5.935575510006135,0.0,
O372182,220896,441840,0.190343476831913,0.4699999988079071,0.1719636395573616,0.015384113770728732,0.010225012900360037,0.0014780815715050865,0.2620715355781382,0.7320758451263882,0.6646475092907277,0.4454258232427199,4.619035622210623e-05,0.00015924505017955113,0.0001694556852862926,0.2725807407645744,5.92576799830322,1.0,
O372183,350775,701596,0.246712327003479,0.44999998807907104,0.2482249215245247,0.0275580658742677,0.018662021949652424,nan,0.41570487947989293,0.8021791417734334,0.6771891044457534,0.4322390209903912,0.0001543918472234691,0.00029616601727521804,0.0003061158239347088,0.5043576161433563,5.926243511082286,0.0,
O372184,80132,160264,0.7654635310173035,1.022000014781952,0.013210465665906668,0.010334596697774957,0.005735253893896058,0.0014752108212861385,0.5224182949047294,0.1346543093839111,0.5549567207717802,0.5552979368220626,0.00022951605092038748,0.0002693867019315339,0.0004987904567216809,0.46014523298799737,5.185787604980062,1.0,
O372186,265150,530296,0.36718370020389557,0.9399999976158142,0.532008022069931,0.18362399317114744,0.10541651981309835,0.03642487346547456,1.266994640414267,0.7846900715840603,0.5740890283049475,0.43453987432914615,0.0023488968981854584,0.006643310386474271,0.0069517700248188045,0.33788472429317473,5.320716853700921,1.0,
O372187,408342,816810,1.1237369775772095,1.9952863454818726,1.1587133407592773,2.5980404570193256,1.7779208442787373,nan,8.461456889324758,0.8077201757719707,0.6843314696948586,0.4520582976381922,0.303817653933604,0.5918880237805506,0.6251800732402862,0.48596823049546,4.683578905482569,0.0,
O372191,251391,502832,1.227799415588379,1.9952371716499329,1.2387391328811646,3.0346024707796406,1.8434116828535956,nan,5.475265322556259,0.7870439189728519,0.6074639761233674,0.46724528904939183,0.3361322317296648,0.6269460073077803,0.6703852992110698,0.5014015553820103,4.66194455630192,0.0,
O372192,254599,509256,0.6017138957977295,0.9449999928474426,0.5346695482730865,0.30402359922763433,0.18434931242107647,nan,1.316841226388442,0.7960373886377629,0.606365140368748,0.4202164714760358,0.0072275350740048025,0.013533203161172234,0.013981365791717392,0.5169405608632612,5.286323278971296,0.0,
O372193,278423,556880,0.5932951867580414,0.9699999988079071,0.5472641885280609,0.3149485322835219,0.20457448570887837,nan,1.4841253308786682,0.7941638976332965,0.649548941300406,0.43622877401073246,0.00850491445206278,0.016261515907438687,0.016529961564885894,0.5145150772842398,5.273234531035342,0.0,
O372196,244838,489760,0.7165299355983734,1.0800000429153442,0.6293003261089325,0.4869855432610444,0.2641857103711234,nan,1.5979174764151054,0.8323934926599671,0.5424918953487474,0.4748245038477964,0.0128338229941744,0.023351325137477966,0.02606027217171758,0.49246695927076917,5.185324476581599,0.0,
O372198,303868,607788,0.621634304523468,0.949999988079071,0.6294520497322083,0.3717245331433168,0.24819132467022673,nan,1.5349341585250538,0.8201712135153111,0.6676753954642471,0.4584822268013715,0.012176915529619855,0.02046448882881683,0.021264400112857032,0.5726432659747294,5.2965952164038885,0.0,
O372199,246538,493144,1.1542038917541504,1.9872296452522278,1.0703343749046326,2.454991908766905,1.7884388396087658,0.10058657817406917,5.091643246490524,0.835685474126781,0.7284907266790399,0.5035539631898451,0.3087366789734416,0.5699514808251602,0.605407198177049,0.5099653256569849,4.685025901952594,1.0,
O372205,406945,813896,0.6763013899326324,0.9650000035762787,0.7959280610084534,0.5194472019833433,0.3038765823970671,nan,2.0338599105056843,0.8224068300224048,0.5849999407770634,0.4874537675596664,0.01793975454135181,0.027313510836215818,0.029754947081174765,0.6029167012937441,5.301214680810124,0.0,
O372207,363232,726464,0.6580200791358948,0.953000009059906,0.6478192210197449,0.40624299035439054,0.24831725160784104,nan,1.827127593628361,0.8077634587363182,0.6112530123688258,0.4597496033960971,0.01278792258468144,0.01990962592224465,0.022273123348846964,0.5741414162887688,5.298415225537524,0.0,
O372208,265123,530282,0.5639435350894928,0.9849999845027924,0.6102164387702942,0.338965696082076,0.21384082306399552,nan,1.4612077832681636,0.8229356375116205,0.6308627260388521,0.465004860510779,0.009515694168006527,0.01634706651325924,0.016522567743135312,0.5759210260741733,5.258735428504745,0.0,
O372209,211986,424012,0.1990477293729782,0.375,0.20214246958494186,0.01508849984277337,0.009696463131815465,0.0013976080909947567,0.17317413866739365,0.7777737664467653,0.6426393102598322,0.41802944905834,5.083654155635665e-05,0.00010676297888652137,0.00011045514644295895,0.4602460201581423,6.087824143934785,1.0,
O372212,228384,456792,0.5158231854438782,0.9399999976158142,0.4515445679426193,0.2189421274063613,0.1336292033462861,0.02428957104397449,1.1198305179673946,0.8076662158082814,0.6103402982755687,0.5180123645527761,0.003947499152975476,0.008204782374560345,0.008888528051703056,0.4441116830608561,5.309513376229141,1.0,
O372215,182535,365074,0.88497593998909,1.2395188212394714,1.9944521188735962,2.1878029511540444,1.2234891303741624,0.12870289060506823,3.896442018904872,0.7904846328996489,0.5592318676271938,0.476952344387256,0.13591775173005957,0.41573961347796506,0.4627828835307282,0.29369658335912674,4.670677932065306,1.0,
O372216,303587,607228,0.02016374282538891,0.03000000026077032,0.019500077702105045,1.1795836658343875e-05,7.274791757328238e-06,nan,0.001428402570477276,0.8315387588101856,0.6167253725222075,0.4928545543309861,3.4530624445384024e-10,5.428308850914695e-10,6.037294634875298e-10,0.5719552636360155,8.327432547498315,0.0,
O372217,317349,634770,0.6587321758270264,0.9800000190734863,0.5948077142238617,0.3839826076669508,0.2092034837147468,nan,1.5518389178210894,0.8260435757253018,0.5448254153641263,0.4966196209222351,0.009112258460329068,0.015152963061748868,0.017318246592634347,0.526165187196527,5.310690495013786,0.0,
O372218,179318,358696,0.16459322720766068,0.45000000298023224,0.1468912735581398,0.01087978901566389,0.0067120049442463345,nan,0.20379687255800147,0.7312612879630626,0.616924182498659,0.4286862829191968,2.0466154333287832e-05,9.191231863106303e-05,9.559851026395255e-05,0.21408444835363746,5.944426371282434,0.0,
O372220,540084,1080156,0.44762271642684937,0.4570000022649765,0.329351544380188,0.06737333179427556,0.045973292580528895,0.009206643862219515,0.6222395909319705,0.8326210636961899,0.6823663214535438,0.4944649603908674,0.0009191075031008515,0.0009404778982898137,0.0012492254702917644,0.7357418856390978,5.938503671195598,1.0,
O372221,515627,1031260,0.4241313189268112,0.4570000022649765,0.30045652389526367,0.05823689123289026,0.038699781270774246,nan,0.598068952082383,0.815565824338716,0.6645234738924026,0.5030018733379286,0.0006746689668952226,0.0007319283863299145,0.0010403207754677095,0.64852013225623,5.935584393223442,0.0,
O372222,441158,882308,0.6059979498386383,0.43799999356269836,0.43951942026615143,0.11666036429229136,0.1046197173219948,nan,0.8770091666883213,0.8472805166011,0.8967888790392525,0.6695343112082577,0.0030710367836457144,0.004490154534223297,0.004497244061052625,0.6828708297692226,5.701590026441448,0.0,
O372223,443565,887138,0.6025983989238739,0.43799999356269836,0.43968573212623596,0.1160498144699279,0.10268341555294729,nan,0.8815698739474624,0.849726712951552,0.8848218846532989,0.6874280457031838,0.0030098812366286787,0.004305062155114407,0.004306088582317468,0.6989826565548284,5.701700529795247,0.0,
O372226,289114,578228,0.6322258710861206,1.050000011920929,0.7040514051914215,0.4673754938896195,0.2584044434628374,nan,1.7256592320574797,0.7898770529668738,0.5528840233199411,0.4626022043586236,0.012542109956389404,0.02479235639501964,0.025222620062245727,0.4972564279776374,5.2241140831637125,0.0,
O372227,207832,415680,0.21830640733242035,0.4099999964237213,0.17633625864982605,0.015783087256726377,0.0089639808921827,0.0018669716212410536,0.19442494760514528,0.7791361289927452,0.5679485100966204,0.41024889234123485,4.0760999887787845e-05,0.00010808673510918045,0.0001145756617297739,0.3557561813077061,6.02896042632369,1.0,
O372228,256460,513052,1.1563189029693604,1.994994580745697,1.115157663822174,2.5725013954965337,1.6647574149921864,0.1779572224526762,5.650687056598882,0.790656519424464,0.6471356703271532,0.47762095363247487,0.28094354132613064,0.5268693584055453,0.5549546071172161,0.5062459843076688,4.656918381837917,1.0,
O372230,252419,504876,0.6001664698123932,1.00900000333786,0.6406076848506927,0.3879314953096054,0.23833655585175606,nan,1.4157716692558915,0.7963897958636222,0.6143779474815297,0.46403088794883507,0.010636491158784542,0.021897154214782406,0.02332640460310185,0.45598502382875344,5.2511288243804595,0.0,
O372235,365075,730176,1.2997851967811584,1.9926079511642456,1.3292325735092163,3.4426622771296906,2.066114722495533,nan,7.786342263972784,0.8300359371821265,0.6001502779465635,0.4594846791885563,0.42696704194225965,0.6826446503008647,0.7214503736821409,0.5918176183943239,4.671048603812571,0.0,
O372241,476537,952964,0.44880519807338715,0.5600000023841858,0.3786982595920563,0.09517857895272587,0.08172731242848935,nan,0.8573578907885815,0.8247850098483858,0.8586733835255346,0.6232607023682177,0.002006501976708349,0.0029618064321214953,0.003278507629478364,0.6120168697083677,5.744934477141464,0.0,
O372242,174875,349726,0.15854322165250778,0.45000000298023224,0.20866280049085617,0.014886932781576928,0.00747581062366288,0.00078441439313572,0.18801229454799562,0.7193943980427296,0.5021726592944951,0.43472587490695475,2.5163694417775936e-05,0.00010706225768129241,0.00010830583342051328,0.23233923439815288,5.968541477811903,1.0,
O372243,217867,435810,0.20010998845100403,0.4699999988079071,0.1802215352654457,0.01695014074708577,0.010668941144618417,0.0013894828812932088,0.25590581634710996,0.7425695590836253,0.6294308291482903,0.4553931718992494,4.945638966047042e-05,0.00016706665764787559,0.0001770569483399901,0.27932476033362313,5.930111296421915,1.0,
O372244,308671,617354,0.2179473340511322,0.42000000178813934,0.22235851734876633,0.020354227431742547,0.013626297546601716,0.001997955019613891,0.31833967172973965,0.7946944248222194,0.6694578604025726,0.44208031911243306,8.801398131002494e-05,0.0001858407605001408,0.00019114881391490697,0.4604474362535454,5.98660506482704,1.0,
O372245,197854,395774,0.24387243390083313,0.4300000071525574,0.27334752678871155,0.02866462894005985,0.011679733583674337,nan,0.20241869874055396,0.7425489923957773,0.40746153065848656,0.39118829265412564,7.775470198687488e-05,0.00014444147966945488,0.00018956942068301154,0.41016479190962124,5.99009420614516,0.0,
O372246,285463,570952,0.7000111937522888,0.9399999976158142,0.543256938457489,0.35746878081693784,0.22621386492372605,nan,1.4224471274433583,0.8123013534823201,0.6328213177294822,0.49316979036826447,0.010439872314230983,0.017353641299662985,0.0202196615820745,0.5163228015391873,5.30251369300545,0.0,
O372248,297541,596790,0.6091550290584564,1.168000042438507,0.6801876723766327,0.4839488354594925,0.2778519933084925,0.02032785735106006,2.174888393927745,0.774116114647216,0.5741350592251797,0.4295988752781109,0.013008567634880553,0.029791091225894385,0.03101709337183764,0.4193999572729741,5.136109842582659,1.0,
O372250,246444,492896,0.9981496632099152,1.9942412376403809,0.7893967926502228,1.5713347484451186,1.1143425933609932,0.19903204048379428,5.5623175177315485,0.7382197737672507,0.7091694462072246,0.43983128412211137,0.1343100305876546,0.3220578103660169,0.369759742418786,0.36323594804849374,4.646462472778023,1.0,
O372251,228734,457484,0.4930768311023712,0.9399999976158142,0.534464031457901,0.24771992048298344,0.1437611725469851,0.0240878667150518,1.15298752822471,0.8050796109394294,0.5803375532605196,0.4386364209348572,0.0044785083063262,0.009544531081711313,0.009692165137752836,0.4620751135245884,5.297506115203383,1.0,
O372253,321029,642076,0.5358257591724396,0.8499999940395355,0.5529137849807739,0.251825629539216,0.1356536423266904,nan,1.227123110452307,0.8143055431862107,0.5386808426723916,0.473370757780042,0.00435177736576088,0.007731848592515282,0.008360636722350058,0.52050788836782,5.417656130691507,0.0,
O372256,285177,570428,1.2823538184165955,1.993265986442566,1.0720187425613403,2.7401573580915475,1.5653028003135105,nan,6.049236607362747,0.8520958188220298,0.571245587663515,0.506848018646718,0.2485188742713676,0.44200164204817466,0.5079411599836233,0.4892670526629111,4.6734139243629285,0.0,
O372257,330305,660612,1.3648341298103333,1.9949336647987366,1.093373417854309,2.9769863575897992,1.8087034614311108,nan,7.275146301460685,0.7944812764702568,0.6075618911789227,0.46621356299314776,0.3516157688953816,0.5549355141391179,0.6601812463482322,0.5326049033357597,4.657073416580061,0.0,
O372263,258864,517764,0.26876769959926605,0.5199999809265137,0.25412942469120026,0.0355169247521111,0.02277875822572167,0.002536985476102166,0.380786089209707,0.7627144329144264,0.641349395667138,0.4268935977299197,0.0001976790823692752,0.00047757311701809955,0.0005172957827110197,0.3821393658639316,5.832390583208174,1.0,
O372271,573097,1146208,0.5424472093582153,0.5349999964237213,0.3233167380094528,0.09382950968831962,0.08442284956256302,nan,1.0567487994942732,0.8031466946721367,0.8997473166277498,0.6783598547294155,0.0025684451808508403,0.00263000986246256,0.003907920955902764,0.6572408218675209,5.734256371928713,0.0,
O372295,355120,710352,0.27661068737506866,0.4699999988079071,0.3357781171798706,0.0436535133146349,0.03237857393981944,0.004140763624871667,0.43468375045920404,0.8229450511051707,0.741717481166962,0.5229571989784444,0.000410148582961542,0.0006710335327557513,0.0007280497554878871,0.5633524080873973,5.9122017265120155,1.0,
O372301,254121,508250,0.5168929100036621,0.9600000083446503,0.4826817363500595,0.23951497869724514,0.15200759532034203,0.040332560484052746,1.3425781018241048,0.8018797863469685,0.6346475537652476,0.46890429522612226,0.004905061312764349,0.010292034370597173,0.011091380557173066,0.44224082723337144,5.277100996344765,1.0,
O372303,155580,311204,0.5351499617099762,1.2510000467300415,0.56235072016716,0.37647841398568715,0.20321825083416722,0.027820518122061478,1.3240739072199688,0.7670070143525143,0.5397872581398335,0.4252439016456673,0.0072386299974657765,0.020576183365833164,0.020802710066412704,0.34796572054104646,5.070041539902804,1.0,
O372313,215982,431968,0.49648867547512054,0.8950000107288361,0.5100075006484985,0.2266255916056982,0.14243898407011746,0.025403404968335024,0.9799278779337219,0.8086195437581501,0.628521179187673,0.47737355810904775,0.004546560958132527,0.009013649866963576,0.009062932775233887,0.5016655282445471,5.343223445363996,1.0,
O372314,172396,344912,0.3400678485631943,0.9300000071525574,0.2234659641981125,0.07067403893846379,0.047989348403643654,0.0026210647588737965,0.9048764589688856,0.7406040455587743,0.6790237140037829,0.4956365894880046,0.00047011851904024503,0.0028906893106587198,0.0030612554775614424,0.15357049500969305,5.2799378950660865,1.0,
O372315,288968,577952,0.8364465832710266,0.9650000035762787,0.27647678554058075,0.22316403125454728,0.10756863603538343,nan,1.6879182700091915,0.5796017741202215,0.48201601051330517,0.4903317162745378,0.004671152350410687,0.008175671956260778,0.012333606155311807,0.3787337046107092,5.233498338118061,0.0,
O372317,220109,440262,0.386069193482399,0.8149999976158142,0.41713619232177734,0.1312503977897623,0.08639618905859787,0.0078999844264803,0.7879409937916375,0.8086238286721942,0.6582546835171336,0.4813936033466326,0.0017656872303864607,0.004430365010691281,0.004463137218097214,0.3956157169506056,5.446144104833029,1.0,
O372319,376179,752388,0.2142128050327301,0.3100000023841858,0.2335309237241745,0.01550784753145003,0.009876809226053992,nan,0.19473465698208697,0.8272220255272853,0.6368910453900033,0.4501318751193174,5.712740886106753e-05,9.357810349865542e-05,9.821002353928028e-05,0.5816861334751512,6.285951297713377,0.0,
O372321,229367,458732,0.4858963042497635,0.863999992609024,0.5189473330974579,0.21786156497834094,0.1375422538224388,nan,0.9173153815931951,0.7927095548548531,0.6313286780810226,0.4804228441185584,0.004415326189651019,0.008446994626763083,0.008520320430290423,0.5182112839270904,5.398012258434849,0.0,
O372322,236889,476072,0.44505949318408966,0.8319999873638153,0.43027718365192413,0.15932712005713992,0.10288458715347219,nan,0.8946714440624491,0.7905758840741869,0.6457443473312918,0.5457538344733246,0.0024740465120890744,0.00562709344172848,0.005938907214492782,0.41658278581144204,5.42288131877468,0.0,
O372323,241160,482364,0.5446915924549103,0.9650000035762787,0.4409756362438202,0.2317888721445893,0.15304168447916017,0.02691683958448861,1.2730918022675233,0.768264608891814,0.6602632950545321,0.4280115880697414,0.005054901821573514,0.010646595740224583,0.011995447192499844,0.42140169853226417,5.27744555356582,1.0,
O372325,286051,572160,0.5966143310070038,0.9050000011920929,0.47461719810962677,0.25626289736936425,0.16275755801401423,nan,1.22724428403319,0.8153208810261946,0.6351194795843731,0.45819620263091715,0.005923996608893609,0.01021305711080496,0.01200308251964999,0.4935396052801904,5.367512452322804,0.0,
O372331,438855,877698,0.4222453236579895,0.35499998927116394,0.2336525022983551,0.03502382908355341,0.02214227029531654,0.00700818012812512,0.432553434839237,0.8298560094250583,0.6322058688241536,0.4947332669437298,0.00023606903379499842,0.0003265169633831586,0.0004322556180839281,0.5461329452267814,6.006281285729756,1.0,
O372332,393793,787600,0.5652898252010345,0.41200000047683716,0.2666824460029602,0.062110183865386026,0.03999860971559575,nan,0.717826890736639,0.7464140509144307,0.6439943858850328,0.4985873391503858,0.0005844062017787585,0.0011485851452242236,0.0014686196814104266,0.3979288914455436,5.739248268380231,0.0,
O372333,425571,851156,0.21190091222524643,0.32999999821186066,0.21858762204647064,0.015285242366397514,0.008938050279003842,nan,0.25462238716342633,0.8147668381259932,0.5847503143720446,0.48231521552456585,4.741859672783254e-05,8.090012770954659e-05,8.871158881905208e-05,0.5345253913167286,6.223075440375707,0.0,
O372338,367974,735944,1.1115630865097046,0.914000004529953,0.25242849439382553,0.2564594407362385,0.24349598344856208,0.23511331421558376,2.862121824307141,0.6663033880356031,0.9494522125975897,0.4994054418722119,0.017991093405151884,0.02452000096416072,0.04007088782315034,0.44898165183047944,5.109129018468025,1.0,
O372339,329997,660012,1.490149974822998,0.945000022649765,0.5693928301334381,0.8018142915738016,0.6451951197687205,nan,4.332117829915564,0.7608757903722196,0.8046690194338281,0.5233555835905824,0.05379473802711468,0.12863004507972708,0.15469659161717028,0.34774352469407493,4.881809731174313,0.0,
O372340,186450,372894,0.17181717604398727,0.4350000023841858,0.1846914142370224,0.013803923472350066,0.00820038198112793,nan,0.19644906743577872,0.7585040991007717,0.5940616809093223,0.4122093035825005,3.270190030466101e-05,0.00010353501154775952,0.00010651437674322616,0.3070186514210694,5.977312416185829,0.0,
O372342,578923,1157962,0.4251246750354767,0.3800000101327896,0.27507610619068146,0.04443782448159338,0.025137946683020825,nan,0.5607186568586158,0.7800426183109881,0.5656880591315453,0.5175585181575955,0.0003069987508105874,0.0004140160710358659,0.000570423545323226,0.5381943878852844,6.013875797300224,0.0,
O372343,211172,422364,0.5092955827713013,1.2319999933242798,0.5337821543216705,0.3349227628024588,0.18849770159296908,0.03387218747240939,1.757086600342841,0.7450571511856738,0.5628094669222203,0.4188621367080196,0.005992007206750593,0.019698434552978178,0.020462785966891384,0.2928246044524734,5.079843166322665,1.0,
O372345,365710,731432,0.6078562438488007,0.39499999582767487,0.32106758654117584,0.07708935937044173,0.04614521038312267,nan,0.7401174592465021,0.7722104705661943,0.5985937716952421,0.4843436265648314,0.0006766973542230965,0.0014870532512239602,0.001769724658145015,0.382374371690337,5.693836186615219,0.0,
O372346,244718,489436,0.5403904616832733,0.914000004529953,0.46041491627693176,0.22740670099096935,0.1336598024191455,0.036840221569498406,1.135754085638684,0.8187856673105366,0.5877566572871277,0.4975554301074734,0.003854771752430727,0.008561762563948184,0.008611983762505881,0.4476055527662863,5.333381606871294,1.0,
O372350,180510,361230,0.152862548828125,0.4520000070333481,0.17285600304603577,0.01194329074689197,0.007460155468403377,nan,0.20210619436992605,0.7233823464052808,0.624631487795334,0.4088798989527817,2.5623355622765768e-05,0.00010488362497093047,0.00010500128395960944,0.2440289742801834,5.950921641763547,0.0,
O372351,256676,513418,0.45738767087459564,0.914000004529953,0.5260503888130188,0.21991659245104925,0.1370713544552975,nan,1.2090845189552448,0.7889741112194729,0.6232879153300264,0.4578317540453946,0.004250321074433295,0.008585017819021134,0.009021566321751698,0.4711289506552139,5.326928602168248,0.0,
O372353,358749,717492,0.8255311846733093,0.9350000023841858,0.23630893230438232,0.18240016776501158,0.15927305129500444,nan,1.9903005155912927,0.672733740917967,0.8732067149203387,0.4962879286600369,0.00827124474309334,0.012086963991410566,0.01902649112145261,0.43472255027451734,5.25587204365345,0.0,
O372357,249706,499416,0.6298952400684357,1.2699999809265137,0.6514203250408173,0.5211147259479878,0.3103707321233193,nan,2.2048717688789767,0.7910357877749165,0.5955900239792825,0.40234510166091114,0.015549141022704249,0.03583384015430645,0.03683393040564757,0.42214178208688186,5.054045641013591,0.0,
O372361,341147,682408,1.337550938129425,0.9800000190734863,0.6838898360729218,0.8964427594274179,0.6305144234757937,nan,3.075518284566038,0.8310626902181998,0.7033515713580197,0.46994956694813933,0.058657426047180425,0.09257479616860699,0.11705108058113141,0.5011267367713305,5.045023243172266,0.0,
O372362,328763,657624,1.2742058634757996,0.9800000190734863,0.6277689337730408,0.7839087344521407,0.5444265074458302,nan,2.7209717708957917,0.8142707683269493,0.6945024127410951,0.4546983453064482,0.047738409796048806,0.07128490474443162,0.09346604981952863,0.5107566853229142,5.0821588986264015,0.0,
O372364,426164,852344,0.7540251910686493,1.1150000095367432,0.8571369647979736,0.7206276991376049,0.46685522602651375,nan,3.031874850536004,0.8206841272779407,0.647845241842927,0.45492891397477225,0.036576836444232895,0.057444568646263225,0.05879634756643198,0.6220936836749251,5.147865489548591,0.0,
O372368,405832,811684,0.20956896245479584,0.32999999821186066,0.17266932874917984,0.011941423519625604,0.007371561951722193,nan,0.2440967099953007,0.8018358001413654,0.6173101506371588,0.47709069677544935,3.406307034696339e-05,6.060210076465964e-05,7.185756087309759e-05,0.47403599472461505,6.220784362412064,0.0,
O372369,270400,540842,0.55704465508461,0.9149999916553497,0.5107227861881256,0.2603132870485395,0.1786545522041146,nan,1.2944132238509527,0.8231117066957145,0.6863059286359119,0.5167248402351423,0.006689619094285339,0.012302950971284093,0.01282520895605905,0.5215992283014572,5.319933746184217,0.0,
O372380,220809,441666,0.5277009606361389,0.9839999973773956,0.4281819760799408,0.22233680687021076,0.14387412110418177,0.023312703142204832,1.26695812758458,0.7604171848234663,0.6470998802648469,0.4341641769285319,0.004552564999638777,0.0097349799012288,0.011050424395215894,0.41198100967142387,5.241254509040358,1.0,
O372381,264744,529516,0.5536567866802216,0.914000004529953,0.5279249846935272,0.2671523764031884,0.1852758985005898,nan,1.2378759109667725,0.8322977049933005,0.6935214314581652,0.48080916960218983,0.007300399674737649,0.01275894173569522,0.013214380193046181,0.5524587281497582,5.330149014639801,0.0,
O372382,291587,583210,0.6463275253772736,0.9909999966621399,0.48967960476875305,0.31364496545689763,0.21359974860847494,nan,1.6775115209938543,0.783765482253243,0.6810239988941531,0.4512112203431286,0.009045131376038915,0.017104707968067515,0.01920194415076806,0.4710528946974944,5.240102646117788,0.0,
O372423,542737,1085496,0.6199549734592438,0.6899999976158142,0.5460624396800995,0.23358854564915826,0.14700461183663321,nan,1.4765521545648064,0.8248007762340068,0.6293314230288883,0.502838633585482,0.006337236873693606,0.006627195020477613,0.009047404601495975,0.7004480459120567,5.565340638079008,0.0,
O372425,188727,377476,0.2334713414311409,0.4449999928474426,0.28707772493362427,0.029825867103791717,0.01837190337681888,nan,0.20720024696107223,0.7797136904005185,0.6159721463549097,0.5190750662095024,0.00014564587815234443,0.0003081459205431692,0.0003220332391803542,0.4522697052113173,5.959443767717354,0.0,
O372427,278685,557404,0.5552141070365906,0.902999997138977,0.5408560633659363,0.27116269652097147,0.1765341015934663,nan,1.3418888206655635,0.7905175161609512,0.6510265012791437,0.43485865554691056,0.006929186688339911,0.012074172767412444,0.012709672066742526,0.5451900451839001,5.3173970590038415,0.0,
O372430,204405,408842,0.23425185680389404,0.4150000065565109,0.20511972159147263,0.01994061570974683,0.011676728578025953,0.0008305456580643822,0.20160263115149363,0.8184444263415033,0.5855751270668363,0.44366995607740944,6.612542239361554e-05,0.00014200774173489094,0.00015132420023640975,0.4369785023830264,6.0059953191103155,1.0,
O373910,311748,624072,1.6029974818229675,0.8700000047683716,0.6719728708267212,0.9371386183524191,0.6811277020604752,0.04405132012761539,4.3495857942566225,0.7453835011837818,0.7268163841737352,0.5335657076429351,0.05346110702484086,0.1590976561454148,0.17972179271113953,0.29746591227679886,4.855355774379572,1.0,
O38134,292835,585736,0.9713481068611145,1.9946799278259277,1.1697251796722412,2.2663759566373547,1.55550703866453,nan,6.786208418344719,0.7955770757956827,0.6863411315801513,0.4789260253525286,0.22765396990057274,0.5140845183373323,0.5599115216890019,0.40658918611612566,4.634995789314185,0.0,
O38411,346105,693262,0.4008828103542328,0.9149999916553497,0.4281712770462036,0.15705655051021722,0.12795991881852156,nan,1.5508420553544264,0.8092595803674365,0.8147378660923614,0.5137457357569329,0.0033674973512680395,0.008354089337088788,0.008591594260881519,0.3919525583977619,5.348640303781214,0.0,
O39474,209286,418570,0.529094934463501,1.2170000076293945,0.43030111491680145,0.2770745623560972,0.17012987974102323,nan,1.676170234242191,0.7724279255558357,0.6140220101561389,0.4720381630408595,0.004537140339492156,0.0182499779996881,0.019156387374825824,0.23684738937022093,5.096422053467076,0.0,
O39939,741572,1483140,0.4332754760980606,0.5129999816417694,0.2688397020101547,0.059755084251330914,0.051659968686703917,nan,1.045378037957256,0.8088296669398938,0.8645284218732117,0.500078594995385,0.0009496933888330985,0.0014023776736085533,0.0017792870656165546,0.5337493916441262,5.850879951625062,0.0,
O442551,360196,721012,0.4996190071105957,1.0099999904632568,0.5373193025588989,0.2711394832501074,0.16017500813537863,0.018820036375255776,2.040573577663489,0.7912279569836325,0.5907476337100941,0.4166761170163091,0.004982257274903933,0.012162949410712472,0.012666572793997029,0.39333901568584806,5.246786626744678,1.0,
O442573,329668,659336,0.7503447234630585,0.8799999952316284,0.12432558089494705,0.08209259793725548,0.07287711634170992,0.06979830473610679,1.5980546261280297,0.5398379755153765,0.8877428437264333,0.4995276805548892,0.0030286713534633013,0.004749612900724343,0.007613402417660399,0.3978078639896737,5.314485172700487,1.0,
O472030,688371,1376686,1.9954429268836975,1.2215200066566467,1.9204214811325073,4.680976387146723,3.747440008272149,nan,14.835781667312183,0.8488281834705756,0.8005680222105096,0.5582634577732372,1.3464159945741436,1.4181735489509375,1.8362222059447912,0.7332533013788342,4.666512132536557,0.0,
O485386,269152,538356,0.49651484191417694,1.0999999642372131,0.551453560590744,0.3011853554136701,0.19718241885764987,nan,1.75079687044768,0.780757289154227,0.6546879365592827,0.4494485022559838,0.007048203333839621,0.018369493733633138,0.018655611944157952,0.37780606473468065,5.186761849655782,0.0,
O48605,277642,555304,0.6060092747211456,0.9800000190734863,0.5346070528030396,0.3174973018627473,0.20821660474842485,0.0203756651874166,1.6121799553410228,0.7740816101558002,0.655805903000826,0.4598355509697929,0.009379624497306324,0.015552142047346408,0.01810650609884416,0.5180250925331794,5.236071647038607,1.0,
O48606,214801,429596,0.5003309994935989,0.7800000011920929,0.4597437083721161,0.17941874298836732,0.12343601593808197,nan,0.6831555452932686,0.81876047024462,0.6879772641484005,0.5809897044456804,0.0037812918257883904,0.006496797463551432,0.00698356511173583,0.5414557987630068,5.497516700948126,0.0,
O48619,686666,1373332,0.3766411542892456,0.5100000202655792,0.4540977478027344,0.08722627241127051,0.05187196122085438,nan,0.8808538979921849,0.8751541751469698,0.594682769157885,0.658411525988185,0.0009935819750813639,0.001281890922459746,0.0015238301096632662,0.6520293625783022,5.891841663466847,0.0,
O48633,930599,1861208,0.49382172524929047,0.35500000417232513,0.4937269985675812,0.0865536579906205,0.05379413255334394,nan,1.1652311832892714,0.8377814061931437,0.6215119476426221,0.4817751476060401,0.0011874601673924805,0.0012204470013174843,0.001607105853256251,0.7388811166274444,5.902350483048631,0.0,
O48873,178134,356268,0.2336972877383232,0.45499999821186066,0.24326520413160324,0.0258669402733762,0.013619520953256102,nan,0.2111852883965364,0.8162947752754849,0.5265223025729922,0.4656040316794798,8.615404809902479e-05,0.00019108387611483125,0.00019750329062917716,0.43621576037830967,5.926083159033677,0.0,
O49115,515280,1030556,0.3538227826356888,0.48999999463558197,0.4004010707139969,0.06941879953508186,0.03562898889692556,0.02423683774559754,0.6706457297636362,0.8500866826916902,0.5132469753948987,0.43965679778741407,0.0004938820756972114,0.0007462816850495274,0.0007898326760097882,0.6252996244626006,5.8855501225204865,1.0,
O49200,674136,1348268,0.40475888550281525,0.45000000298023224,0.4003675580024719,0.0729235474388075,0.06544343192591667,0.005577736591925103,0.8724263218904846,0.8358607510550303,0.8974252381349436,0.6194012613257587,0.0015879419165248365,0.0018534667925104399,0.0018933890430425377,0.8386770391219387,5.88801875965497,1.0,
O49425,216619,433240,0.21436531096696854,0.4599999934434891,0.26798561215400696,0.02642553640202018,0.01575151390498487,nan,0.24941287085544067,0.8009637718068454,0.5960716810191485,0.43226878161351107,0.00011429967220188146,0.00024060250319830748,0.000250851264776432,0.4556471832173124,5.938777685304896,0.0,
O49426,595376,1190748,1.037784218788147,1.0,1.067059576511383,1.1073775890102766,0.7123076914632732,0.14761007381954916,3.854382390987617,0.8067051406012995,0.6432383123266032,0.4033297882254526,0.08664431199478038,0.09812201087475303,0.127365359764103,0.680281609970378,5.188836525411552,1.0,
O49610,248524,497084,0.597564309835434,1.2800000309944153,0.776271641254425,0.5937564656427542,0.27643752514688197,0.03858569370485727,2.1237930560567433,0.7646899728206458,0.4655739198521946,0.4276431778942891,0.011723714083056964,0.034023256474114034,0.03643889757392297,0.3217362451559701,5.0682561384776825,1.0,
O49613,329168,658352,0.5607124865055084,0.9399999976158142,0.5680260956287384,0.2993893642518437,0.2287976766151042,0.02538219341231382,1.6591130383485746,0.8353519262029069,0.7642144442467288,0.5074277707727951,0.010014248573173977,0.018776863991806045,0.01894977323558131,0.5284627129136606,5.297541632448011,1.0,
O49616,264647,529328,1.2069529294967651,2.0700000524520874,1.1778160333633423,2.9426468941478574,1.884214256712018,nan,6.355460434004013,0.7952969548152711,0.640312726769637,0.4016966807191325,0.3357506516358587,0.6486458323622768,0.7032477083365664,0.4774287177273989,4.619519955896422,0.0,
O49619,273346,546708,0.4519992917776108,0.7879999876022339,0.6001982986927032,0.21377589091358015,0.13806522782722155,0.013377030027021652,0.9780479004013007,0.8099413807526314,0.6458409656823043,0.5188314354965771,0.005050508911403947,0.007009258312780403,0.008043217770005327,0.6279214433604229,5.446352597934454,1.0,
O498891,316291,632612,0.6566178798675537,0.9999999701976776,0.5681803822517395,0.37307738685790054,0.2659137217837849,nan,1.7818336579467298,0.8250701320784404,0.7127575434773467,0.4890148839955036,0.01356501781558715,0.022277266618945,0.0248946898714265,0.5448960354857337,5.2492196760426415,0.0,
O498924,475469,951188,1.995348870754242,1.4017392992973328,0.8387725055217743,2.346012247833735,1.9833559683514268,nan,11.160910745095025,0.7702280517201712,0.8454158626762591,0.480037950733336,0.37079868194488963,0.746334934364561,0.9159938092755013,0.4048047903709853,4.629422571672569,0.0,
O50990,450150,900272,0.40631450712680817,0.45799998939037323,0.20714500546455383,0.03854803663302239,0.02367617495773697,nan,0.5137358812943909,0.8020963951990479,0.6141992440013052,0.4812179038584945,0.00024741968221883283,0.0004217241283535302,0.0005510517689536755,0.4489953506339843,5.942617354896055,0.0,
O50991,652090,1304160,0.6963547766208649,0.75,0.5373334288597107,0.2806310248683954,0.17103390201045623,nan,1.8617181352084748,0.9008234811245632,0.6094618443939482,0.4609834999744511,0.006765184667920062,0.009512762884933215,0.01077053876792437,0.6281194296489038,5.544393610937147,0.0,
O50993,207704,415480,0.5028714835643768,0.949999988079071,0.44695547223091125,0.2135231006582144,0.14566409956060503,nan,1.0677263868036695,0.8102905823011312,0.6821936320312667,0.5167141191878404,0.004513893875196795,0.009399370918068037,0.010386918472422972,0.4345748825487635,5.288984884726011,0.0,
O51416,455079,910176,0.2830106317996979,0.4350000023841858,0.2937015891075134,0.036157492646018426,0.023830979104012745,nan,0.4632697399158674,0.8526607806815746,0.6590882652543927,0.5486545283081925,0.0002293313500913109,0.0004331690975582761,0.00044449720900431144,0.5159342858530446,5.9922528614218935,0.0,
O51417,381584,763220,0.2544940114021301,0.4350000023841858,0.2200978547334671,0.024365910022720455,0.017553969077523584,0.001231159387494471,0.39050877502071585,0.8284161955136143,0.7204314988094043,0.5684800111422637,0.00013402667621853208,0.000272900712546607,0.00030720534770174935,0.4362771586536704,5.989959358997191,1.0,
O52823,406795,813596,0.8384997546672821,1.1049000024795532,0.8423969149589539,0.7804456820015206,0.47986297898822167,nan,2.6436765293160813,0.8344340876220081,0.6148576256550891,0.48321804458364875,0.03901993496941303,0.05656754431903709,0.061514539021041044,0.6343205295916509,5.187167290917183,0.0,
O52864,363581,727176,0.5923289060592651,0.9149999916553497,0.5465415120124817,0.2962150846711588,0.1769502611912903,nan,1.6453387869897984,0.8418724451198807,0.5973708644437552,0.4876822130725883,0.006526966284938403,0.011946287740541519,0.013545788484051321,0.48184469236495087,5.344345843976111,0.0,
O52888,220481,441040,0.20504461228847504,0.4649999886751175,0.1881827712059021,0.017942426026017155,0.011587960509198978,nan,0.2592892038786864,0.7802028647018463,0.6458413423243894,0.42285031561906694,6.0075431989963735e-05,0.00016498026372976113,0.0001714109908631071,0.35047596240745965,5.929586735726776,0.0,
O52894,259152,518316,0.2613152414560318,0.40799999237060547,0.24141350388526917,0.02573869096657795,0.015350933761080309,0.0016268578272406007,0.22997282044652453,0.8067069375227037,0.5964147042681274,0.4748570817240157,0.00011522425857477053,0.00020144473458405724,0.00024030892900591772,0.4794838837300676,6.051878053297049,1.0,
O52926,207728,415480,0.45108717679977417,0.929999977350235,0.4410163015127182,0.18501121798013478,0.11364735024044648,nan,1.0159832472529775,0.791866761822571,0.6142727531940746,0.5081592884844894,0.002841387411336247,0.0068281716380156334,0.007058963079656451,0.402521925567931,5.310608492910774,0.0,
O52933,238030,476148,0.2555795907974243,0.4099999964237213,0.2009984701871872,0.02106215358843594,0.013213890070689314,0.0008344471564920489,0.2114770560960449,0.7750124055126706,0.6273760190384486,0.48071276729027584,8.739470354873693e-05,0.0001705954149398944,0.00020219919865199852,0.43222082051447897,6.051368440506923,1.0,
O52956,354440,708876,0.6538808345794678,0.8400000035762787,0.4833386242389679,0.2654785260518373,0.20474923758447208,0.04330915889914593,1.4550374096252499,0.8255878732342706,0.7712459483238685,0.5672370440921118,0.009251616745076893,0.013755073815907029,0.017079388333943235,0.5416831425215863,5.386668568525183,1.0,
O52959,218502,437032,0.44482018053531647,0.8640000224113464,0.533495157957077,0.20503533769871057,0.13037866422635216,nan,0.9007989009938769,0.7915879032137132,0.6358838709936784,0.49480366365158507,0.003871673237055728,0.007913507765906366,0.008282222997954329,0.4674678812695593,5.384827568870623,0.0,
O52961,437598,875192,0.8093315362930298,1.0920000076293945,0.7756833434104919,0.6855412160528848,0.46438486927377554,0.15532161646094458,2.972050490915394,0.834225997156791,0.6773989052730441,0.49999786683173103,0.03637517975215544,0.05504899866465352,0.056324889850636065,0.645810046830383,5.168019145230878,1.0,
O53040,441729,883532,0.776972085237503,1.1049999594688416,0.8397715389728546,0.7209893169077932,0.42013531602898285,nan,2.799509921619622,0.8426279820970102,0.5827205843088985,0.4590413193776624,0.03027528792276145,0.04617191894564253,0.05018514034358344,0.6032719589003277,5.198073901112326,0.0,
O53061,365142,730304,0.689376711845398,1.015999972820282,0.593906044960022,0.4159757852343034,0.25056054201525707,nan,2.0263141214822613,0.8649859030853765,0.6023440568160134,0.5146029564179379,0.011783863087741034,0.020096232810053384,0.023388097945731642,0.5038401632780747,5.255755018940612,0.0,
O53071,171595,343172,0.47606121003627777,1.300000011920929,0.608803391456604,0.37677598642934196,0.2427010678650249,nan,1.7210650499544133,0.7684649992834813,0.6441521662913606,0.4477967734899229,0.009246623912791324,0.02934993333907182,0.03094826640398058,0.2987767971262526,4.998707343681887,0.0,
O53074,310260,620578,0.532957136631012,0.8889999985694885,0.5215533077716827,0.24711138022913842,0.16236135878824282,nan,1.3301782547776118,0.8090633764460263,0.657037157243387,0.4954275841999045,0.005794565358513575,0.010602727703936813,0.01120311910670328,0.5172278633587366,5.367815944272138,0.0,
O53092,339864,679804,0.31794095039367676,0.4399999976158142,0.2729475498199463,0.03818372928794432,0.023700852516019322,nan,0.35345881206102375,0.8361226168755664,0.6207055454769932,0.4882192580411896,0.00024629583908673325,0.0003843101903926512,0.00044443928984695083,0.5541720651465104,5.982966350993986,0.0,
O53096,325239,650478,1.8704578280448914,0.9399999976158142,0.8469976484775543,1.4892169752374271,1.1948208604409118,nan,6.204972900439686,0.7853415432196841,0.8023148273947257,0.5019518513578785,0.13454278684447887,0.3721348255311786,0.39364553231192845,0.34178664763268773,4.719462727981927,0.0,
O53097,103815,207622,4.541827440261841,0.9449999928474426,1.4966363310813904,6.423603390366108,3.920835291771997,0.5882752440192874,10.822888307711931,0.7088889715971837,0.610379416894313,0.4730955080504525,0.7484986564872378,4.792178206726273,5.130303465557776,0.14589754027461993,3.981916931748755,1.0,
O53098,459828,919720,1.4681329131126404,1.995246171951294,1.5301135778427124,4.482141161499509,2.7911303429001983,nan,10.363008111172128,0.806932215938489,0.622722543162032,0.46228878109746246,0.7338681899413508,1.1114658322389883,1.1935523977734817,0.6148604714048156,4.647109574864151,0.0,
O53099,462476,924976,0.7649728655815125,0.9905999898910522,0.8222650289535522,0.6230977310140495,0.3948425691492405,nan,2.5285099758390244,0.8200801357841125,0.6336767885619818,0.48958563468094557,0.02853674827652471,0.042149119486704,0.04422418631880836,0.6452746935987865,5.2622245287153815,0.0,
O53101,167389,334754,0.4490097910165787,1.1850000023841858,0.5405414998531342,0.2876094852522018,0.16067654008701338,0.02999043390900416,1.296649383708463,0.7584860605374424,0.5586621732802649,0.45965875973386117,0.004422012775952513,0.015456836679569808,0.01560878338534038,0.2833028472997854,5.110904356889646,1.0,
O53108,501375,1002900,0.5677936375141144,0.9399999976158142,0.6811667084693909,0.3635563948439179,0.2536903285787751,nan,2.366186078488448,0.8381878735625371,0.6978018601149609,0.5597797349073278,0.011964344323291527,0.022237241264313635,0.02230527933065008,0.5363906968361122,5.326113780140285,0.0,
O53119,186244,372504,0.3129998743534088,0.9850000143051147,0.5675457417964935,0.17497712222521852,0.09407260683450291,nan,0.9142129519500601,0.8041498910591983,0.5376280375294955,0.5790690105165532,0.0017998424706664677,0.006053221134170462,0.006756393089871697,0.26639102354251065,5.309034920713212,0.0,
O53151,281217,562494,0.5366145372390747,0.8910000026226044,0.5544185042381287,0.26508054569812284,0.18050896326486585,0.009894285312850354,1.2151873676403024,0.8496512271919375,0.6809589243506078,0.5084330797689258,0.006680559135421371,0.01258007964040602,0.012967247010229485,0.5151871580877014,5.364398324697481,1.0,
O53159,254596,509320,0.6032553911209106,1.149999976158142,0.5960807204246521,0.4135272357870512,0.25258224854676814,nan,1.7991921988183686,0.8047045647887221,0.6107995476187623,0.4341896542575209,0.011782975025972909,0.023244894693242986,0.024379990462408675,0.4833051532214908,5.150774016739848,0.0,
O53160,289427,578856,0.3082226663827896,0.4399999976158142,0.25464729964733124,0.03453475047404002,0.02063958723605264,nan,0.3007095291864318,0.799138183935651,0.5976469194867223,0.4668821850035256,0.0001867536991625272,0.00036020821403114973,0.0003689173995158233,0.5062209031279836,5.983391852357974,0.0,
O53171,276099,552196,0.5851902067661285,1.024999976158142,0.6679140329360962,0.40062816049301864,0.2302561179173556,nan,1.5925343476355351,0.7966458546466306,0.5747377259601502,0.4664687609714317,0.010099157427551369,0.02101201046658201,0.021179438816839348,0.4768378196839536,5.238976025743427,0.0,
O53177,254526,509124,1.093331515789032,1.9954910278320312,1.0950527787208557,2.3891130361614326,1.4478603027288688,0.24037101621388168,5.558985280247996,0.8344092021507862,0.6060241942571012,0.5017476427710769,0.20622485657554476,0.4279280908781201,0.4452447759625886,0.4631718724373594,4.660736628345922,1.0,
O53183,296832,593872,1.1983144879341125,1.9945639967918396,1.3472539782524109,3.220091853941746,2.1154194567485405,0.09243157993630295,6.602450530916348,0.8146251503211224,0.6569438241828521,0.49559927871123055,0.45110380899662866,0.7169539730890263,0.7295973996435786,0.6182914155354733,4.652805562360781,1.0,
O53184,458527,917052,0.7648999392986298,1.0600000023841858,0.8288346827030182,0.6720141359089415,0.4317768009047562,nan,2.737328303312378,0.8162705527262127,0.6425114857453865,0.4562218638478584,0.03283787760254802,0.04766207908303272,0.05370072156181778,0.6114978839669143,5.224038025911394,0.0,
O53193,243836,487932,0.49340835213661194,0.9778999984264374,0.46106112003326416,0.22246384700681732,0.15545467543854743,nan,1.309040471550302,0.7738918113884762,0.6987862411359972,0.45837275369815783,0.004950539163276605,0.011428371659935994,0.012164599387370738,0.4069627782741653,5.270144751524842,0.0,
O53194,360701,721404,0.6636722087860107,0.9799999892711639,0.5858405530452728,0.381029967787818,0.24729759012161312,nan,1.8913828184696335,0.8244466997322187,0.6490239903107158,0.4651116671880456,0.012973260753798736,0.018651141523555636,0.02214930338995873,0.5857186804204458,5.2803679068099205,0.0,
O53196,179613,359224,0.4818779081106186,1.1649999618530273,0.5757206380367279,0.3232025104879328,0.19488364244548986,nan,1.4611597747960539,0.7633157684722026,0.6029768832899153,0.4562732625405638,0.006780232385228356,0.018845576907243172,0.019362401790047556,0.3501751724165467,5.0896400590297395,0.0,
O53198,301339,602704,0.7376108765602112,0.9899999797344208,0.5723219215869904,0.41792935695870836,0.24790061015442164,nan,1.6281853012890555,0.8122186044684773,0.5931639068344136,0.4572470426697827,0.012784502752715345,0.019460955445613427,0.022747907842581228,0.5620078488617911,5.267351512961731,0.0,
O53300,373279,746576,0.690243273973465,1.0410000085830688,0.7445122003555298,0.5349642191835315,0.33033979156519194,nan,2.1498434436129106,0.8187254801716216,0.617498852669736,0.4771555694389922,0.02032855067488256,0.0322964285659012,0.03468656945655868,0.5860640297779218,5.239626723217333,0.0,
O53309,262652,525312,0.236732117831707,0.4299999922513962,0.20395585149526596,0.02076164691339161,0.013763695605384317,0.0010748557668107173,0.27517796890287893,0.8176613635837517,0.6629385261583706,0.44328224639825264,8.951135089477219e-05,0.00018154842744070584,0.00019526891905938563,0.4584004014870886,5.979767051358792,1.0,
O53319,172251,344528,0.5605731904506683,1.2509999871253967,0.5430852770805359,0.38085324320170444,0.2000901034860482,nan,1.4939883427650889,0.766726680022622,0.5253732429950139,0.430112980941277,0.006924840099447544,0.020712758695532917,0.020786954691721544,0.3331339391529717,5.061814543079295,0.0,
O55006,247049,494142,0.5256467163562775,0.9449999928474426,0.5827384293079376,0.2894672398670815,0.1814585353233421,nan,1.2765157909042435,0.787501417305901,0.6268707139594271,0.4230459554504132,0.007184371779311271,0.01318922054233093,0.013236231545559184,0.5427807570895555,5.2867569087668205,0.0,
O55014,253333,506706,0.5452375710010529,0.9525000154972076,0.5240575075149536,0.2721633943734668,0.17443639337133762,nan,1.2596381917256263,0.8070097634142547,0.6409252565830852,0.46642228391932516,0.006282968572417511,0.012961320159433081,0.013557136810791159,0.4634436208843461,5.3034459463217125,0.0,
O55017,248805,497684,0.5306622982025146,0.9399999976158142,0.516149640083313,0.2574670843165997,0.16082082965245048,nan,1.2456218792146245,0.8045214106420644,0.624626755996094,0.4593866397925878,0.005583500593045752,0.010984268254506012,0.011192330599273709,0.4988684477751288,5.300472875751055,0.0,
O55021,391563,783120,1.9935764074325562,1.520582675933838,1.224753201007843,3.7127140957490394,3.063210122694255,nan,8.33916244641869,0.8407829636905175,0.8250595234902549,0.6637601729396945,0.8636035005183459,1.1846696549529778,1.3780047789362635,0.6267057369605029,4.671679213288535,0.0,
O55022,311789,623604,1.2383757829666138,1.9852157831192017,1.2139299511909485,2.984377772815633,1.9003110511785148,nan,6.963439360393416,0.8271838663680319,0.6367528496185161,0.4911252314115514,0.36609646984434296,0.608588244847514,0.6229248821158526,0.587705645343375,4.651036991109845,0.0,
O55025,482758,965524,0.4184430092573166,0.5699999928474426,0.3149145841598511,0.07511106862275309,0.0701626881105035,nan,0.9170295016291176,0.8018232672578568,0.9341191570965002,0.6160568283026461,0.001496766201402148,0.002434368644207265,0.0028481907359468807,0.5255147355517776,5.721346171877896,0.0,
O55034,544739,1089492,1.0188909769058228,0.9778999984264374,0.5486948192119598,0.5467049690621435,0.34152743189250295,nan,3.152537522335521,0.7818054259615623,0.6247015323061419,0.4274892140626704,0.025513705137664586,0.030327742266587597,0.044825841757419695,0.5691740330440418,5.237528204866613,0.0,
O55037,370259,740498,0.5939350128173828,0.4150000065565109,0.33133409917354584,0.08166823410264434,0.05598410404444113,0.01426741470069569,0.7176296925190315,0.7789461924814745,0.6855064843703829,0.5178296217318652,0.001015685384114865,0.0018351012814910891,0.0022510638087271584,0.45120239603033474,5.712605224152465,1.0,
O55044,146027,292118,0.32631614804267883,1.0669999718666077,0.4205219894647598,0.1464170606653814,0.0947485300457571,0.011312179385227434,0.9401693225389448,0.749563524886647,0.6471140017097698,0.4763144325087667,0.001495959736941137,0.008286275552538016,0.008543633513049025,0.17509643112105633,5.191227086915543,1.0,
O55103,236654,473312,0.2529561221599579,0.5199999809265137,0.23467478156089783,0.03086845867818919,0.01726930230220804,nan,0.3675419424566954,0.7724716072175947,0.5594481565226338,0.43810111213018127,0.00011506435695924375,0.000330947659540428,0.0003503603307590733,0.32841719469196473,5.808806943202304,0.0,
O55145,297737,595484,0.2656126618385315,0.4100000113248825,0.273629754781723,0.02979860710866433,0.017489713930074407,nan,0.27574364441231336,0.8013413817465678,0.5869305859262478,0.45202737005803206,0.00015135746107615075,0.00025363384347032913,0.00026032366190761554,0.5814202979745459,6.033327296883514,0.0,
O55148,468160,936316,0.4321010410785675,0.5840000212192535,0.32737138867378235,0.08261119343494512,0.07763565555493275,0.014431576277523969,0.9277562156261056,0.8050207485541548,0.93977162569464,0.6056633706612048,0.0017723373701958782,0.002867833029262351,0.0032957095484238987,0.5377711063899608,5.702960431801031,1.0,
O55154,180914,361824,0.483683705329895,1.1600000262260437,0.5336495637893677,0.2994164208685387,0.1870509469249334,0.021299813731609402,1.4706997058273736,0.7575860142267518,0.6247183984844294,0.44780775677246537,0.006301347686231115,0.01794874072571002,0.018248681120305858,0.34530427950869363,5.089948170415307,1.0,
O55171,280936,561884,0.5080137550830841,1.1049999594688416,0.6458073854446411,0.36252732031141016,0.22586082825894682,0.04960287951922795,1.7925445392574098,0.7999969435552113,0.6230173992540283,0.4431003030136554,0.009297457746669562,0.021023795747781158,0.021403130016555055,0.43439710638014595,5.195137439227986,1.0,
O55186,327443,654940,0.28755566477775574,0.41499999165534973,0.28165383636951447,0.03361132912825013,0.02435216448368661,nan,0.32059210893053036,0.813864024288107,0.724522508192595,0.5482271081613653,0.0002630926717380094,0.00041072775239290617,0.00042840178879782265,0.6141259878402883,6.009182882213447,0.0,
O55187,263240,526548,0.5706959068775177,0.9399999976158142,0.509872704744339,0.2735233289948378,0.1608378319661282,0.023248786342156862,1.233554946987803,0.780564600317755,0.5880223546458946,0.4918809421789416,0.005419467328388659,0.011488202068532282,0.01315395877593316,0.41200276059130303,5.3291933828282545,1.0,
O55190,159388,318832,0.4226936250925064,0.820000022649765,0.36206795275211334,0.12549593215886923,0.05746782839115561,0.004352822309219324,0.5404679853322432,0.7936242590036628,0.45792582598139747,0.419435199730108,0.0008633347971473365,0.002462070725357193,0.002713523696154529,0.3181600361075939,5.469685647558024,1.0,
O56348,240669,481388,0.2841862440109253,0.44999998807907104,0.26029886305332184,0.03328800941331586,0.017785158460026047,nan,0.26359245435749157,0.8285453589242101,0.5342812253865692,0.5223831213484595,0.00014569455657243615,0.0002665897464939791,0.0002768923703787036,0.5261775771328433,5.960487179528807,0.0,
O56350,239564,479232,0.37433160841464996,1.0,0.3654724955558777,0.1368079070927477,0.09916893579083147,0.013938724014906742,1.4415723156325462,0.7291261294073615,0.7248772230950129,0.4543221913920379,0.002011603657878371,0.006965329557449462,0.007228671062820025,0.27828125535063575,5.220585122487971,1.0,
O57988,470571,941140,0.8146923184394836,0.7999999821186066,0.4498106837272644,0.29316584047492417,0.1954056444304201,nan,1.8450641717850818,0.8290019738781875,0.6665361971021793,0.485833651951476,0.0076385059377096515,0.014298397808703968,0.015652215227815226,0.48801436899074974,5.406613683660471,0.0,
O58186,451405,902810,0.7279013991355896,1.0049999952316284,0.7102959752082825,0.5196105588598899,0.34073530479566555,nan,2.402163661647276,0.81998739614144,0.6557513102568474,0.4991682613468751,0.02191156857696261,0.03230531810026402,0.03587966565999888,0.6106960077220321,5.273963772280877,0.0,
O58190,276055,552128,0.5470478534698486,0.9150000214576721,0.4304361492395401,0.2154542969726661,0.17379115861936842,nan,1.3311888792868747,0.792368254129891,0.8066265609983014,0.5287769245219941,0.006301533973947222,0.012098436400717517,0.013357136765134855,0.4717728121490565,5.316755936755184,0.0,
O58196,305950,611904,0.5047013461589813,0.9389999806880951,0.5864210724830627,0.2779134811959091,0.18485362088905966,nan,1.4872888012669083,0.8058700690693867,0.6651480888714106,0.46909828021952776,0.0072926146115282605,0.013216555506964081,0.014205064728265182,0.5133813010381744,5.3132551496574365,0.0,
O58199,215941,431888,0.2609105855226517,0.4649999886751175,0.26557697355747223,0.032220706522857454,0.02156662005374237,nan,0.26109512448592376,0.8263751918519605,0.6693403832856041,0.488198374993938,0.00018972010679759395,0.00038110237938113444,0.00039020614909407794,0.4862048105547737,5.9175363460364405,0.0,
O58227,359402,718816,0.6191799342632294,0.9799999892711639,0.7117033898830414,0.4318590042715425,0.23989991421251755,nan,1.8015529683825058,0.8457322810882518,0.5555051807179046,0.4567775864227683,0.01161371539072107,0.018349613561220654,0.019895419994839163,0.5837381364019281,5.299933453980276,0.0,
O58228,630012,1260076,0.26876482367515564,0.25,0.18496324121952057,0.012427903228187431,0.009163968767895983,0.0027385832597067606,0.25832516546335627,0.8215783114023529,0.7373704638374882,0.5321651590067907,5.29514579852582e-05,7.982109171140436e-05,8.309211569623927e-05,0.6372621221829686,6.387182105413438,1.0,
O58564,282531,565080,0.5372966825962067,1.168000042438507,0.6054973006248474,0.3799874288323235,0.2402297414477845,nan,2.213695741343037,0.7827904057152412,0.6322044447259605,0.3975827471779483,0.01005580590518023,0.023894814726308503,0.02409529560539115,0.41733482211068273,5.105948177054744,0.0,
O58638,299166,598440,0.5314479172229767,0.8760000169277191,0.5421767830848694,0.25240952546963746,0.17652137568170745,nan,1.3116241591035953,0.8012507117325918,0.6993451429904192,0.533668358641078,0.006990972899797733,0.011811480798767442,0.012006526295038367,0.5822644058745546,5.358102827302667,0.0,
O58651,1201548,2403096,0.97890904545784,0.7520000040531158,0.7805676758289337,0.5746067814596366,0.49135602699049147,0.023766096389389382,7.448413617290068,0.8491456949465404,0.8551169997373358,0.43038772868465913,0.041838624459750215,0.053850002580887034,0.06194825018916343,0.6753802461246762,5.207677339468254,1.0,
O58653,556775,1113552,0.5193383693695068,0.6800000071525574,0.6953651905059814,0.24556828300751293,0.19353203869978863,nan,1.5582204148798637,0.8281525235124071,0.7880986759754626,0.42915338126300767,0.00902926531739884,0.011908732304051085,0.012471236180583843,0.7240072424781978,5.553050836673102,0.0,
O58654,429494,859008,0.6487995386123657,0.9300000071525574,0.7857738137245178,0.474123013298719,0.2603007878961196,0.019881675301808246,2.1473111963569984,0.8234199943760108,0.5490152989728814,0.38078672326252155,0.013572949471899187,0.021381271295872018,0.02332504238082935,0.5819046006559317,5.3010621125718,1.0,
O58656,638859,1277736,0.4416847974061966,0.4050000011920929,0.35215264558792114,0.06299389050405431,0.04651528211172282,nan,0.6704470367257478,0.8476747302563716,0.7384094193821713,0.5063746886271535,0.000849183265169017,0.001078806194637383,0.0011319813133627353,0.7501742786251299,5.979040541745131,0.0,
O58657,307319,614672,0.6051623225212097,0.949999988079071,0.5434559285640717,0.3124350954013227,0.2321304200186094,nan,1.6883377624248708,0.8038533971415895,0.7429716553463305,0.47884678053548735,0.010592725758507527,0.018786328665110992,0.01925289920426935,0.5501886051612725,5.260130077064598,0.0,
O58658,523662,1047324,0.8971031606197357,0.7399999797344208,0.7644511163234711,0.5074857054209104,0.31749431335946593,nan,2.4643188532142686,0.8604363914423576,0.6256221800299478,0.5017733734465644,0.02239211310965391,0.0234272851753995,0.029706932210010174,0.7537672672275654,5.327354160469043,0.0,
O58659,234099,468686,0.1826198697090149,0.42000000178813934,0.1964113935828209,0.01506482176843163,0.00975469874794547,0.0004099096557186944,0.22432843878130193,0.7548789110074691,0.6475150451754076,0.44114793395580254,4.6242160555304866e-05,0.0001283172809500852,0.00013242251931126035,0.34920163727297954,6.0185152246539015,1.0,
O59055,237374,474754,0.487873911857605,0.9599999785423279,0.5301409959793091,0.24829627753287745,0.14145708668981785,nan,1.1703264063458778,0.8021190851607283,0.5697108635512557,0.46803711846115514,0.00426557900916939,0.009470362297894925,0.009773296949063094,0.4364524102153987,5.3071261439409145,0.0,
O59056,226281,452662,1.0348255038261414,1.9922823309898376,0.8821016848087311,1.8185977879998376,1.1103751057691686,nan,4.979377952951232,0.8007861050484236,0.6105666206656949,0.4178157910509585,0.12947521144081822,0.2932494208504216,0.3086803749347907,0.4194474995962088,4.657472997281207,0.0,
O59199,216642,433376,0.4357502907514572,0.8819999992847443,0.49213333427906036,0.18914246861413103,0.11847660176913433,nan,0.8937130295235334,0.7791820807526718,0.6263881540577652,0.4587548054363803,0.0032963697298926953,0.0068880983624655815,0.007468732026993037,0.4413560050058238,5.3845445667525365,0.0,
O59211,249422,498884,0.5366215109825134,0.9899999797344208,0.4691057652235031,0.24921491699789625,0.14121806805132242,nan,1.3257859841294257,0.7634518333489034,0.5666517468234636,0.48194624429782196,0.004121942962407043,0.01015222406292592,0.01115999596158578,0.3693498614690659,5.274461333855485,0.0,
O59231,345813,691680,1.4981119632720947,1.9900000095367432,1.3344317078590393,3.9782649494345184,3.175155422918456,nan,8.387889408972999,0.8436801498594295,0.7981256812394513,0.5411824654591102,0.9150408005322643,1.276107816589528,1.3657268136173482,0.6700028083278463,4.615188619662332,0.0,
O59243,412061,824148,0.5760975778102875,0.8600000143051147,0.6157435774803162,0.3050664149176703,0.2650708549595632,nan,1.7525440364368512,0.8184641416946244,0.8688955650234363,0.5283659751034322,0.014593640797028077,0.021308431374686777,0.021654909567461647,0.6739183440856419,5.371292572797113,0.0,
O59246,482236,964516,1.415973424911499,1.9953731894493103,1.2184083461761475,3.4424853476234722,2.6572785778451835,0.7106446587874323,11.424313992745494,0.8231122921250942,0.7719070117987987,0.5214691331935655,0.6447659672945477,1.0105427330546928,1.106024646809566,0.5829580463278434,4.625429497301726,1.0,
O59247,293229,586472,0.43910953402519226,0.8600000143051147,0.5891889333724976,0.22249789476895532,0.14808367869577316,nan,1.1520766126186541,0.8081541288414403,0.6655509206032945,0.5091643209207805,0.0047909560090415694,0.009699460229306548,0.010230166703476805,0.46831651408117564,5.405725558850758,0.0,
O59250,373560,747140,0.5937182903289795,0.9650000035762787,0.7350802719593048,0.4211555328017588,0.27102534873880496,nan,1.9992604321536893,0.8182543777556154,0.6435279312034556,0.5185872721966815,0.014105283632926437,0.02374431635904147,0.024481977559105618,0.5761496839408807,5.27149099588355,0.0,
O59252,423969,847928,0.6740764379501343,0.9600000083446503,0.5795144140720367,0.37501153475902943,0.2618408419497983,nan,2.30155362459079,0.8088178782055333,0.6982207683772952,0.49360584986862593,0.01364310824413727,0.021392543807809816,0.024456207156731084,0.5578587127882697,5.26531300466356,0.0,
O59254,433696,867346,0.37699469923973083,0.5600000023841858,0.4803767800331116,0.10141572026956147,0.0933345425161166,nan,0.7426792826271633,0.8282409333694275,0.9203163204682152,0.6280534032884308,0.0026375762092833437,0.00348264733185467,0.003967293767263884,0.6648300741042417,5.766384107402866,0.0,
O59255,329153,658324,0.5487790405750275,0.925000011920929,0.6537292301654816,0.3318464365232773,0.2223648069581854,nan,1.6368032543036708,0.8105547678631776,0.6700834557329582,0.5312442567060054,0.009980683684163086,0.017503378038594725,0.017931474988850317,0.5566013777655778,5.303401337901136,0.0,
O59257,226363,452724,0.15960649400949478,0.33000001311302185,0.183268204331398,0.009652762917293868,0.0062630830741395895,nan,0.14661504397718852,0.7741166332440609,0.6488383821090917,0.5017705868961283,2.359951465718919e-05,5.442268852205168e-05,5.544832437524855e-05,0.4256127650941914,6.188626906049451,0.0,
O59258,311039,622156,2.128130316734314,1.4860000014305115,0.6678619980812073,2.1120478871830803,1.1309496450799321,nan,7.518045483971623,0.7058209736702138,0.5354753800532067,0.42442841149289356,0.15440431516469058,0.3818336971465079,0.4935041877514967,0.3128733635841823,4.616709898122642,0.0,
O59260,317116,634348,1.2875576615333557,1.9950796961784363,1.0353361368179321,2.6595509149556094,1.1969595984928458,nan,6.193928758943098,0.8250960614524124,0.4500607947612179,0.4324887263041007,0.15948614177620668,0.30174820737683733,0.3777576565636974,0.42219168560866527,4.709251948887406,0.0,
O59261,218326,438120,0.5050522089004517,0.8819999992847443,0.5725332498550415,0.2550383987654475,0.16167413621549345,nan,0.8707988668709439,0.8156184360892567,0.6339207625130252,0.5220204600804892,0.005378359333136226,0.011110815493025377,0.011398563183196556,0.4718453761843294,5.399187602794194,0.0,
O59272,453456,906970,0.7316914796829224,1.0339999794960022,0.7037513256072998,0.5324364190622457,0.364429718112021,nan,2.4593912538554945,0.8442468619432627,0.6844567821898309,0.5464819854677452,0.02370821676973637,0.03674812407511187,0.038851439612828026,0.6102274975135891,5.265707528477062,0.0,
O59273,357102,714184,1.3562941551208496,0.921999990940094,0.7250353991985321,0.9066590858928032,0.7617809371855025,nan,3.571722357562193,0.81004890161875,0.8402065881635802,0.6077659240631873,0.08516111218284418,0.12023775659958691,0.14047768014279674,0.6062252173888207,4.9999145902233915,0.0,
O59274,330575,661174,0.6412027776241302,1.078000009059906,0.6005705296993256,0.41512431965184665,0.29049750769969235,0.05586855247803968,2.2313474030632756,0.8108749936266747,0.6997843632561075,0.4642336963998331,0.015244279515205104,0.02801134552791939,0.028698348969793112,0.5311901228621446,5.170702814859597,1.0,
O59296,306675,613568,0.463340163230896,0.8039999902248383,0.5037447214126587,0.18765774752104578,0.1592725253238228,nan,1.0052930413245098,0.8135743815340035,0.8487394068606755,0.5469524420690312,0.005756197488164982,0.009825453147808028,0.010208161551844307,0.5638818957684903,5.484385697583111,0.0,
O59298,346089,692454,1.3600662350654602,1.2699999809265137,0.707493931055069,1.222043012716752,0.766913892941894,nan,3.3461060609276667,0.7950540768539517,0.6275670209323893,0.40172884878171644,0.09732866626064983,0.11174781259370177,0.16326399490683977,0.5961428685864673,5.01464809341473,0.0,
O59309,252750,505630,0.5564367175102234,1.0250000357627869,0.4765544682741165,0.27180172362561544,0.16874091681507353,nan,1.496281424720457,0.8251304822843627,0.620823571551372,0.48704314745605143,0.005401613869738086,0.012642126370619301,0.013503641206543326,0.40001165516162257,5.227677879752915,0.0,
O59312,540722,1081618,0.642924427986145,0.8300000131130219,0.5737986266613007,0.3061946025126392,0.24223508184786047,nan,2.059787977040654,0.836401178894189,0.7911148003918894,0.5294603029088513,0.01306926459616948,0.016759703195014287,0.019041959377607418,0.686340325436174,5.419151520943972,0.0,
O59317,236943,474296,0.409501314163208,0.8580000102519989,0.4311675876379013,0.15149165105818482,0.10259257161498862,nan,0.9495363556689731,0.7778472604714274,0.6772160109046863,0.5018823532897094,0.0024739610413216243,0.00577189961686448,0.005810204188638037,0.42579588616859654,5.397132285299361,0.0,
O59319,286337,573964,0.5179517865180969,0.8429999947547913,0.45537252724170685,0.19883083357843442,0.12351759331446427,nan,1.0577614605742045,0.8181501899465199,0.6212195115388846,0.4836447166834461,0.0034706552478890053,0.007216327458717879,0.007430050162354392,0.46711060787633285,5.432489730973954,0.0,
O59525,448560,897236,1.4279100894927979,1.9899999499320984,1.2715806365013123,3.613248521814726,2.710332098931394,nan,10.025864400694484,0.8544943973023053,0.7501095157357598,0.5536775783981901,0.6603121084292316,1.0290344299305805,1.108344616172381,0.5957642585115722,4.6506987165844365,0.0,
O60312,220267,440630,0.44552353024482727,0.9400000274181366,0.4875558018684387,0.20418453307308923,0.1372415137092992,nan,1.0901516919117185,0.7842333052735763,0.6721445138068939,0.5024326586196458,0.003967413121920352,0.00958306456807536,0.009605412659952598,0.4130393208884719,5.305462503669005,0.0,
O60313,235269,470564,0.567482978105545,0.9399999976158142,0.4640583246946335,0.24754448747777388,0.14731586841607242,nan,1.1023844256112976,0.7873893063243439,0.5951086607384031,0.49467350643685376,0.004424437956253029,0.010840495639902404,0.010917472133017032,0.40526212499984093,5.329231637605812,0.0,
O60320,301332,602720,0.6050239205360413,1.0600000023841858,0.5444280803203583,0.3491555330869857,0.25677598904711907,0.024263292683649813,1.8148008805385802,0.8000782935085271,0.7354200770553105,0.43255191472830523,0.012179642879407596,0.023032668592763785,0.025179789107522454,0.48370710443198,5.220216272781409,1.0,
O60321,844470,1689004,0.37628360092639923,0.4450000077486038,0.3828457444906235,0.06410606714089741,0.059523053690033856,nan,0.892509043225671,0.8380833240836879,0.9285088969692893,0.6351650436879781,0.0013430851750699992,0.0015860379075116654,0.0016103509702492772,0.834032580402081,5.975971600529178,0.0,
O60628,374696,749408,0.26421236991882324,0.45499999821186066,0.28803569078445435,0.034626679443849506,0.02202665137850165,0.0024053748807919086,0.44219587077710365,0.8062816645378296,0.6361179221420866,0.4886726177569674,0.00019548469692930775,0.0004011994815946681,0.0004381050232004318,0.4462051028341532,5.928064374063767,1.0,
O60629,212621,425240,0.5822473764419556,1.2199999690055847,0.4598335474729538,0.3266389811733243,0.2122593475893121,nan,1.7681253140926236,0.7843198366885547,0.6498285869826449,0.46574658751575737,0.007202576073652727,0.02255397773483924,0.023810701958891567,0.3024932270408386,5.0800931144449475,0.0,
O60657,255618,511230,0.23118329048156738,0.42499999701976776,0.2292153611779213,0.02252107344813915,0.013535890860072564,nan,0.2496904202141782,0.8092783836494489,0.6010322239409505,0.46424553354112064,8.653793724843068e-05,0.00018999554754007704,0.00019041056450236655,0.4544807557006908,6.010189552282853,0.0,
O60659,251264,502560,0.25580453872680664,0.431999996304512,0.25344403833150864,0.02800748221798431,0.018515193910893162,nan,0.2612604104201021,0.8038043030716979,0.6610802701502418,0.47514625634161545,0.00015163298485196852,0.00030098665764411424,0.00032510253434188234,0.4664158806357048,5.983056664490771,0.0,
O60660,254568,509188,0.5660791397094727,0.9778999984264374,0.5846512615680695,0.32364469133948104,0.20228211188990375,nan,1.30634918128752,0.8071634383620692,0.62501291478847,0.4841533039291898,0.008406426075165053,0.016049902045243713,0.01626523127135428,0.5168340944509124,5.289744533136324,0.0,
O60669,239264,478512,0.5163311958312988,1.0299999713897705,0.5054431557655334,0.268805343645813,0.15944492858058157,0.011340875681253559,1.419430310058698,0.7891289087457036,0.5931613055679116,0.42922458298816896,0.005120548363890897,0.012211648856945905,0.012581786967597578,0.4069810096990251,5.226763284189898,1.0,
O60670,611496,1223052,0.7813787162303925,0.7100000083446503,0.42538487911224365,0.23599455320227808,0.1528558609208399,nan,2.035873953870794,0.8187600125664941,0.6477092748400108,0.5406305348207772,0.006534767471207014,0.007468235416959481,0.01079642292455763,0.6052715345508538,5.477642734293811,0.0,
O60672,329626,659268,0.4573289752006531,0.8319999873638153,0.48409201204776764,0.18419589794131017,0.121150240355286,nan,1.2805082457772499,0.7906893635019767,0.6577249640699804,0.470462292397933,0.003395899857714046,0.0070049217313671065,0.007621780434519956,0.44555204481273286,5.4106390809066705,0.0,
O60674,428732,857484,0.6903769671916962,0.9800000190734863,0.6864986419677734,0.4644640024542134,0.2985416432861098,0.05046025259470161,2.276630668588178,0.7969441919661371,0.642765944634299,0.4923743726764827,0.017491521888839772,0.026278460724722282,0.030844891600005322,0.5670800246494221,5.274893317943946,1.0,
O60675,431119,862260,0.3319833278656006,0.45499999821186066,0.30971264839172363,0.04678284305743916,0.03124278287797203,nan,0.49830875053895396,0.8034089303073015,0.6678256565043018,0.4709073922917096,0.00041788013140381977,0.0005893857556994215,0.0007123717630449172,0.5866040080219619,5.937098649567531,0.0,
O60676,457119,914248,0.6370431780815125,0.8889999985694885,0.567849725484848,0.32159112116679234,0.22406494109223984,nan,2.098878126064696,0.7967860762164923,0.6967385799685346,0.44990859541406536,0.011282596545695227,0.015562649558037753,0.018910512482209568,0.5966309245352049,5.3380420514987215,0.0,
O61207,276751,553504,0.50127112865448,0.8500000238418579,0.42418649792671204,0.18073758295890957,0.1251723605861543,nan,1.1464478634737052,0.8221823224428458,0.6925640950648989,0.446824402123936,0.003625573793583415,0.007115422144727539,0.007437356315827717,0.48748152429751085,5.382734889526427,0.0,
O61208,244956,489956,0.5032924711704254,0.9729999899864197,0.5429558157920837,0.26588740102479386,0.17401982193990792,0.009565316090761304,1.3253484225030698,0.816542213342982,0.6544869041150267,0.5001052942528763,0.006339857084380235,0.012188072622160507,0.012753735808158917,0.49709804089907944,5.266758016114327,1.0,
O61224,252592,505236,0.4033012390136719,0.9050000011920929,0.518069326877594,0.18908889153843844,0.12800129441647146,0.015782521887955443,1.1279081405864257,0.8092567312000899,0.6769371451439866,0.48088915337953514,0.003687221668956651,0.007648033338056886,0.008225046744024207,0.44829188012038357,5.350145860470005,1.0,
O61230,219920,439848,0.9954580366611481,1.9947150349617004,1.1226094365119934,2.229115166840148,1.4335391772393529,nan,4.993927128031385,0.7758408259888192,0.6430978527105204,0.5313347465200648,0.1988058768557595,0.4689076035377957,0.475741528646394,0.41788632037529483,4.643822526049711,0.0,
O61431,447918,895928,0.6389594078063965,0.9650000035762787,0.7549233436584473,0.4654825862871863,0.31684067783639647,nan,2.3633809894830096,0.8224291954501247,0.6806713874381478,0.4651385539236734,0.019439122004229557,0.02974490052405125,0.02981072223405355,0.6520849059478254,5.277664777484147,0.0,
O61432,204386,408776,0.8633076250553131,1.9945164918899536,0.9355703294277191,1.610941051097608,1.04397337048142,0.07224444983643138,4.691096789573026,0.7568966147554305,0.6480518761193111,0.4505831964740192,0.11139248525571065,0.30484009638162357,0.3101687906656598,0.35913505358372416,4.639176750578031,1.0,
O61433,247871,495728,2.3450719118118286,1.149999976158142,0.7515118420124054,2.0267016668941675,1.5130182243253076,nan,8.109912513707464,0.7550062350460736,0.7465421522270431,0.44574766119403125,0.178718907999926,0.6730429360305881,0.7249485561647349,0.24652633139297478,4.485209549622737,0.0,
O61437,276289,552616,0.5249100923538208,1.0850000381469727,0.5965515971183777,0.3397525219670799,0.23925957828215091,nan,1.8972345587489436,0.7822401515798906,0.704217225222934,0.4481451172114921,0.010499188028927513,0.022455824662929946,0.02276017412928436,0.46129647204318797,5.16324256765968,0.0,
O61443,296365,592732,0.5371527969837189,0.8519999980926514,0.6029605567455292,0.27594742037901077,0.14919464704696334,nan,1.2624357756194073,0.7915767493167745,0.5406633149244379,0.5007317170079048,0.004900148399981635,0.009738976359730053,0.010265576792086928,0.47733785438718296,5.370617619870086,0.0,
O61444,563711,1131180,0.5958871841430664,1.0199999809265137,0.7469923198223114,0.454025604546072,0.34909053627067593,nan,3.226259179689672,0.8088392723484504,0.7688785230949506,0.5291177538220461,0.022614940670754785,0.03404710662272917,0.03755864955925995,0.6021233706785166,5.242357256274102,0.0,
O61449,190732,381476,0.5619474649429321,1.1500000357627869,0.4855142831802368,0.3137585584780138,0.21024132948728433,0.022890844850737262,1.4929874915976815,0.7761477233113843,0.6700736085323923,0.44066824087274065,0.007725474691970023,0.019935318921482786,0.020896449514591988,0.3697027424001061,5.106367393599587,1.0,
O61462,520546,1041108,0.6216610074043274,0.8129999935626984,0.6980130076408386,0.3527830299193878,0.22053682840600167,nan,1.8740461341255843,0.8636219401667119,0.6251344585832123,0.5421026940290751,0.011152732053244371,0.014521118196229128,0.01516795318928262,0.7352825997066416,5.443678835723187,0.0,
O61464,195242,390524,0.5643649995326996,1.149999976158142,0.5759913921356201,0.37382978126621896,0.22850056798902219,0.014943493468045169,1.433475732643915,0.7870327292732858,0.6112422804171878,0.45107019476281685,0.00898425697690215,0.022431257498352897,0.023008357616196157,0.39047797877489127,5.134182902628902,1.0,
O61469,287442,574872,0.5054566264152527,0.9549999833106995,0.4812277853488922,0.2322939790788447,0.1514730166716348,0.04811712436325374,1.5106650810065294,0.7882001614223878,0.6520746567444271,0.45665750631714247,0.004809255801926706,0.01065579844288913,0.011293201098403535,0.42585408335698255,5.279382035378269,1.0,
O61470,269331,538672,0.4685458093881607,0.8999999761581421,0.5025958120822906,0.21194023979597798,0.1281855970710072,nan,1.206481592852147,0.7745293038851622,0.6048195340082833,0.458478253066869,0.0035729831635540037,0.008261532993993384,0.008621208747564526,0.4144410915190244,5.348765643270945,0.0,
O61475,332587,665210,0.5820126235485077,1.0199999809265137,0.6332996487617493,0.375960150839272,0.25159091590070265,0.04456677894962538,1.9668436471603354,0.7942422186056447,0.669195698903369,0.4601153853519262,0.012085564561681895,0.022941335659169768,0.023157263006667397,0.5218908883231254,5.228135432362419,1.0,
O61481,377016,754064,0.5910500586032867,0.8650000095367432,0.5790783762931824,0.2960586298951309,0.19768571599572712,0.019395699189346905,1.4799857390423905,0.8157556454748023,0.6677248897144151,0.4855380918961124,0.00835834109293953,0.014261047429317225,0.014623610788560799,0.5715647943446207,5.40610225080296,1.0,
O61490,339202,681866,0.5407731831073761,0.8449999988079071,0.5754283964633942,0.26294392716602005,0.19998665179805797,nan,1.3392395734126428,0.8099616342741986,0.7605676767419256,0.43650475993708404,0.009059294511993657,0.013821090723835368,0.014165605506435768,0.6395275166937132,5.403600130397137,0.0,
O61753,498839,997724,1.0455808639526367,0.75,0.5826894342899323,0.4569366915907054,0.27526847028998064,nan,2.9857240422094113,0.8235521201314477,0.6024214630952607,0.4241476005462668,0.01455043176435282,0.023859455449280458,0.029620220373502645,0.49123306919651405,5.222910734694499,0.0,
O61754,513607,1027224,1.0345198512077332,0.75,0.5746719241142273,0.4458821350709341,0.3090233307189433,nan,3.1006485136055884,0.8410682958501773,0.6930605790469305,0.4620684434737124,0.018229652793637502,0.02696605846185461,0.03293107891459227,0.5535698614951744,5.219178396300869,0.0,
O61756,313426,626848,0.44094763696193695,0.75,0.47183267772197723,0.15604012821219676,0.09426177910955479,0.007027027076282504,1.0685129540408418,0.7992539865563332,0.6040867832495596,0.44707688692854397,0.0024082026978068847,0.00418352595681922,0.004498964220561579,0.5352793620364207,5.467355228503678,1.0,
O62293,353631,707408,0.8033156394958496,1.2800000309944153,0.6786423325538635,0.6978099360835507,0.4160341537589099,nan,2.854897321176381,0.8634647856813007,0.5961998135106763,0.4243659393152847,0.028509338898937937,0.04612204101523533,0.05150316757890823,0.5535453495216319,5.0929598360415085,0.0,
O62354,202508,405012,0.45315219461917877,0.8199999928474426,0.4444294720888138,0.1651432348765175,0.10831800756531397,0.011683485605509678,0.7494721026035621,0.8049148923731525,0.6559033898440136,0.5253992002117218,0.0027576378934911615,0.005989363370026987,0.006092977569882478,0.452592818841503,5.4316867126649955,1.0,
O62421,361640,723164,0.26095961034297943,0.45000000298023224,0.21324090659618378,0.025041268918377477,0.018327237172941133,0.006174068952716019,0.4185479364683887,0.8007782431932476,0.7318813288846957,0.43831258750722385,0.00014432526119626055,0.00029720781785808173,0.000316799267838562,0.4555732157493728,5.936531255466734,1.0,
O62424,346426,693084,0.6381410658359528,1.1350000500679016,0.7227452397346497,0.5234772520817562,0.32577814389277987,nan,2.529584604591394,0.8006846077711272,0.6223348628755698,0.425952847585865,0.017967800436434964,0.03584426999166504,0.035863263627556374,0.5010085145354419,5.136561269864198,0.0,
O62433,521461,1042920,0.936379998922348,0.6080000102519989,0.44059568643569946,0.2508395171706455,0.13692694099379246,nan,2.46569848231344,0.7712201009147664,0.5458746793099646,0.3952537141372159,0.003843617957474432,0.009943439600088293,0.010518651776638577,0.3654097539392761,5.3252818652992895,0.0,
O62435,208958,417912,0.5419062376022339,0.7619999945163727,0.32482361793518066,0.13413024488060493,0.09257717749579476,0.005155551298004814,0.6780008549565839,0.7732193213900684,0.6902035970947616,0.5860667620954646,0.0022106534149429757,0.0044382929334337564,0.005073186215340244,0.4357524681941354,5.488828761340333,1.0,
O62436,210161,420324,0.49801693856716156,0.7619999945163727,0.34847068786621094,0.13224075957380846,0.0920055871044947,nan,0.7007892967741202,0.7727940514491914,0.6957430326399705,0.5731450627166734,0.0021637392343500836,0.0044338961309494255,0.0047727957073743724,0.4533483867761035,5.476964666080501,0.0,
O62438,290742,581480,0.7156494557857513,0.7199999988079071,0.33181366324424744,0.17097283233349894,0.10974952694777772,0.01307041305386103,0.8638924803362281,0.766225831456073,0.6419120830477951,0.507888931688449,0.002973352873755352,0.006041020639472845,0.00705991604564266,0.42115980622609367,5.527048079853595,1.0,
O62441,157294,314592,0.43732084333896637,0.7899999916553497,0.40554720163345337,0.1401098514633996,0.08803149688053664,nan,0.5598721439092283,0.7792020482381339,0.6283034059423923,0.5588233802446079,0.0019984527327157895,0.004248649341357449,0.004371596749583344,0.4571448025040877,5.448623296739669,0.0,
O62471,167985,336046,0.41260695457458496,1.1050000190734863,0.4225640743970871,0.19265993113933674,0.10074545042513479,0.011907722186537266,1.2202905882491115,0.7210852474682035,0.5229185426847943,0.3502101574374609,0.002010949335504958,0.00788640614188101,0.00815967664801022,0.24644963547609927,5.138807242005775,1.0,
O62544,392686,785388,0.6020742356777191,1.062000036239624,0.6055473983287811,0.3871887384227938,0.24950707964782545,0.030883049044199352,2.387975574029695,0.8177798562048759,0.6444068612743954,0.513134351245344,0.010465637213463162,0.024575169075819584,0.02563377888423286,0.40827523950830735,5.216015537928488,1.0,
O63047,565903,1131904,0.28007711470127106,0.27799999713897705,0.309190109372139,0.024073986248382896,0.014014793152999675,nan,0.2890057900416558,0.8346081844827673,0.5821550701409527,0.40802467949619825,0.000123073851222887,0.00013920021496034512,0.00016298886932964338,0.7551058653825702,6.291835452601096,0.0,
O63049,536518,1073110,0.7848048806190491,0.7849999964237213,0.6790672242641449,0.41835418651275597,0.24480552560807065,nan,1.5896830099829156,0.8814160099629719,0.5851633221330422,0.519440435236349,0.014191667431600307,0.015711524504313148,0.017695666282969105,0.8019854807760948,5.528273764321397,0.0,
O63050,229982,459904,0.5017847120761871,1.0199999809265137,0.5661002993583679,0.289741679816154,0.1138087773834179,0.04067473820444225,1.140484143339548,0.7977680854576579,0.392793944784304,0.39950279008135814,0.0026911523354191166,0.00806083002492796,0.008294083742568818,0.3244665015385559,5.304604594959267,1.0,
O63055,657933,1315908,0.5606587529182434,0.6410000026226044,0.6371458470821381,0.2289789158062525,0.20315842333851608,nan,1.4646209472607041,0.8322927043495282,0.8872363755552757,0.6308438057025827,0.010826923937636472,0.011611246821818891,0.012865711099809314,0.8415332703838609,5.652456428688175,0.0,
O63266,251358,502760,0.2853725999593735,0.5149999856948853,0.28212884068489075,0.04146359685500101,0.025560931385754358,nan,0.37271268931063584,0.8159367693023812,0.6164668124461421,0.4858900007380976,0.0002585500610977764,0.000510938993801125,0.0005126374443778456,0.5043526647015838,5.828918533205474,0.0,
O63805,629518,1259064,1.0071508884429932,0.7179999947547913,0.5657366812229156,0.4091036174144205,0.36220082510443335,0.02271768057851058,4.09231337647145,0.8092704481177174,0.8853522914160039,0.5614641941679632,0.021997575213384437,0.03900581111761865,0.0423298577719685,0.5196704258229655,5.187039269318529,1.0,
O63945,321612,643216,1.0238879919052124,1.9950597286224365,1.0546876788139343,2.1544291887154112,1.3802232778009211,nan,6.9936409021655725,0.8514347511725348,0.6406445312894623,0.40262069690699676,0.18120270081767118,0.4070675338839248,0.42004569664836816,0.43138806625927884,4.662628915676684,0.0,
O65772,405819,815642,1.0451287031173706,1.0799999833106995,0.6304913759231567,0.7116601937715508,0.53951020873385,0.019195804283894446,2.5744748960064063,0.7866501377045689,0.7581008653506868,0.48581983828775116,0.05388338014008651,0.061937044663171535,0.08658055506869543,0.6223496730568883,5.197643715034453,1.0,
O66257,222270,444680,0.49464334547519684,0.94200000166893,0.40581463277339935,0.18909096449215917,0.12404832763504342,nan,1.0923857408883286,0.773912842694214,0.6560246174014687,0.47450986210247414,0.0032488115665488893,0.00835837964088495,0.008591097556120725,0.3781602461532141,5.308504826923,0.0,
O66273,425332,850862,0.7872345447540283,0.9850000143051147,0.5831817984580994,0.45221435132121784,0.2929812013581911,nan,2.33650902674763,0.8319054774735607,0.6478812547682284,0.39518217429005714,0.01636155734613283,0.02584676622384102,0.028316868187269528,0.5778025040738272,5.2601605950443195,0.0,
O66413,541740,1083462,0.5219892263412476,0.4580000042915344,0.4570586830377579,0.10926950744882738,0.07839319309225112,nan,0.8035419603765359,0.8341696991892777,0.7174297287737285,0.5105934529803231,0.0020790116433188435,0.0024786226979601395,0.0028441889119021806,0.7309681978643289,5.828782343173518,0.0,
O66992,286878,573788,1.9951106905937195,1.2637726664543152,0.9050164818763733,2.2818781102260304,1.8050633626121673,0.14516163159990308,6.547460788899571,0.7711363108016828,0.791042849538255,0.554243845230452,0.3012105787748677,0.6706560141447925,0.7959078260064648,0.3784490727854975,4.6416243382748945,1.0,
O67111,289326,578676,0.5095130205154419,0.8050000071525574,0.5324883759021759,0.21840435938075878,0.1565812359644484,nan,0.9632280864045006,0.8466565100983556,0.7169327407584845,0.5926593778672719,0.005614068815086925,0.009381874502910871,0.009591046307687744,0.5853447720909182,5.477658325326119,0.0,
O67147,453019,906036,0.5891827344894409,0.4000000059604645,0.4126351922750473,0.09724701382156885,0.08428293060861626,nan,0.9016025305015288,0.8355444347849288,0.8666891382727762,0.7268070573271541,0.002059180204258833,0.003239367766306372,0.003336358512905853,0.6171939245418077,5.701101295111269,0.0,
O67165,299352,598720,0.5165641605854034,0.7999999821186066,0.5437861680984497,0.22472035134649163,0.14497449054532027,nan,0.9828263403655272,0.8301604330181676,0.6451328937350544,0.579762919674628,0.004875884197306823,0.008499394250430625,0.008702646979855132,0.5602759951763537,5.483705376725395,0.0,
O68464,312444,625200,0.298010990023613,0.4649999886751175,0.3248097747564316,0.04501054928698425,0.028965277845742144,nan,0.3851146538032749,0.8300492889978999,0.6435219810596282,0.5670498106938732,0.00032992399504459347,0.0005795701877624756,0.0006175184780925556,0.5342738828863732,5.909182145077713,0.0,
O69136,298282,596560,0.46905146539211273,0.7999999821186066,0.5278197824954987,0.19805970952698831,0.1262965589626139,nan,1.0353645373075406,0.8131082700039981,0.6376691113212215,0.5498862423974636,0.003654364999147335,0.007345595331681468,0.007566831846205114,0.4829451841169243,5.459533760697421,0.0,
O69207,272965,546548,0.42216596007347107,0.9279999732971191,0.46952567994594574,0.18394607547989014,0.12101621235303689,nan,1.2349717541874006,0.7939974586109981,0.6578896126885129,0.47805298878744273,0.0030651320194698076,0.007998121964852742,0.00828454996770891,0.3699817167398254,5.344449940003438,0.0,
O70220,308990,618016,0.3019784688949585,0.5,0.2608877271413803,0.03939123819781987,0.029579960378949877,0.0024736986201163856,0.4397582675367601,0.8094839056570216,0.7509274075214777,0.4446844203159656,0.00034819873595750016,0.000584328886062968,0.0006603076728747547,0.5273280173188984,5.846730411336973,1.0,
O70648,617799,1235596,0.28762851655483246,0.32199999690055847,0.2238641008734703,0.020733482957033773,0.017329317659507036,nan,0.3689310420419344,0.839407916388586,0.8358131480088885,0.5491396152688323,0.0001790976689491391,0.0001821822325832419,0.00023475466159087095,0.7629142174874869,6.2239020024769,0.0,
O70654,235352,470700,0.5257157981395721,0.9449999928474426,0.4765186905860901,0.23673516475183473,0.1562318292642568,0.022856963372452615,1.1736416689096434,0.7871905202824088,0.6599434833774351,0.4363963787634267,0.005189057508142105,0.01090290380499269,0.011909753086849608,0.43569816018030694,5.302182372977016,1.0,
O70665,250620,501296,0.5480659008026123,0.9449999928474426,0.5551584661006927,0.2875289342707691,0.18429316736632972,0.02595707352852425,1.2832561327380296,0.7840338434935271,0.6409552062429267,0.4271151346818633,0.007326005576896046,0.0133788192551825,0.013879083946029274,0.5278450368471165,5.290702377198395,1.0,
O70668,275362,550784,0.5980907678604126,0.9449999928474426,0.5847336649894714,0.3304889948181604,0.2017168790310158,0.028855877784506833,1.4105147959331896,0.7965694180720538,0.6103588385507457,0.4305541190846756,0.00857951590896929,0.015497891659830723,0.015512468935026648,0.5530722378819417,5.290526361196598,1.0,
O70674,241508,483058,0.5166036784648895,0.9600000083446503,0.5139505863189697,0.2548884151194816,0.16490493582363283,nan,1.2802993225396473,0.7748073166902872,0.6469691286139149,0.41619648835238826,0.0057898276994776746,0.011850015318991061,0.012305153077190484,0.47052057484843657,5.275620005728725,0.0,
O70676,269253,538564,0.5820019841194153,0.9652000069618225,0.5628040432929993,0.31615422531595117,0.2062645305606543,nan,1.4119477575071648,0.7934588288642132,0.6524174407427965,0.43140920607846817,0.008859208003788333,0.015811819476691517,0.016764716928915624,0.5284436379899774,5.280341922892538,0.0,
O70723,270775,541574,0.21382435411214828,0.35999999940395355,0.21662475168704987,0.016675073113498997,0.011217801021041439,0.0015653233924753085,0.2029955495409932,0.7900326993291656,0.6727287457564595,0.43852261728969877,7.075952056960681e-05,0.00012205951476865514,0.00012472966288008396,0.5673030691795868,6.125122047927921,1.0,
O70725,273026,546086,0.21108801662921906,0.35999999940395355,0.22187180817127228,0.016860412747896947,0.011271693806961157,nan,0.20564991855866271,0.796391793149322,0.6685301229275725,0.4341935699654209,7.120973821421715e-05,0.00012358144975470846,0.00012459065703107999,0.5715495841430019,6.12307546459429,0.0,
O70726,262362,524740,0.204049251973629,0.35999999940395355,0.21608011424541473,0.015872754817854866,0.010780429054106722,nan,0.1970579522571689,0.788320896103912,0.6791782004961159,0.4387629750793709,6.519172081482178e-05,0.0001172950305966048,0.00011764103106268605,0.5541580197480911,6.124306967420686,0.0,
O70961,524038,1048088,0.8068147897720337,0.7900000214576721,0.8066088557243347,0.5141193379083057,0.1878310943538576,nan,1.5946552963724012,0.819586981156337,0.3653453206371275,0.42175645253646055,0.007893824668956285,0.012721793251034903,0.01416130367655526,0.557422173074708,5.516695960837208,0.0,
O70974,320851,641700,0.4540564566850662,0.800000011920929,0.5428933203220367,0.197203376845291,0.1460814697870536,nan,1.1262824947169414,0.8226099262960257,0.7407655595150214,0.5427904297676062,0.0049043048801970255,0.00876972900729315,0.00926880595941766,0.5291193818998832,5.454656063070581,0.0,
O70990,369150,738308,0.26516295969486237,0.4350000023841858,0.2647547721862793,0.03053837432639736,0.020760017266779937,0.0010968849440206653,0.39360365727082913,0.811416291385615,0.6798009954588508,0.5308373005379539,0.00019599522495440745,0.0003284178898481182,0.0003494488611990252,0.5608695483565485,5.972143747620215,1.0,
O71057,257695,515412,0.8619468510150909,0.45000000298023224,0.41478466987609863,0.16088505408756637,0.11359043574416751,nan,0.974768341800383,0.8195922053174991,0.7060347301269054,0.5185624950074029,0.002872068753436717,0.006340003424959639,0.0070477343907401286,0.40751659954868164,5.422204576240289,0.0,
O71093,281951,563916,0.24523567408323288,0.4399999976158142,0.23373554646968842,0.02522092935344878,0.01693792689058694,nan,0.3026337246104968,0.8456341800176993,0.6715821868899847,0.5024940171964226,0.00012604257101476296,0.00024545169973621146,0.0002645800890185949,0.4763872122134806,5.969256316364828,0.0,
O71106,330413,661572,0.5930269360542297,0.9800000190734863,0.392384871840477,0.22804090677385894,0.17725883371573,nan,1.7890577911218903,0.7894495862433993,0.7773115631903361,0.5285029377328325,0.006936389753119238,0.01203335921397535,0.014959021312116842,0.46369275157732054,5.266432756558614,0.0,
O71108,230930,461860,2.3653502464294434,0.8299999833106995,0.6981611251831055,1.370658311723795,1.2580812205902507,0.7537754822408053,7.747442945772165,0.754362891492035,0.917866407571729,0.4511406745077658,0.11543920779199082,0.5958979143621764,0.6204100990218386,0.18606919515655293,4.474321968896431,1.0,
O71114,318026,636072,0.6447650194168091,0.929999977350235,0.7246491611003876,0.43452242971474303,0.28830327757836127,nan,1.5521289631836568,0.8122228858643213,0.6634945813214469,0.5381962863223052,0.015905504340310184,0.025807536772833418,0.02685087765754235,0.5923644114419614,5.311534823835633,0.0,
O71146,321323,642664,0.225640669465065,0.4399999976158142,0.3303224742412567,0.03279504088224435,0.016806555112325743,nan,0.3398202455411262,0.8273193715682136,0.5124724549870899,0.40889239625600887,0.00012766179688267177,0.00025044665873972686,0.0002722176517305395,0.46896957662775135,5.975692563701143,0.0,
O71152,481484,963068,0.47248196601867676,0.4399999976158142,0.18013866990804672,0.03744939987929961,0.024519675268960702,nan,0.5737447627017,0.7244298129562042,0.6547414737749672,0.42259710114350424,0.0003189849522067424,0.0004537180727949183,0.0006808732086828433,0.468493910670714,5.923863125630905,0.0,
O71460,269843,539724,0.35020746290683746,0.48000000417232513,0.19982969015836716,0.033591287717821196,0.021767394490971908,nan,0.34205733084773404,0.7734946928538324,0.648007146192959,0.4656099733464661,0.00020280964350115758,0.0004091382332420219,0.0005092274057247734,0.3982693021254474,5.897012254008834,0.0,
O71484,237304,474648,0.30220282077789307,0.5699999928474426,0.25691555440425873,0.04425514443300056,0.03201094412062531,0.0031805823641409482,0.43317569986044846,0.7839012017427166,0.7233270737391404,0.464222596916905,0.00035934149732822694,0.0007820994925742065,0.0008791577175343431,0.40873382575315875,5.7386409730177235,1.0,
O71485,313002,626032,0.33382731676101685,0.5049999952316284,0.3071209490299225,0.051775307490677776,0.03531467812502327,0.002173462317625508,0.45307295890336946,0.8274361458314858,0.6820756811802949,0.4871326717260109,0.000472279167146108,0.0007661359200374925,0.0008414347874131007,0.5612783952016991,5.839378969956091,1.0,
O71487,323586,647212,0.34565749764442444,0.5349999964237213,0.24069655686616898,0.044511234405282776,0.034033655705716294,0.002789894180675972,0.5084226442614179,0.8078862181393108,0.7646082199346294,0.45678017213390704,0.0004389129896171772,0.0007534723819772444,0.0009136769873230799,0.48038091766228946,5.803764838491974,1.0,
O71488,390823,781842,0.33771857619285583,0.5149999856948853,0.28396202623844147,0.04938811299310389,0.036885380393908686,0.006556504162073412,0.6090447092337142,0.8089147272420524,0.7468473314430747,0.5101275349581501,0.0005292416642683631,0.0007981117875995028,0.000934196007293881,0.5665210085851645,5.807330939268426,1.0,
O71491,334510,669046,0.2712341547012329,0.4650000035762787,0.22897332906723022,0.02887900534389118,0.022698540582117368,nan,0.4374832089710143,0.7893930092531409,0.7859876166724983,0.4940683915687479,0.00021525636009131746,0.0004043487771445025,0.0004495323853741625,0.47884505565077723,5.8834477162667085,0.0,
O71524,473217,946434,0.6494857966899872,0.9399999976158142,0.695034384727478,0.42433006234990434,0.3084166114334244,nan,2.41075962781635,0.8205886847440158,0.7268318669797729,0.5016694645982623,0.01943290988214462,0.026907924877316646,0.02740816976447183,0.7090188819296779,5.292906428098443,0.0,
O72524,252393,504808,0.3938360959291458,0.8040000200271606,0.43361271917819977,0.13730096515504114,0.09718631676887103,nan,0.8766293345651068,0.7955006957442665,0.7078341849900881,0.4215579609810332,0.002268912265185525,0.005225307095856765,0.005255215205080117,0.43174488134990374,5.459261306471336,0.0,
O72604,154194,308388,0.456578329205513,0.8400000035762787,0.3968029022216797,0.1521841497889495,0.11510104060447045,0.011178438455675668,0.6850428155406297,0.7836668743377244,0.7563273886544276,0.4959703882687168,0.0030731724786756663,0.006563681565557879,0.0069213695145817706,0.4440121961703074,5.352349758791183,1.0,
O72638,569681,1139348,0.7901011109352112,0.9399999976158142,0.7598609030246735,0.5643449255864793,0.4013470858742327,nan,2.822014382424576,0.8363491811017751,0.7111733758519122,0.5103135412719783,0.031017069097811916,0.03897088937213932,0.04215985957859631,0.7357014327808302,5.305072512299054,0.0,
O72640,461816,923626,1.254761517047882,0.9399999976158142,0.7588716447353363,0.8950707577509394,0.6385527513536379,nan,4.165193784432671,0.7952972836061565,0.7134103598224357,0.5287843304318078,0.05870854058539594,0.10017282486698963,0.12021704557761974,0.48835454492591057,5.044833763698247,0.0,
O72864,249307,500874,0.21912267804145813,0.4649999886751175,0.26220063865184784,0.026716158697730703,0.020463001584224937,nan,0.29538425302316623,0.799656057971213,0.7659410102981266,0.4553223775629764,0.00017860855500859756,0.0003454438305450208,0.0003739542390552162,0.4776214208985745,5.9263471334303555,0.0,
O73363,270982,542024,0.4407014101743698,0.8199999928474426,0.41721591353416443,0.1507714646670654,0.09209041068216824,nan,0.9447033603437034,0.7902365116809108,0.6107946943774999,0.4605244155079134,0.002126552114245158,0.004590098592664326,0.004863229960823844,0.4372715523172411,5.457644983628437,0.0,
O73594,321185,642402,0.7619925737380981,1.1449999809265137,0.7149810492992401,0.6238077257778398,0.41109967130170827,0.02278069794398499,2.2010061739742497,0.8286711059749758,0.6590166397652399,0.43538082106783904,0.027744696412842648,0.0467007690574738,0.05245244511754624,0.5289495342050617,5.164133993853779,1.0,
O73628,235422,470896,0.48025377094745636,0.9150000214576721,0.5024445950984955,0.2207903391894774,0.13400843137236695,nan,1.036870223780368,0.8070968922150326,0.6069487997722757,0.430533039649301,0.004040188933250485,0.008321108684812322,0.008364930380682388,0.48299133996150456,5.356122642033169,0.0,
O73906,328925,657848,1.9527135491371155,0.9399999976158142,0.9513064324855804,1.7461712180612,1.418529485965258,nan,6.864487224987793,0.7888502689608599,0.8123656324723256,0.5309153987826915,0.17746669764841883,0.4972264211468818,0.5287121041289208,0.3356584732267553,4.680488782237593,0.0,
O73907,238396,476792,1.6493059992790222,0.7800000011920929,0.48433177173137665,0.6230728124234953,0.4914183556989093,nan,3.636277017882906,0.7383242865200015,0.7887013297651286,0.5520895999449237,0.028241519105599463,0.11149948965937695,0.1253080262191544,0.22537677719228574,4.8166420030706325,0.0,
O73909,276882,553732,1.5003122687339783,0.7350000143051147,0.6517831087112427,0.7187404869851514,0.5562608651820345,0.17961007698342316,3.3907246881518107,0.7977511714891786,0.7739384037141719,0.5595962208853966,0.03633932862919656,0.10546149587054238,0.11383379852274036,0.3192314505953794,4.91200219491552,1.0,
O73914,406101,812212,0.6341268718242645,0.9449999928474426,0.6345528066158295,0.3802556991438442,0.2419573031856497,nan,1.938188923878422,0.8317673183274439,0.6363015826729829,0.45835398608473726,0.011992972583549933,0.019018139535353806,0.020294053700638928,0.5909599314390477,5.3212379515270305,0.0,
O73917,203976,407976,3.5783698558807373,0.9399999976158142,2.9532322883605957,9.933691929002753,4.345338917551857,nan,13.436275562644784,0.714042326592241,0.4374344351131983,0.47664477443213793,0.9999888222977563,5.007391775502979,5.524127547413261,0.18102203718413654,4.18130016880762,0.0,
O73919,164814,329608,1.616464376449585,0.9449999928474426,0.5729585289955139,0.8752278568580106,0.5798653071217477,0.03828716193108577,2.139158742230607,0.7482267575886883,0.662530679957345,0.3485160177613444,0.0518719893217372,0.09962840526703148,0.13116207938167201,0.39548007752144215,4.886751085944169,1.0,
O73921,490443,980874,0.9229893982410431,0.949999988079071,0.5520391166210175,0.4840499333787462,0.20435542939215368,0.008075747991405735,2.9761735008235775,0.7120572227963171,0.42217840619400565,0.31072030708934795,0.012248119634357,0.013269383971386358,0.021247937374328934,0.576438052248534,5.2169302948038725,1.0,
O73923,469905,939822,0.6806853115558624,0.9449999928474426,0.7064218521118164,0.45440417123808385,0.2967303665924999,0.06700953434232183,2.235815025208887,0.8242245282755474,0.6530097771418318,0.4517556925705075,0.017891429315374845,0.025452086521099964,0.02716112251296687,0.6587146502076038,5.322574195746881,1.0,
O74040,525402,1050812,1.9942543506622314,1.9644401669502258,0.8852640688419342,3.46810462869616,2.9497698871127978,nan,12.942154700577065,0.7701706877276095,0.8505423575475487,0.4706082679105524,0.9859069885462609,1.0961174304447936,1.7441651317064104,0.5652601182215443,4.608485134902605,0.0,
O74379,347698,695504,0.5747453272342682,0.9800000190734863,0.5727016627788544,0.3225744587679964,0.19565908885483374,nan,1.7064386145419994,0.8287874974799432,0.6065548078484312,0.4793789850980632,0.0078064406969858054,0.014581805505034082,0.015425910713569075,0.5060602801310807,5.309111522491257,0.0,
O74821,439226,878460,1.3178913593292236,1.9863565564155579,1.3882045149803162,3.6340447531924505,2.617339529070828,0.995678673440182,10.240383572558315,0.8140109985773911,0.7202276545360474,0.504840441920602,0.6400042500954412,1.0018166743816352,1.0327708008127343,0.6196963058907095,4.6323718160318235,1.0,
O75853,457223,914480,0.40081970393657684,0.5300000011920929,0.2975011616945267,0.06319949374427988,0.058518443411352365,nan,0.731238256278828,0.8049814143870342,0.9259321545854757,0.6061528437412208,0.00112342644652177,0.001762931482132906,0.0020836793203254356,0.539155154808711,5.796069164527672,0.0,
O75898,240622,481328,0.5778973698616028,1.0020000040531158,0.4990544021129608,0.2889790320206603,0.176123846487251,0.030066725443439243,1.2817441320453322,0.7811688969308892,0.6094692935183588,0.46219566094331627,0.006466544458071116,0.013136365993551178,0.014628821053167247,0.4420413944889333,5.2735339943654775,1.0,
O75983,455373,910764,0.41750888526439667,0.5999999940395355,0.3424169719219208,0.08577727609351812,0.07637747159884885,nan,0.9258835820346282,0.8096448101369117,0.8904161460615606,0.569731562916775,0.001682841619340534,0.0028752904178993973,0.003297500586138128,0.5103385353181683,5.691810893667991,0.0,
O75987,778112,1556224,1.0819889307022095,1.1899999976158142,0.8995848000049591,1.1582755447210333,0.6689952712699477,nan,5.476731531897762,0.9448429016355154,0.5775786895604991,0.49285123100434564,0.0680474428997175,0.08495430365158964,0.09735724761689943,0.6989458367545891,5.152520660595953,0.0,
O76033,221797,443596,0.4408957213163376,0.761000007390976,0.4528646320104599,0.15194588728188732,0.09825855940968804,nan,0.7095590000890679,0.8251995477013002,0.6466681077547068,0.5567654804016297,0.0025891232941739496,0.00435860549142369,0.004641946504182518,0.5577667239036642,5.49496715459791,0.0,
O76171,358425,716876,0.3349466472864151,0.42499999701976776,0.2558834105730057,0.036425598193319995,0.02188684993497815,nan,0.3336042750405609,0.8263672762438998,0.6008645299061123,0.5093202531616609,0.00020359162366773137,0.0003830966142755153,0.0003833071673041667,0.5311448390062969,6.031166686555218,0.0,
O76201,189808,379616,0.6563461422920227,1.1899999976158142,0.6804283559322357,0.5314498654966802,0.3874680000275863,0.012871185516633193,1.4044702088909817,0.8076144746018604,0.7290772379168223,0.5665443893499831,0.02438131075481558,0.046824334587874716,0.04809795800381135,0.5069094773812138,5.130801981518348,1.0,
O76209,407238,814460,0.7694348990917206,1.0350000262260437,0.6032760739326477,0.48042803552194335,0.28184587969591696,0.1388188687278604,2.2845893222912004,0.8567341972966921,0.5866557712222515,0.4743051804482458,0.015247272194334707,0.023324967300171074,0.02742856248885573,0.5558903132648566,5.251040153242531,1.0,
O76216,704486,1408984,0.4565078616142273,0.4099999964237213,0.4205288141965866,0.07870963029702563,0.057816083297038336,0.015490710777760222,0.8033455114578678,0.9085212003935332,0.734549039029385,0.5220151793476463,0.0013060672081646864,0.0013732036930971284,0.0014948063521287131,0.8737367260346142,5.9429699954625335,1.0,
O76334,280214,560420,0.5808748304843903,1.1399999856948853,0.579275518655777,0.3835946835078632,0.26640606843189923,0.03142524733549227,2.2142519081865535,0.7951606055368788,0.6944988548738275,0.4215219559627807,0.012395024222305881,0.026307298270986903,0.02725755049245385,0.4547372745668176,5.102262802018281,1.0,
O76386,212014,424028,0.19893082231283188,0.375,0.16655752062797546,0.012425034202841106,0.007531359935657716,0.0007176757788900677,0.16227792960910226,0.7731680810581838,0.6061440003067031,0.47614935542073983,3.200017673682838e-05,7.435742374993536e-05,8.551420230716619e-05,0.374208913530925,6.116105081598788,1.0,
O76417,403884,807728,0.6751494407653809,0.4000000059604645,0.33519870042800903,0.09052368740460913,0.06838375464727119,nan,0.9790201442114557,0.8294261742473598,0.7554238742133845,0.4346398700457449,0.0012898392934891023,0.002619569129996742,0.0030394275910302785,0.4243691467747333,5.6154650208984815,0.0,
O76418,1129128,2262836,0.3037116080522537,0.32999999821186066,0.26662978529930115,0.02672292493499876,0.017870330929359707,nan,0.6198216749241725,0.8497927040817778,0.6687266073166678,0.46720118087092616,0.00018879902651629726,0.00020307446114149494,0.0002306924948583517,0.8184012515544661,6.260476417847818,0.0,
O76439,445077,891468,0.2059132158756256,0.42000000178813934,0.22030483931303024,0.01905274481419836,0.010828990556709222,nan,0.39872479802858585,0.7944460973890023,0.5683690545542452,0.4128716568618277,5.747766346439095e-05,0.00014487404134512193,0.00015322026907847413,0.37513093933383496,6.047761905336124,0.0,
O76442,425535,851104,0.569309413433075,0.42000000178813934,0.368977889418602,0.08822628640938605,0.04051936741609466,nan,0.6584228620286785,0.7426118599490876,0.459266382675084,0.4100867849033932,0.0007365971578133609,0.0010335162836127413,0.0015529702606128552,0.4743150442061102,5.810430384134688,0.0,
O76449,196072,392172,0.19394106417894363,0.4599999934434891,0.1860722005367279,0.0166000384330519,0.010612068033950754,nan,0.24453500736124548,0.7496789868643433,0.6392797267758937,0.40872786981828424,4.998225419354701e-05,0.00015799742423187546,0.00016115256480246114,0.31015487873131065,5.904074537781272,0.0,
O76472,222871,445780,0.19408304244279861,0.45000000298023224,0.18155253678560257,0.0158563210211633,0.011001384240463133,nan,0.26613533750002255,0.7545651491092759,0.6938169469311121,0.4246482280976763,5.65706380991477e-05,0.00015128376360719822,0.0001601661311553219,0.35319975384988256,5.922951017625945,0.0,
O76478,197763,395564,0.19315407425165176,0.4599999934434891,0.16557138413190842,0.01471116200561678,0.010014422126127938,nan,0.24516682239566545,0.7412238100559915,0.6807363090899544,0.4142806043066717,4.660504331415055e-05,0.0001399432861062708,0.00015091511820525532,0.3088162661792728,5.906683343357761,0.0,
O76731,382334,764664,1.830719530582428,1.0799999833106995,0.9829840362071991,1.9435334891685525,1.4662481045123439,0.46024719658273333,7.552319065934944,0.7959409682982448,0.7544238947689076,0.5100864406793699,0.2064600315948433,0.4604032749033464,0.5067947162401499,0.4073839465544271,4.704362590955691,1.0,
O76741,466010,932032,0.646388053894043,0.9600000083446503,0.6730602383613586,0.4176557773531526,0.30612710044639485,nan,2.5169707727045036,0.8164693115849744,0.7329650804460112,0.4901506425149807,0.018102147759863133,0.02754405200509095,0.028548005374712512,0.6340950102208472,5.2675170637038,0.0,
O77299,892407,1785756,1.9514924883842468,1.9948176741600037,1.3587207198143005,5.289325447634354,2.517193249453508,nan,17.050303855540037,0.9159558948112911,0.47590061802291256,0.41804896944443504,0.6753311431770048,0.7168860332385457,0.9627460313409572,0.7014634401934354,4.718830845199066,0.0,
O77316,223508,447008,0.33629702031612396,0.9930000007152557,0.5212751179933548,0.1740761461888651,0.0999572651498317,0.023576496238389495,1.122240498696716,0.7827529903923144,0.5742157517744125,0.4291147833179368,0.0019772686555965917,0.006939454982115918,0.0074252118856283226,0.26629120973956893,5.299207135214617,1.0,
O77326,206196,412392,0.22735460847616196,0.5300000011920929,0.227570541203022,0.027421782048516263,0.01360750633522037,nan,0.3038260650848109,0.7756901366031523,0.49622983331809556,0.45326473045381294,6.800509342845799e-05,0.0002655033883269924,0.0002663669430543049,0.2553060550557642,5.831655207113083,0.0,
O77578,291516,583036,0.43348121643066406,0.914000004529953,0.392333522439003,0.1554432610442006,0.12177683696115475,0.014870901924132637,1.4116307472684304,0.7801998755269761,0.7834166379623706,0.4786738981454771,0.0030997517206976686,0.007969385432011469,0.008293005393263228,0.3737790552042487,5.314941286891941,1.0,
O77640,260458,520900,0.5227929651737213,0.9399999976158142,0.4992792159318924,0.24535848141952665,0.16774091665507998,0.028649316980975465,1.3029565206468847,0.8067084218556638,0.6836564837074772,0.44452624357125115,0.005863019110259838,0.011707215890757716,0.012212463208788982,0.4800848944249331,5.3008077777333265,1.0,
O77701,276262,554450,0.19013643264770508,0.4099999964237213,0.22717181593179703,0.017709391704070432,0.011464473628604565,nan,0.24441053528558587,0.7869002805332035,0.6473668785568452,0.4292573521249663,6.358247542843497e-05,0.00014849526882867645,0.00015036285481368215,0.4228602569911391,6.053201229380723,0.0,
O78057,432838,865696,0.5152266621589661,0.8499999940395355,0.6034422814846039,0.2642731177675028,0.2052656082481963,0.023097103073207625,1.7965435370632115,0.82241076950848,0.7767177001664657,0.5109825412758369,0.008897933149830466,0.014759885335210101,0.015050238470427585,0.5912154260754163,5.381887635370173,1.0,
O78383,220540,441136,0.5177851915359497,0.9300000071525574,0.4636020362377167,0.22324303200766096,0.1387356901655675,0.022382443624303833,1.0925936754850276,0.7809487501810009,0.6214558587468323,0.4846484527430702,0.004219674657304692,0.009132776642881197,0.009393262696101256,0.44922353327306597,5.305028687980572,1.0,
O78408,471271,942518,0.5093269348144531,0.9600000083446503,0.5257186889648438,0.25705218312251726,0.166423615374495,0.0288001865732995,2.2034855631466166,0.8173416876498965,0.6474312466553668,0.4529432828012792,0.00576553979446341,0.011782693212072884,0.012254185921837846,0.47049553770755187,5.330160506524999,1.0,
O7878,682483,1365048,0.3564032167196274,0.2800000011920929,0.32794035971164703,0.03272611988548898,0.03187922870171788,nan,0.43589320821306354,0.8375996306636266,0.9741218578085508,0.6751516879974844,0.00048063448949259464,0.0005341808406107215,0.0006058737520833799,0.7932914866172485,6.194711735792861,0.0,
O7881,421189,842420,0.65415158867836,1.1500000357627869,1.106840431690216,0.8326476667178754,0.479987082316408,nan,2.74685296138609,0.8216042170015302,0.5764588090523542,0.45703263360807383,0.0366552767689928,0.06160729111436368,0.07051332206532349,0.5198347729955962,5.185641608065335,0.0,
O7882,1013741,2028278,1.9846344590187073,1.5016149282455444,1.4677051901817322,4.373991501310571,3.9956487757265484,nan,21.264698148873887,0.8477036293647009,0.9135017236611775,0.6630528334967086,1.3660681782740383,1.8589364445572854,1.9301234858378853,0.7077620620118069,4.678267789257304,0.0,
O7883,263801,527688,0.46344326436519623,0.8499999940395355,0.4012305587530136,0.158055458816499,0.12454033398655319,nan,1.0434222279316736,0.7998193069946856,0.7879533862297248,0.4802096336692579,0.0033609771801467758,0.007612550278181714,0.00805958136150191,0.41701634730075543,5.402816353287343,0.0,
O7886,311846,623688,0.5448871850967407,1.0099999904632568,0.5015060603618622,0.2759968651888758,0.16934891368757723,nan,1.7789422612522685,0.7950346083773546,0.6135899897692133,0.4265413541983922,0.005809629924653174,0.01258791274434499,0.01353014487778862,0.429384162337418,5.243778325285553,0.0,
O78941,196615,393226,0.17987492680549622,0.4599999934434891,0.22279196232557297,0.018434356178685912,0.010504495212352973,0.001657275098301383,0.23200722704961313,0.7735270727083219,0.5698324970252248,0.39476167050052696,5.240275532200979e-05,0.0001455962512735843,0.0001518968902020213,0.34498899386494786,5.9281151341992855,1.0,
O78950,222833,445648,0.18679910898208618,0.3799999952316284,0.22319895774126053,0.01584347904527369,0.009750206824420038,nan,0.18591793912774857,0.785754848989532,0.6154081939047754,0.4782596438853114,5.039235304358159e-05,0.00011067291982078307,0.00011328554855793578,0.4448259613432533,6.078658210574448,0.0,
O78951,467344,934736,0.6053453385829926,0.9100000262260437,0.6874127089977264,0.3786711028710134,0.306488426607522,0.0587047049402263,2.208245619094091,0.8268602306191083,0.8093789684076343,0.5238675698226571,0.018456463601814736,0.027250294297734796,0.027936745403190726,0.6606518882370163,5.325589293848672,1.0,
O78954,229491,458976,0.1767592653632164,0.3799999952316284,0.23391339927911758,0.015711616836617214,0.010166520492126173,nan,0.18838472667523568,0.7921267206233277,0.6470702918640596,0.4642583264752139,5.590220040363495e-05,0.00011263871813547474,0.0001216004351463851,0.4597203976806393,6.085719969000354,0.0,
O78959,225548,451092,0.17475899308919907,0.3800000101327896,0.22225338965654373,0.014759496256640255,0.009650336328435661,0.0023085721321090126,0.18420860079299595,0.7939359593613744,0.6538391392656103,0.4743816631429673,4.973335769248021e-05,0.00010734197667879311,0.00011535527889616472,0.4311320484712878,6.087929076670925,1.0,
O78962,227921,455836,0.1806207150220871,0.3799999952316284,0.21686575561761856,0.014884769993735347,0.009254900174153589,nan,0.18673273733232573,0.7827940200245243,0.6217697806582676,0.4922700191227487,4.518575214184572e-05,0.00010403561067492166,0.00010496919119629318,0.4304668029436182,6.0865638780780404,0.0,
O78966,210940,421876,0.17935798317193985,0.3799999952316284,0.2155739739537239,0.014692666828857408,0.00948969708375273,nan,0.17934406424192118,0.7797215824621327,0.6458798252414132,0.4755790671443831,4.93432527573659e-05,0.00010194842137518513,0.00010841498326706061,0.4551331492236434,6.070471934287465,0.0,
O78970,220209,440408,0.17912784963846207,0.3799999952316284,0.23175539076328278,0.01577526082207493,0.010041274545613708,nan,0.18517017425789106,0.782290634226592,0.6365203503679993,0.47450998129870176,5.503734358817763e-05,0.00011075864979205202,0.0001187534789792946,0.463458789260176,6.0752640294581015,0.0,
O78974,223290,446676,0.5096973776817322,0.9650000035762787,0.5189270675182343,0.2552384146747517,0.16897731844460862,0.01341866611030994,1.1677326021121543,0.7802467388695036,0.6620371728132501,0.4609765270820785,0.005976110726997903,0.012510468764893794,0.012804536652386886,0.46671823348515307,5.281525868197421,1.0,
O78983,480876,962808,0.7895963191986084,1.35999995470047,0.6225429475307465,0.6685183408147993,0.4477076101238879,nan,4.325735029666713,0.8229814574453934,0.6697013122754654,0.4723775974716594,0.02722714394416489,0.06562941491355476,0.07051257193895459,0.38613176622938195,5.04597318898084,0.0,
O79003,282535,565112,0.45654648542404175,0.824999988079071,0.550443172454834,0.20732488604741522,0.11524769347801467,nan,1.0100362174394104,0.8187076073924516,0.5558796904470865,0.5056446100531706,0.003131859045861657,0.006381112144315819,0.006469227732063974,0.48411636992449075,5.446735308414079,0.0,
O79004,338439,676942,0.5143246352672577,0.8889999985694885,0.5285759270191193,0.24168320256911993,0.14046916073122415,nan,1.343495763238752,0.8005632492026534,0.581211930485946,0.5262417585423186,0.004195833864306995,0.009257565614013693,0.010052303243939542,0.4174002477329394,5.401244101943649,0.0,
O79006,161289,322594,0.4174347221851349,1.2699999809265137,0.5136885195970535,0.2723279049840105,0.1509657533248681,0.016232142085272887,1.4566117311777718,0.7182549858852535,0.5543528612454605,0.4088624687188043,0.003704851482094506,0.016435653474866377,0.01651679356848266,0.22430815440861976,5.044260945943544,1.0,
O79013,239722,479444,1.993598997592926,0.824999988079071,0.8993802666664124,1.4792279470425715,1.07987734694227,nan,5.4258368892376865,0.7773702962753074,0.7300276803864304,0.5310973164643142,0.10354746800538454,0.3640554726659641,0.3726013018130187,0.27790420350529915,4.645241158436425,0.0,
O79015,346104,692204,0.6496365368366241,1.1399999856948853,0.5624721646308899,0.41655880954438007,0.27144580293660664,0.12817476353243018,2.7414950233657907,0.7868368146983747,0.6516386083240111,0.4283556569211879,0.012931268724869471,0.02685267190902052,0.02961028054310714,0.4367155085222484,5.101219156714203,1.0,
O79037,503451,1006892,0.7094885408878326,0.9500000178813934,0.7731163799762726,0.5210913615558085,0.32010374521050955,nan,2.370690693060002,0.8532468671305244,0.6142948604152338,0.5136950424167082,0.017816891450725375,0.03134139069440892,0.03443666233591816,0.5173814836329822,5.327082313091354,0.0,
O79042,414316,828648,0.5685613453388214,0.9399999976158142,0.6228420436382294,0.33287647480436344,0.23062593438888887,0.02778176045319665,2.164233178115521,0.7974294065067067,0.6928273754534058,0.4510462380843388,0.010897163138313268,0.018099764689962758,0.019308875230043668,0.5643603269732571,5.282027654576581,1.0,
O79056,252104,504272,0.5353769063949585,0.9449999928474426,0.5632510781288147,0.284966278490092,0.18841378335639367,nan,1.2924666989395326,0.7900562399541279,0.6611792256779064,0.43706279212913846,0.0075331507545272425,0.014066232154914482,0.014240096020305506,0.5290098285703573,5.290160374358139,0.0,
O79068,405163,810308,7.078845739364624,11.0,5.480313539505005,426.7372356445799,341.3799128723859,nan,270.5289673076212,0.8013916119362934,0.7999768577886972,0.46764031131021117,1972.1693972338524,3670.654237200174,4028.667414855258,0.4895339312353508,3.175416003489256,0.0,
O79079,313640,627304,5.588150501251221,11.400000095367432,6.329685926437378,403.23211181471976,271.25753814902856,30.800099049453678,237.67978630800198,0.786968355010346,0.672708175269702,0.45049318527941296,1267.3570921707187,2800.32762472155,2828.1252952298355,0.4481262178547586,3.120439196851809,1.0,
O7926,236994,474100,0.20964889973402023,0.4350000023841858,0.24107418954372406,0.02198530840806788,0.014046927053258296,nan,0.24835110401759886,0.7823909259952421,0.638923357022526,0.5018154693525936,9.158417488980385e-05,0.0002049140588417814,0.00020861946512184355,0.4390011010540862,5.979671256129889,0.0,
O79397,80966,161928,0.19118470698595047,0.5130000114440918,0.11811438202857971,0.011584393643653431,0.004810235427801031,0.00020039657083018546,0.11612463482506169,0.6859900867542923,0.4152341137368327,0.45207801883410964,8.711664228988337e-06,8.850977030402113e-05,9.200536651780574e-05,0.09468647926425437,5.843378322872778,1.0,
O79538,230294,460684,0.1903141662478447,0.5699999928474426,0.2958044111728668,0.032088588431676585,0.0193004525099905,0.003672218898062599,0.39762432750035237,0.778432301339139,0.6014740271634341,0.44127955600584134,0.0001261970964194643,0.0004489416457168395,0.0004699787501921808,0.26851660073537487,5.762809675557447,1.0,
O7967,295918,591856,0.7049045264720917,1.2300000190734863,0.7104623019695282,0.6159939633838624,0.3413034111478557,0.03718133104513315,2.556557700133963,0.797654142868957,0.5540694088509587,0.4629640634273257,0.018954982445689696,0.039151812038714574,0.04121825969587323,0.459868577313745,5.063515784115611,1.0,
O7969,341406,682808,0.30048470199108124,0.5119999945163727,0.30609676241874695,0.047092425446776214,0.024242704698653885,0.004595484755001868,0.45641390035011664,0.8321511069669162,0.5147898938875627,0.4318450496079618,0.00023099889061679207,0.0004718873383274842,0.00048201605904468634,0.4792348434917535,5.873912286665605,1.0,
O7975,266487,533160,0.20691051334142685,0.4099999964237213,0.1573694869875908,0.01335017443167191,0.007657980941490724,nan,0.234981852744522,0.7760888942621109,0.5736240362015762,0.3904882067278551,3.0403966435002443e-05,8.215546773664297e-05,8.806214752594346e-05,0.3452557913835262,6.05464170401888,0.0,
O80324,274600,549206,0.24850352108478546,0.4150000065565109,0.2567353844642639,0.026476853934269753,0.015537049918496186,nan,0.2659293281113536,0.7902539536789495,0.5868163172659322,0.4505741872161207,0.00011538108907513258,0.00023327933125161202,0.00023545616416566318,0.4900321445564377,6.013934296605102,0.0,
O80326,321640,643276,0.26782767474651337,0.42000000178813934,0.29920949041843414,0.0336573646172559,0.02031467254370982,0.005711173540248224,0.30840087087046447,0.8173124008676114,0.6035728814398803,0.4584673386485451,0.00019040756434071757,0.0003273654540139751,0.0003345657341205862,0.5691185465875884,6.018254457691254,1.0,
O80327,253990,507966,0.23733871430158615,0.41200000047683716,0.22355292737483978,0.02185979894223805,0.013210251182221593,nan,0.24294848415697404,0.7840858052425345,0.6043171402046345,0.4552770520003486,8.565341757352361e-05,0.00018179926291759483,0.00019171941489782028,0.44676444281437994,6.019302424387491,0.0,
O80328,263098,526188,0.24173852056264877,0.4179999977350235,0.2466377690434456,0.024921932915593654,0.014809605007983562,0.003952605502374939,0.26384386645792013,0.7822808928715445,0.594239823136559,0.46169684981875725,0.00010587937250328105,0.0002169125234761679,0.00022131559346449207,0.478409003386688,5.998770544062398,1.0,
O80329,310323,620634,0.24756798148155212,0.4099999964237213,0.2896903455257416,0.029404401923081754,0.01806480011359152,0.004206272054204201,0.290140931360528,0.795684971122754,0.6143569986849855,0.4508566281524621,0.0001565268570125177,0.0002802718192779884,0.0002821484574452735,0.5547677220346958,6.029204964275021,1.0,
O80330,295032,590134,0.46252378821372986,0.824999988079071,0.535020112991333,0.20415410883086607,0.11735841453699904,nan,1.0368912541033437,0.8157853308464705,0.5748520821308869,0.502540144860319,0.0032599856286612086,0.006447613114542044,0.006675305068514595,0.4883650402792195,5.454135911996466,0.0,
O80331,303766,607548,1.4219696521759033,1.9942777156829834,1.1183871626853943,3.171524988566338,1.8456729870509818,nan,6.4097447581398335,0.8032687311193398,0.5819512675147811,0.43148222414979415,0.3454573610179085,0.608223131240264,0.6826116665013882,0.5060818294953738,4.675698426558767,0.0,
O80332,270664,541328,1.494612693786621,1.9945850372314453,1.084905743598938,3.2342473545147357,1.8240023112215489,nan,5.692572549466293,0.7990920010070897,0.5639650005975566,0.45948103773839,0.3316849678134756,0.6152720605811863,0.687421303252454,0.4825060937799669,4.677121921512319,0.0,
O80333,271144,542314,1.489461064338684,1.9938673973083496,1.0508979558944702,3.1209439870427436,1.8283748175919525,nan,5.753096813794217,0.8097424709049874,0.5858403179239473,0.4611685360294755,0.34064903913094663,0.596628688489556,0.698228383484319,0.48787624105314964,4.673298316162438,0.0,
O80334,266143,532280,0.36623162031173706,0.6400000154972076,0.41945475339889526,0.09831526253087576,0.05453965512043333,nan,0.5922764057753515,0.7768773880403537,0.5547425060611035,0.47307759776210073,0.0009224115840711772,0.001898504361838515,0.001938748185158983,0.47577689105382026,5.652590615788293,0.0,
O80335,263741,527504,1.453137993812561,1.993965983390808,1.1381962299346924,3.2979323731666406,1.7930519697746359,nan,5.699451486312752,0.797886939010908,0.5436897325013872,0.4574719986898734,0.3259161258195408,0.593340112363464,0.6644522207421346,0.49050347887395307,4.665344587226781,0.0,
O80336,262210,524408,1.4289131164550781,1.9945969581604004,1.0403003692626953,2.964966069943469,1.7472761612659795,0.35377388797880555,5.561850007505145,0.804439939600905,0.5893073040459089,0.4541113631899829,0.3142880669845677,0.5578029122984117,0.640913854591107,0.4903748994240085,4.673429977928031,1.0,
O80337,253397,506780,1.146872639656067,1.9949433207511902,1.1328099370002747,2.5918078646980116,1.50643341675441,nan,5.7086777871687655,0.7837913954007093,0.5812288160989644,0.44629479683337486,0.23555390270429521,0.4751525901091989,0.49276859015987373,0.47802134187950607,4.647265937936665,0.0,
O80338,264880,529748,0.24163316190242767,0.4150000065565109,0.2484390139579773,0.02491290875386837,0.01511182421775103,0.004063531958600194,0.255148873395625,0.7958692721081773,0.6065861022914287,0.46089543829062657,0.00010626009948421662,0.00022970942821344076,0.00023258424206635056,0.4568671486089037,6.016255512689493,1.0,
O80339,257284,514614,1.44489187002182,1.9941895604133606,1.0036185085773468,2.8918146113408016,1.6715314722597385,nan,5.47614766556623,0.7953056273161356,0.578021656611219,0.45600482671946513,0.2859532471146817,0.5372690862009487,0.6153386509286278,0.4647087366983046,4.671937628637451,0.0,
O80340,260211,520430,1.4194112420082092,1.9934099316596985,1.0192012786865234,2.8837978794968184,1.6578906154735644,0.3464277974175731,5.52648041668957,0.8026773481304454,0.5748983405740081,0.436538519948717,0.2823582904690554,0.528287127605831,0.6028866008062734,0.4683439474213594,4.672877016290871,1.0,
O80341,271348,542688,1.5032525658607483,1.9950644969940186,1.0051448345184326,3.014515624435842,1.8346386512350357,nan,5.77908591252512,0.8004164895449366,0.6086014736043649,0.4766378819961754,0.33015866964236706,0.6243996815126545,0.707355598741536,0.4667506275906432,4.671667474128711,0.0,
O80342,279712,559420,0.7794842720031738,1.050000011920929,0.5380646586418152,0.44038359066844596,0.2773207389922934,0.0623356869859956,1.672916262944009,0.7983271371487244,0.6297254140903752,0.4701414137783065,0.014460827518402468,0.026271392125718024,0.02948786859456745,0.49039921186662455,5.22323689546058,1.0,
O80343,261783,523556,1.4140418767929077,1.994547188282013,0.9987630844116211,2.816884685832998,1.67169799491334,nan,5.632359990809581,0.7990547092031737,0.5934563112650073,0.45583493515791934,0.286942016563899,0.5330869261490087,0.6024117719497759,0.4763220606316801,4.667251035519787,0.0,
O80346,293014,586020,0.7511797845363617,0.45000000298023224,0.2786206603050232,0.09418239403263311,0.07370596431371239,0.02832561954960294,0.957917029835686,0.7588764764842855,0.7825875002516302,0.515663562800062,0.001383559257105598,0.003653939280657312,0.00425794359116533,0.3249360231019266,5.4855604769215125,1.0,
O80347,272794,545576,0.7264037430286407,0.41999998688697815,0.26600486040115356,0.08115530649507888,0.060944766955948186,0.022278122348340066,0.8376215968579025,0.7510681431253178,0.750964657617845,0.5215140178650667,0.0010113223867371907,0.0027103135035129217,0.0031741946109052044,0.31860755583879774,5.51278694747956,1.0,
O80349,320032,640032,0.2694781571626663,0.4099999964237213,0.2525424063205719,0.027902411283501696,0.01641656435280727,nan,0.2971491713966945,0.8047679334653232,0.5883564752166833,0.4606168649130492,0.00012823910381376983,0.00023966135463861736,0.00026112510338294697,0.49110216579102217,6.032218882035167,0.0,
O80350,343545,687088,1.2788617610931396,1.9943151473999023,1.3429571986198425,3.425149728535252,1.9505044968654293,nan,7.486559910740339,0.8024030749026915,0.5694654690904718,0.46331721978412777,0.3597702644336691,0.7092763814491821,0.7653013903626957,0.47010271896038874,4.661701327791908,0.0,
O80351,348787,697568,1.2143428921699524,1.9949034452438354,1.3445593118667603,3.257190656353661,1.985227000463771,nan,7.443357427632314,0.8066430166107743,0.6094905732924398,0.4598791166861505,0.37500170282458267,0.7181768563759098,0.7682666792444901,0.48811397520631455,4.670791415350539,0.0,
O80353,375495,750998,1.2259945273399353,1.9950324296951294,1.4058119058609009,3.4384737107479637,2.1570358321254344,nan,8.097686487691298,0.8109055351491731,0.6273236364678266,0.44977377127439744,0.4459240392527169,0.8026991515608486,0.8260642889674521,0.5398175967757962,4.666243199928594,0.0,
O80354,332493,664984,1.2613497376441956,1.9943121671676636,1.2210312485694885,3.071534788872449,1.8786144605387733,nan,7.358283972241546,0.8002634759435803,0.6116207660563099,0.4526169231072763,0.3527521118320117,0.6338372918697716,0.6953057098304614,0.5073338343762838,4.655005962310512,0.0,
O80355,352915,705832,0.643220067024231,0.9849999845027924,0.6451037228107452,0.4087194984960818,0.2480161002970116,nan,1.9162943969456312,0.7968308478997975,0.6068124990601328,0.4491305250235825,0.012316418577491457,0.021575823491203957,0.023316888415937095,0.5282187896509032,5.265207887869507,0.0,
O80356,430132,860272,1.4803595542907715,1.9940741062164307,1.478733479976654,4.365142350003424,2.6825361910965224,nan,9.150369576556395,0.819166092471551,0.6145357873826081,0.4228684779869969,0.6998371342633138,1.0276125371230658,1.0951761867548733,0.639017851855424,4.672163118178325,0.0,
O80357,358540,717072,1.2242839336395264,1.9943016171455383,1.3715908527374268,3.3488644697306027,2.0919911953337764,0.6263926721044993,7.69121230403522,0.8158634651985874,0.6246867301566448,0.46942508851197706,0.4052625964806915,0.781787546264703,0.8196303707645924,0.494445558554208,4.668542814597908,1.0,
O80358,345192,690384,0.34009554982185364,0.5600000023841858,0.40033048391342163,0.07624434530531933,0.044709385986496986,nan,0.5752667241608673,0.8022823005355991,0.5863960901947407,0.4605203350057152,0.0006841091247976052,0.0012813938418745315,0.001350817543450076,0.5064408055068236,5.778191468826087,0.0,
O80359,329684,659364,1.2384178042411804,1.9944027662277222,1.214236319065094,2.999047013331692,1.9094741885507436,nan,7.330855390912759,0.8127216369802905,0.6366936497035691,0.4512352739291469,0.3603833526349745,0.6582548466066391,0.6942264753248933,0.5191149652803395,4.65294321810963,0.0,
O80360,336914,673824,0.6191863119602203,0.9830000102519989,0.6378616094589233,0.3882409435334292,0.22778798456111823,0.06292535802061888,1.8284534409219286,0.7949683321080636,0.5867180892566132,0.45116465123649346,0.01034422918209853,0.01936656260112444,0.020608374004609114,0.501943005294111,5.265435151771664,1.0,
O80361,392653,785306,1.3477333188056946,1.9937753081321716,1.4111444354057312,3.7918543388337205,2.2989568986136173,nan,8.401481601124814,0.8265739675944964,0.6062882941122466,0.45008795283208614,0.5040663671542133,0.8639155554516407,0.8865231575747473,0.5685879301034648,4.669653039316191,0.0,
O80362,316795,633588,0.6122903823852539,1.0049999952316284,0.5879513025283813,0.36179691077165665,0.2228596107809017,nan,1.742223588113891,0.80926344661566,0.6159798609268851,0.4663507614660713,0.009955720357752343,0.018092342808694355,0.02007489730590314,0.4959288312187184,5.259674429074928,0.0,
O80363,304322,608636,0.7760864496231079,0.9899999797344208,0.507655680179596,0.3900448395326427,0.23985514149088774,0.06138893984471879,1.5831076542677598,0.8115963165343406,0.6149424814292778,0.4491599558810779,0.011583699711406829,0.020102432575642627,0.023218911273102952,0.4988907350201866,5.283822900744223,1.0,
O80364,354821,709640,1.2802633047103882,1.9945057034492493,1.3346239924430847,3.407952305858132,2.0765359722718695,nan,7.9511482184261615,0.8020261579797165,0.6093207257338632,0.4488851366445097,0.4198672587274444,0.7436087691162061,0.8072849180869001,0.5200979843924792,4.649579466265062,0.0,
O80365,318937,637872,0.7901766896247864,0.9899999797344208,0.5138896405696869,0.4020029706385339,0.25068507788438005,nan,1.6348240768713995,0.8047246751920576,0.6235901129939329,0.4598363149607833,0.012225588099064471,0.022242465594383722,0.025229956120528706,0.48456636391519325,5.290233879671438,0.0,
O80366,338708,677412,0.6214281618595123,1.0000000298023224,0.6291212141513824,0.3909536513482446,0.2430723228368695,0.07006197371076052,1.8653458253061679,0.8028466771413639,0.6217420453770137,0.4449489197122997,0.011707623640865568,0.021302531936694073,0.022718051324806244,0.5153445369709947,5.259066094916385,1.0,
O80367,322235,644464,0.601668119430542,1.0019999742507935,0.637488067150116,0.38432334913839555,0.2350868319199028,nan,1.817549453191023,0.801792693376638,0.611690214625101,0.4569966731912943,0.010591433764805232,0.021044784969530633,0.022713034830338236,0.466315216963347,5.248686473852685,0.0,
O80368,314351,628700,0.7998733520507812,0.9869999885559082,0.5335682928562164,0.4212388223043106,0.25647315829757017,nan,1.5795574178262526,0.808067139113612,0.6088545136808148,0.4511053197699355,0.012870401787582838,0.022589050242813834,0.025858417592592553,0.4977258079113749,5.298879428863639,0.0,
O80369,404069,808136,0.7778209447860718,0.9849999845027924,0.5028204172849655,0.38523768218884014,0.25528841922046913,nan,2.0541237119750164,0.8076039596668642,0.6626776948972738,0.5042676500239607,0.01253024035383345,0.022687137867631373,0.025322272894464672,0.49483079208788167,5.293828936898588,0.0,
O80370,359492,718980,0.6257477700710297,0.9919999837875366,0.6659059822559357,0.4133556632502634,0.2400505737183752,nan,1.9242612785163626,0.7974411355149983,0.5807361433754887,0.4559780133110364,0.011183277611148856,0.021317155715968678,0.02299923900066251,0.48624554972565454,5.271425189466133,0.0,
O80371,288078,576164,0.7059473693370819,0.9970000088214874,0.450406089425087,0.31700910778606006,0.20489075719232597,nan,1.5253062794964132,0.8054704090830843,0.646324512955636,0.44498664884028916,0.008710546729810396,0.016049227365417383,0.018884759351014437,0.46124743068767193,5.2761530350557795,0.0,
O80372,316797,633592,0.8087942898273468,0.9880000054836273,0.5150116384029388,0.4115400129510459,0.24788816942062297,nan,1.6474863139377556,0.802492171418403,0.6023428138690128,0.4565856671308887,0.011893325084518408,0.0221356185506834,0.024840230357486497,0.4787928659821758,5.283959244767786,0.0,
O80373,302386,604776,0.7632099986076355,0.9950000047683716,0.5315293073654175,0.4036401414589844,0.24775532365971684,nan,1.5963943026181042,0.809598620258855,0.6138024894258252,0.4521434162643909,0.012285089750419063,0.021225891615476836,0.024116734846812884,0.5094010374311754,5.277421510979337,0.0,
O80375,352258,704512,0.6265056729316711,0.9880000054836273,0.627034991979599,0.3881268900008546,0.24302725877396622,nan,1.9080762543129133,0.8055745202193774,0.6261541393677493,0.441117432880551,0.011998106055057876,0.020586948041075,0.021919432206644048,0.5473730314702725,5.266265138144341,0.0,
O80377,411456,822924,0.6492557525634766,0.9070000052452087,0.6030208468437195,0.3551038836857651,0.2550109731632965,nan,1.880158869257743,0.8505162424961806,0.7181306228375643,0.527035454576346,0.013131212836337178,0.01988592408434106,0.02137785084339573,0.6142438233164963,5.340128852009947,0.0,
O80379,428649,857308,0.6504620313644409,0.9020000100135803,0.6067209243774414,0.35597333424940814,0.26024930578401123,nan,1.8886795812546315,0.8343447170121674,0.731092137372489,0.4957284189542372,0.013993572311321319,0.020196433490909178,0.022082965236842157,0.6336817615405704,5.355943529759633,0.0,
O80393,353792,707526,1.6824618577957153,0.9839999973773956,0.8390899896621704,1.3891491087165386,0.9713575257358555,nan,5.760307331673196,0.7714607696909569,0.6992464089282044,0.5116213808755384,0.1048037844995019,0.24891426579607623,0.2889261313789906,0.362735568428141,4.788302353244679,0.0,
O80394,317224,634442,1.687880039215088,0.9850000143051147,0.6935215592384338,1.1530224954001167,0.8603594810185865,nan,5.137917656021549,0.764161961210882,0.7461775329197098,0.5012754583308872,0.08275770004542343,0.2148275491056107,0.24818404886835382,0.33345293713586416,4.790578897341096,0.0,
O80448,210908,421832,0.2026137411594391,0.4599999934434891,0.19914326071739197,0.018560613832544846,0.009387652765804744,nan,0.2463623766733371,0.7556260482211361,0.5057835290632521,0.39458383873571995,4.138398712573839e-05,0.0001293304067818163,0.00013819924138966697,0.2994516229582765,5.9325186682714985,0.0,
O80458,219822,439644,0.22574163973331451,0.5320000052452087,0.24700750410556793,0.029664255922187546,0.015645211541681553,0.0025914663720078735,0.33043893267503627,0.7793522667745197,0.527409539033124,0.44779242185543605,8.84605779371933e-05,0.0003228046136709363,0.00032629862891384595,0.27110312486342053,5.822979944165655,1.0,
O81290,224441,448922,1.178924560546875,1.9952189922332764,1.1981311440467834,2.8182592616777593,1.7473645578129418,0.2459912415826433,5.020982078640595,0.7957236953227834,0.6200155470340599,0.46067678337235846,0.3031588994971263,0.5862138960690975,0.6039027015859388,0.5019995749331568,4.65031352378826,1.0,
O81300,230764,461588,1.1294758915901184,1.9945869445800781,1.0483025908470154,2.361655773346147,1.5377030340798943,nan,5.002513983288054,0.7871220148138249,0.6511122626059839,0.45855768367687183,0.23887536817811988,0.4845678189778244,0.5243976914142214,0.455523302427036,4.6639797470204645,0.0,
O81304,242666,485356,1.1437848210334778,1.9948066473007202,1.1674431562423706,2.6636728196645794,1.6272946452221035,0.18198689875110005,5.281525231333873,0.797749976011807,0.6109213688740568,0.4595786035391817,0.26109993526097014,0.5329331552274714,0.5655963173343438,0.46163655465709974,4.662249572597122,1.0,
O81305,268196,536448,1.136585533618927,1.9947245121002197,1.1176783442497253,2.533972426957796,1.5734896854459837,0.10570777962333171,5.853431978061707,0.7845180283698219,0.6209576981605375,0.4513435342800749,0.2529397720461264,0.49756390253606003,0.5268651294257742,0.48008448067497517,4.661041720451313,1.0,
O81508,354258,708588,1.63847815990448,1.0099999904632568,0.7954374551773071,1.3163399544274934,0.9579460004838255,nan,5.345727166254727,0.7825543431124914,0.7277345014574584,0.4550130665010076,0.10051741371405516,0.23962241220025976,0.268294190042331,0.3746537101612066,4.821312876862592,0.0,
O8188,387559,775148,1.177087664604187,1.9901320338249207,1.1900901794433594,2.787857493604186,2.061306344994898,nan,8.208085194262136,0.8382147818432966,0.7393872713091976,0.4325504619812123,0.42008121581947266,0.6843233220950968,0.6932324690920268,0.6059745244905814,4.674095971177797,0.0,
O8247,264377,528840,0.20595884323120117,0.4099999964237213,0.2653784453868866,0.02240938523298604,0.01575909735716455,nan,0.24924096604440427,0.7998481231393564,0.7032364874502476,0.4811062606944304,0.00012209967812654274,0.00021152757796269,0.0002329487843414842,0.5241481661804014,6.025604244261844,0.0,
O8281,289848,579704,0.2623397707939148,0.39000000059604645,0.2492915391921997,0.025505643287473012,0.015060512644283479,nan,0.23265275450156964,0.8355903765903968,0.5904776631013414,0.4760171599579144,0.0001129735828473641,0.0001959133950684825,0.00020082177029567483,0.5625564533219198,6.095462109265513,0.0,
O8384,158542,317136,0.42501744627952576,1.034999966621399,0.49796608090400696,0.2190518144966426,0.14539063658024406,nan,0.9819484827393672,0.7649969563951399,0.6637271501920038,0.40173010247812163,0.0042904543651036,0.01085375453193989,0.01115015417835496,0.38478879273547345,5.208055629077328,0.0,
O83923,507822,1015636,0.42345891892910004,0.35999999940395355,0.28424428403377533,0.04333167973059508,0.033077082490167276,0.013852184416547711,0.5427780588264537,0.8414015975219101,0.7633464175821605,0.5252315029146154,0.00046138962627435685,0.0006285028981966985,0.0006781357111926186,0.6803794854910732,5.9710892280747645,1.0,
O83925,253924,507856,0.442299947142601,0.9699999988079071,0.5092423856258392,0.21848074356922384,0.13125315604277446,0.006898922550042417,1.3225250493219334,0.8046733069237969,0.6007538874985016,0.4544973156012285,0.003689964026310745,0.00853338100436404,0.008698292403315922,0.4242170595350501,5.283299844243191,1.0,
O8398,268007,536010,0.5462502241134644,0.8899999856948853,0.6947066485881805,0.3377404541825652,0.19958101598131542,0.020369958907131325,1.1715699327420666,0.8123034294384578,0.5909301462401425,0.5006221260458429,0.007869826404158184,0.015878911801279795,0.0163979063288939,0.4799287327487151,5.359377920006555,1.0,
O8402,424004,848004,0.6857822239398956,0.9650000035762787,0.6827512979507446,0.4518310505582646,0.26510286104686615,nan,2.0897876184952566,0.8504064326355301,0.5867300636362098,0.4921526422895643,0.01433638621374162,0.020395261460344018,0.023824207955958156,0.601757096825385,5.307267801935278,0.0,
O84500,444095,888224,0.379517063498497,0.5400000214576721,0.32983842492103577,0.06759683033175712,0.05121972443470515,nan,0.7048891849268653,0.8435303368874473,0.7577237598763862,0.5382902154533638,0.0008940203120785689,0.0013775510871635354,0.001502845677830674,0.5948849740640492,5.799355036279382,0.0,
O84526,169114,338272,0.19898270070552826,0.453000009059906,0.22620660811662674,0.020390074823416263,0.012334308403364752,0.001434413331556035,0.19647217248502463,0.7771820184673575,0.6049172702985792,0.4677420086691484,6.852586877597127e-05,0.00018184738786186855,0.00018565825637222144,0.36909680245291937,5.934878514518538,1.0,
O84637,849484,1699154,0.5905846357345581,0.699999988079071,0.639153778553009,0.26423207653972114,0.23204231649226825,nan,2.449321998018945,0.8473937296210656,0.8781761833423206,0.604102335002231,0.012664009821003712,0.015072285141266708,0.016276285281570955,0.7780651175574262,5.540109320331345,0.0,
O8464,198408,396824,0.5207192897796631,1.159999966621399,0.6295517385005951,0.38027088067367104,0.2303905632304739,0.011420931918268637,1.470792010470551,0.7713059306113964,0.6058590729385437,0.429454171537811,0.009479894013551936,0.0231216802389531,0.024178318152057014,0.3920824415467218,5.130007917279062,1.0,
O84641,276736,553524,0.47910159826278687,0.8850000202655792,0.4783768653869629,0.20283414653396065,0.16046934826450862,0.025606874346771464,1.2782295948504085,0.8000002658108799,0.7911357678508097,0.4721855070358502,0.005399671133673757,0.011022165052144263,0.011180380922736191,0.48295949583373293,5.335456790715874,1.0,
O84643,228867,457788,0.430165633559227,0.9000000059604645,0.48855262994766235,0.18914269768225905,0.124900156077549,nan,1.1152431650890047,0.777044454587085,0.6603488139276138,0.48590564589601387,0.0034447780218444727,0.007918127314541485,0.008010982265739274,0.43000694641115644,5.31221360660642,0.0,
O84664,196083,392192,0.38958239555358887,0.9849999845027924,0.4564957767724991,0.1751750747449341,0.11716169331877142,nan,1.0780996495859554,0.7778448195657625,0.6688262784495237,0.49324819629926,0.002788682439309707,0.00811184407969557,0.00835473503020524,0.3337846657287946,5.259781037964119,0.0,
O84672,622711,1245452,0.40860898792743683,0.4749999940395355,0.41294756531715393,0.08014869019165363,0.07743478599859417,nan,0.8315130686795282,0.8345918489883296,0.9661391323230623,0.6803408489384563,0.002094047695391567,0.0024801883141725373,0.002492594167427235,0.8401077571135324,5.8744174581636495,0.0,
O84676,324464,649372,0.543615996837616,0.7949999868869781,0.5262240171432495,0.22742071219202095,0.17881454066570282,0.00657888629872445,1.139722972121611,0.8418855607652912,0.7862720107688438,0.5688457938237744,0.006820647885504665,0.01172228887995471,0.012509608329309904,0.5452327287916717,5.454367215923059,1.0,
O8469,177327,354608,0.1970343142747879,0.42499999701976776,0.1967601552605629,0.01647661334851633,0.009966658127582625,nan,0.18063493119259455,0.7727514198970374,0.6048972514415465,0.4058231211641749,4.864214287790178e-05,0.00013093695287077006,0.00013246635084074635,0.3672037658558309,5.991973128792264,0.0,
O86699,352348,704728,1.2152265906333923,0.875,0.727032333612442,0.7730703960490761,0.5870753583653364,nan,2.8017879105408996,0.8605184435524789,0.7594073726864942,0.4807915487719483,0.05221731191141736,0.07719325417410745,0.08870323091985577,0.5886742948359593,5.099536553681104,0.0,
O87512,211652,423332,0.48525749146938324,0.9400000274181366,0.5080230236053467,0.23173066611998977,0.14357379663092074,0.01034033139155115,0.9834389448533626,0.7990471883822712,0.61957184620778,0.4458395543310332,0.004534471611022452,0.009316653341019302,0.009513827487908045,0.47661907016768057,5.332874974031136,1.0,
O87515,238251,476584,0.49858248233795166,0.9399999976158142,0.514202207326889,0.24098987956429377,0.14925347484674603,nan,1.1087736697358486,0.8096266250048809,0.6193350323117061,0.4329794486094176,0.00490969029395607,0.009828836390882164,0.009929278740240336,0.49446595491962514,5.332191828043918,0.0,
O8939,310190,620728,0.6581322848796844,1.0350000262260437,0.6838442087173462,0.46581206169364986,0.2886689065385695,nan,1.9911883611672,0.8244206245570976,0.6197111029907554,0.48345652293070984,0.015875899501893394,0.026262656870863217,0.027000509879918484,0.5879851740763247,5.192515447701812,0.0,
O9031,177097,354262,0.5455808043479919,1.25,0.607370138168335,0.414211860648539,0.21666371257185882,nan,1.4769939200943054,0.7895928418019242,0.5230746223264214,0.4070663972805158,0.00841606886032594,0.020852382110375968,0.021423221583564488,0.39284795834733827,5.0788324967772125,0.0,
O90868,297371,594860,0.35907475650310516,0.625,0.26735439896583557,0.06000013481793215,0.044498340244377245,nan,0.6510242489328392,0.8157501893320324,0.7416373376394163,0.4851716019030663,0.0006033109569854405,0.0013683874463366798,0.0015456338705466062,0.3903323862669251,5.659701448106775,0.0,
O93490,217579,435200,0.44174809753894806,0.9399999976158142,0.4686776101589203,0.19461519559437984,0.14698339298042587,nan,1.016935976390568,0.8124194837577071,0.7552513694088464,0.5558780886894001,0.004275241145189752,0.010519841345900385,0.010771391761274242,0.396907032994592,5.330323364645538,0.0,
O93711,586309,1172616,0.6694795191287994,0.8499999940395355,0.7801082134246826,0.4439264977402351,0.2878104848778778,nan,2.3002359293511923,0.8655910159779628,0.648329140844147,0.4705474891400433,0.017124123216522683,0.02292799489559042,0.02388304432622993,0.7169991807834918,5.406354177989423,0.0,
O93805,313778,627632,0.3930322378873825,0.6290000081062317,0.3209456205368042,0.07934330359928929,0.05341545993613491,0.006060360962753382,0.6436766899803503,0.831338190372927,0.6732195095619056,0.48164780036288807,0.0008840900632974367,0.0016426331503798862,0.0018273821356899391,0.4838014151668628,5.687954708581581,1.0,
O93872,247180,495528,0.5704644024372101,0.9749999940395355,1.1133910417556763,0.6192712026454535,0.3027869634291534,nan,1.7064432276308865,0.8539983167431486,0.48894080999678846,0.46681873663293677,0.017923685098956744,0.025469509529202898,0.029716279264101014,0.60316047442082,5.160921483769946,0.0,
O93886,276758,553558,1.1081710457801819,1.992764949798584,1.003777951002121,2.2166673598619377,1.4641662787331438,nan,6.143159914617449,0.8146151417286925,0.6605259342224165,0.47248833981009497,0.21182259653905008,0.4443958862821997,0.47566413536410457,0.4453196715722684,4.653708362771382,0.0,
O94030,463510,927028,0.5884823799133301,0.5600000023841858,0.4127347767353058,0.1360168010433543,0.12905820609025598,nan,0.9307371343024198,0.8200472004552235,0.9488401807738418,0.6032863322661738,0.00513395336431037,0.005227775077279638,0.006798052242993504,0.7552094601217197,5.697232066647017,0.0,
O94091,779970,1561076,0.4018315076828003,0.4099999964237213,0.35727033019065857,0.05886061441322671,0.04731954867271534,nan,0.7194498786864992,0.884014758100672,0.8039254966064718,0.6191696428226221,0.0009480591919464944,0.0009534389845739545,0.001162547764154377,0.8155012819074157,6.035077355039616,0.0,
O94092,546288,1092628,0.6041029095649719,0.45000000298023224,0.43373845517635345,0.11791019902390146,0.10872419154744967,nan,1.0929954020528496,0.8576170019084884,0.9220931899657832,0.6488332468005493,0.0032419231454025566,0.004706117221398364,0.004881177197409081,0.6641682967631994,5.69880332572802,0.0,
O94093,474816,949516,0.4686618596315384,0.4000000059604645,0.3514932543039322,0.06589259386588499,0.05609228401999485,0.01489541606745208,0.5480904727422465,0.8681637431785161,0.85126841620718,0.7024358474114222,0.001130981202498494,0.0014248095603868081,0.0016228630181639755,0.696904908079074,5.937673092110383,1.0,
O94095,282510,565020,0.49567902088165283,0.9100000262260437,0.6054459810256958,0.2730972605457252,0.12636020497659886,0.027203793636307705,1.196378689711565,0.8393415966152956,0.4626930520068038,0.49560956123163474,0.003529457707730999,0.00755282606346859,0.007815717591180486,0.4515846007171185,5.373165156506516,1.0,
O94096,297768,595544,0.18514659255743027,0.3619999885559082,0.21162311732769012,0.014183629818421941,0.0077603133716688,0.000969200688186928,0.2104572819953618,0.800376242164616,0.547131691324147,0.49837900008158725,3.3089155060730336e-05,7.60754804938532e-05,7.98005948771241e-05,0.4146479748889163,6.150714066648582,1.0,
O94098,240376,480748,0.8527485430240631,0.2030000016093254,0.6841744184494019,0.1184360348558605,0.06757975718937753,0.02376556604301387,0.9227045492622586,0.7310496090975578,0.5706013146389417,0.563167822240653,0.0011953900786988796,0.0038740543032687964,0.0046589368779614395,0.2565800117090089,5.415828442137047,1.0,
O94225,477133,954356,0.2893060892820358,0.4599999934434891,0.30126170814037323,0.040092148879513206,0.02716464559758709,nan,0.5448332310524895,0.8187006612342985,0.6775552410329401,0.45296741297869453,0.0003052722828383893,0.000508388005043814,0.0005561035094153324,0.5489486717308111,5.942375866085573,0.0,
O98656,285714,571452,0.24962618947029114,0.46000000834465027,0.26985760033130646,0.030987221818463424,0.02067482062285936,0.004544505506032649,0.34534768214747924,0.7882524174581179,0.6672047188993393,0.45517818817659234,0.00018856099801703538,0.00035944812718533383,0.0003597022108951601,0.5242141757977516,5.917674975835323,1.0,
O98665,196680,393318,0.21750809252262115,0.45000000298023224,0.23540694266557693,0.023041311932193834,0.013379838654440148,nan,0.2252398121467753,0.782643038800996,0.5806890985120313,0.45752981178575974,8.443565372997872e-05,0.00019366237749371122,0.00020139544642096637,0.4192530428592079,5.9411150431568105,0.0,
O98670,11554,23092,0.07173543609678745,1.0199999883770943,0.11189883202314377,0.00818765365088105,0.003933804442144142,0.0012070067177914515,0.2052933242502662,0.5094325030497195,0.4804556482089148,0.517634082998329,3.397623101156924e-06,0.00019884368333326864,0.00020004133234125345,0.016984605438244475,4.750357536038457,1.0,
O98698,125803,251640,0.7734520137310028,1.9944896697998047,0.6540048122406006,1.0088953252276238,0.5942819689567082,nan,2.646743844328652,0.7403627452548898,0.5890422466003875,0.47144395310678977,0.035305895923117954,0.16101373596481447,0.16571503304887575,0.2130518594091876,4.67697908607858,0.0,
O98777,235322,470752,0.23299315571784973,0.4299999922513962,0.2444734275341034,0.02449307276787642,0.016055314677401848,nan,0.22473815407570158,0.823828392554911,0.6555043064445141,0.4917332389172568,0.00011728475164889803,0.0002353097040861777,0.00023757386471708796,0.49367699510451285,6.01998572140439,0.0,
O9899,540522,1081060,1.3728199005126953,1.378000020980835,0.5969127714633942,1.129207259248238,0.7810014867326789,nan,5.91287221123765,0.7471767620965294,0.6916369695078167,0.4282943546147413,0.10762088101762518,0.12564076948668024,0.19742490376862068,0.5451231276463246,4.961014881895562,0.0,
OK-01623,232225,464440,0.4391748607158661,0.9650000035762787,0.4578370451927185,0.1940330530528024,0.13469262793926315,nan,1.1922983252089137,0.7638752327190875,0.6941736256791728,0.46942205732386394,0.0036863926600695053,0.009657604048777881,0.010150429389639996,0.3631760311373635,5.289524037638165,0.0,
OK-01624,225328,450650,0.4321315437555313,0.9639999866485596,0.4801878184080124,0.2000341455733686,0.13400333585290888,nan,1.1618079005216586,0.7659586894012473,0.6699023082724599,0.47060377733616526,0.003631551185100531,0.0096540412883511,0.009958944734127478,0.36465220784445873,5.287680836503057,0.0,
OK-01627,212285,424500,0.4509567618370056,1.1450000405311584,0.5388197600841522,0.27821716413187586,0.17470121662770896,nan,1.5428515059324441,0.7412790399401248,0.6279311241376179,0.4501600372082105,0.005290796334948357,0.01715448505309857,0.017670493965152242,0.2994141728795058,5.138595179373044,0.0,
OK-01630,188931,377866,0.48173995316028595,1.1600000262260437,0.5258668065071106,0.29386402549680135,0.15273290253385594,0.026389100254697876,1.4009820964226711,0.7468368967406753,0.5197400473761576,0.41516806699144126,0.004156446586991458,0.014126450605152394,0.014422255510068961,0.28819670987590096,5.129870637930815,1.0,
OK-01630_07140,374202,499843,0.47221288084983826,1.159999966621399,0.46134430170059204,0.25270914998122535,0.14454963630145304,nan,1.4896378016967902,0.7453213924952024,0.5720000099410415,0.3710376637061811,0.00377269491202923,0.012803150165180955,0.013260757322715616,0.284500712909256,5.400025419724116,0.0,
OK-02256,280722,561464,0.4992307871580124,0.9549999833106995,0.4986288994550705,0.23772900341134473,0.1680162072778523,0.03266880049775828,1.4876509820791621,0.7961648446451712,0.706755191276061,0.483299955718484,0.005717009255253027,0.012323654783493489,0.0130691439597493,0.4374432841860512,5.275775396047785,1.0,
OK-02256_35727,327858,499284,0.5228848457336426,0.9549999833106995,0.46995142102241516,0.23467260074977936,0.18153261501811377,nan,1.5788386817817748,0.7814812132719512,0.7735569232970392,0.5085893962194045,0.006775982209225734,0.013389400906205688,0.014585197975936649,0.4645793783810868,5.3173480271349325,0.0,
OK-02257,209903,419816,0.4344617873430252,0.9600000083446503,0.42382167279720306,0.17676895015559282,0.11111596109773143,nan,1.118122700065865,0.7493461497960692,0.6285943374100862,0.42971290674539814,0.0026047396727344628,0.0074059119509524585,0.00790267777196541,0.32960216117816726,5.2735291811149105,0.0,
OK-02257_07406,374290,499767,0.4655359387397766,0.9599999785423279,0.39827761054039,0.17799603567135588,0.12081307117807677,nan,1.2236526104749474,0.7474020712823198,0.6787402355473846,0.4714529066122059,0.0030917405235827236,0.008102372584837337,0.008787220882432872,0.3518450901540021,5.48555008307576,0.0,
OK-02274,173930,347850,0.524553120136261,1.3700000047683716,0.6150124371051788,0.4419711706827033,0.20729643432285141,nan,1.7516565976355192,0.74456904962648,0.4690270498925192,0.39309563153584526,0.0066376393886134685,0.025519928316099408,0.025922181923830463,0.2560602116024591,4.996925527757345,0.0,
OK-02274_94778,360939,499898,0.6418103575706482,1.3700000047683716,0.6653803586959839,0.5850557701674867,0.2674921972878035,nan,2.238914802089958,0.7545743994295036,0.4572080319987738,0.3648185754141818,0.011005007200916399,0.0339498375062895,0.03519039327870451,0.3127275990852903,5.207396243173243,0.0,
OK-02465,246381,492744,0.9526171982288361,1.9948651194572449,1.2470022439956665,2.369731762075471,1.2623975624839678,nan,5.452567852723222,0.7869345458072543,0.5327174926238606,0.4388824697481376,0.1612401484046114,0.37038179648345365,0.3892032329823615,0.4142826542551324,4.655006134862389,0.0,
OK-02615,241680,483380,0.4324710816144943,1.034999966621399,0.52489373087883,0.2349463995322513,0.14321779428845718,0.018248141306535976,1.3909456527518638,0.7663825100089778,0.6095764590288925,0.43433885800018396,0.003943191839198944,0.011475287602942984,0.011571673095610358,0.34076246421917755,5.239930550764242,1.0,
OK-02780,240694,481364,0.9332616925239563,1.9947627186775208,1.0102931559085846,1.8807977368117024,1.0808647518037924,0.17661956601921738,5.28508693691675,0.777648129924264,0.5746842048183537,0.40660684887522286,0.11914717527880908,0.31345309168124297,0.3134717746588533,0.380089006126549,4.658413128733908,1.0,
OK-02781,170283,340574,0.5032772719860077,1.2599999904632568,0.4760548919439316,0.3018803829548653,0.15614993686272427,0.03262476800263517,1.5269529575201415,0.7428368152977272,0.5172576479938762,0.3941253463530906,0.004076421781946795,0.01618734091422616,0.016667337168947995,0.24457546761226823,5.04734563536969,1.0,
OK-02781_07303,391124,499844,0.5364899635314941,1.2599999904632568,0.47877106070518494,0.32363839236148245,0.1759973647173324,nan,1.6661384638960945,0.7511817593154287,0.5438086731093236,0.4905174195111602,0.005266157759029431,0.018127763242027785,0.01840967892873169,0.286053753539972,5.3706033753077635,0.0,
OK-02782,175913,351772,0.524941474199295,1.2649999856948853,0.5542944073677063,0.36807973186780624,0.18673712367851666,nan,1.5322948504926788,0.7555391813223701,0.5073279170546187,0.4048299616386961,0.005752169108224412,0.02031928598813864,0.02039156540244503,0.282085705275707,5.059955593005249,0.0,
OK-02782_07407,444896,499708,0.6342352628707886,1.2649999856948853,0.6378368735313416,0.5117413702113612,0.25979158571859506,nan,2.4739983394872613,0.7675787656522061,0.5076618793030062,0.4918275880901658,0.01115957357190439,0.029151598011849866,0.030266791795849506,0.3687068536095955,5.254859097281541,0.0,
OK-02817,254416,508832,0.4462443143129349,0.9950000047683716,0.5417822301387787,0.24055840474907195,0.1572928167018911,0.024243297921069246,1.4015885806973836,0.7797451882912626,0.6538653964968062,0.4778525616329801,0.004808885032495109,0.012315554278254908,0.012405707529665556,0.3876348866838674,5.258923869768221,1.0,
OK-02880,212822,425578,0.42867547273635864,1.0539999604225159,0.5486727952957153,0.2479034993668965,0.1573528227758628,nan,1.3110447870431734,0.7606731966027377,0.6347341734897458,0.42262257177915924,0.004901183007738078,0.012664031852513372,0.013402172430594786,0.36570063794654256,5.210398992144101,0.0,
OK-03077,213706,427434,0.5057938098907471,1.1200000047683716,0.5567468702793121,0.3153910164856908,0.1476152679991237,nan,1.4487500474811434,0.7644759683455337,0.46803891132967945,0.4182465206632145,0.004003434704326005,0.012759257811614634,0.013259562839963285,0.3019281067291273,5.168823252362329,0.0,
OK-03077_07142,426096,499862,0.5304394364356995,1.1200000047683716,0.45375916361808777,0.26957476677807407,0.12468777844711165,nan,1.7004964652923316,0.7471152821495096,0.46253505080377266,0.4393648355786482,0.002947929285428183,0.01039136489891665,0.011135708043773517,0.2647276018588243,5.398931723724943,0.0,
OK-03078,209382,418796,0.46659041941165924,1.1200000047683716,0.5255181789398193,0.27462595839159254,0.14307569913536847,0.021415066462642046,1.4236809272211994,0.759764785629533,0.520983886495373,0.40954579080026543,0.0037983103826629535,0.012218210616793804,0.012436477359086113,0.30541690166692587,5.16752667691705,1.0,
OK-03078_09102,413330,499870,0.5449255704879761,1.1200000047683716,0.45752349495887756,0.2792342028712058,0.14474310091718934,nan,1.6780459083191168,0.7526509052531268,0.5183573481646543,0.4542168046412018,0.0040129497216570996,0.012042374052764168,0.012932079632120203,0.31030969772950434,5.39149308988217,0.0,
OK-03079,184196,368400,0.48853467404842377,1.2000000476837158,0.528892993927002,0.3100590919941883,0.145648288641568,nan,1.4299444623452782,0.7402281998729514,0.4697436469442348,0.4091607653518679,0.0036519396851270288,0.014177964505609965,0.01473390414868209,0.2478596065424849,5.109961024608504,0.0,
OK-03079_07410,408787,499892,0.5325997471809387,1.2000000476837158,0.5712212920188904,0.3650787933632835,0.16994846540917066,nan,1.8389562266349282,0.7489061794052506,0.4655117429405381,0.43197562886203245,0.0049685561709222415,0.01680128960802894,0.017470836181560572,0.2843914349197697,5.346925684485952,0.0,
OK-03080,185117,370232,0.47314366698265076,1.2049999833106995,0.54515340924263,0.31081273485139826,0.14414051159289884,nan,1.4665243121095903,0.7405512168576599,0.46375355778717825,0.3921487159858303,0.0035791114009933248,0.014050230115180444,0.0143853468089993,0.24880258005001837,5.1011570363718794,0.0,
OK-03080_07411,428397,499910,0.5431439876556396,1.2050000429153442,0.5283259749412537,0.34578328987289525,0.15851896695081713,nan,1.724372013144175,0.7488491546903692,0.4584344344953347,0.4498134156133816,0.004264511981776129,0.015977386914293585,0.016721362105509414,0.25503376787534804,5.395215455306742,0.0,
OK-03888,259342,518832,0.6191703975200653,1.3200000524520874,0.6420802772045135,0.5247753934816961,0.3005893335092859,0.051312686780515544,2.445890425158456,0.7916350313389692,0.5727961662130988,0.4080935442335886,0.014453872824249528,0.03464282294036942,0.036169728443097314,0.3996124230511862,5.025435858795224,1.0,
OK-03889,185174,370380,0.4780612587928772,1.2950000166893005,0.5476334393024445,0.3390340234675469,0.17347096261362518,nan,1.709341647153392,0.744192420804517,0.5116624014292483,0.4026651074861908,0.004937548204768556,0.01852584235899985,0.019135076212554746,0.25803650583471277,5.034751133899638,0.0,
OK-03890,183382,366808,0.4855893403291702,1.2950000166893005,0.5057620704174042,0.3180425119268358,0.1683212104799706,nan,1.6706447893553638,0.7374546530612469,0.5292412308663066,0.40726402027267755,0.004736744427855836,0.01760866739203086,0.018500472019063983,0.2560337067602823,5.040472584423222,0.0,
OK-04072,177406,354804,0.5012742877006531,1.3069999814033508,0.5223455131053925,0.34222275127599144,0.19381670512345042,0.03308236878486844,1.734229287995172,0.7433655941282148,0.5663466394352712,0.39880971458071496,0.006101743589598695,0.021422783586506546,0.021997245914341018,0.27738670619764666,5.009861787502074,1.0,
OK-04953,270820,541636,0.4531557708978653,0.9300000071525574,0.47293272614479065,0.19931034204492387,0.14847918549662065,0.017991207108824122,1.365967444957513,0.7819203297109516,0.7449647819236291,0.4671717533652602,0.004658025058924643,0.010313495240182699,0.01058599232578579,0.4400178004643397,5.297240384806098,1.0,
OK-04953_07306,20985,36764,0.4690273106098175,0.9300000071525574,0.4872637987136841,0.21254222866807418,0.16126144853208102,nan,1.6861076586936234,0.7818515799646363,0.7587266283159286,0.5000089473921843,0.005527245540938659,0.011327377760660194,0.011581891292582407,0.4772316887897722,4.095023672485443,0.0,
OK-05229,239720,479476,0.47177842259407043,0.8899999856948853,0.48619990050792694,0.20414697041176363,0.1330844478250509,0.024778245267804904,1.100305672566586,0.7801481984071542,0.6519050836591898,0.5093747459710468,0.00399299819530687,0.00844871449403074,0.008472624383695183,0.4712823340771535,5.3381909170775605,1.0,
OK-05233,235423,470972,0.559124767780304,0.9650000035762787,0.5837869048118591,0.3149853786379313,0.1981088757207448,nan,1.2047253416055208,0.802823040610516,0.6289462595927875,0.46839842982769603,0.007947307832630274,0.015845499307984328,0.0161793473405549,0.4912007675803879,5.290960843727936,0.0,
OK-05234,225126,450392,0.5463290512561798,0.9650000035762787,0.54698845744133,0.28837643709565264,0.18548874369414825,0.027798592283283668,1.1723916884277918,0.8000661969520786,0.6432174055629337,0.4771731193140818,0.0069393231807357856,0.014537768563919558,0.015212277899249843,0.456165948761558,5.283352924066134,1.0,
OK-05235,213573,427168,0.5257751047611237,0.9800000190734863,0.5685596466064453,0.2929558233040255,0.17189111108291466,nan,1.1125888042878067,0.7829947977243369,0.5867475482968244,0.46620613606803263,0.005971452600969976,0.013312173147813022,0.013648991978029275,0.4375013635133055,5.283211662685822,0.0,
OK-05236,282622,565316,0.5031598806381226,0.9360000193119049,0.5473571419715881,0.25778203766936997,0.16424628018861298,0.0228355085032426,1.4337702934588625,0.803700381366454,0.63715176462091,0.42560257028182563,0.005852519162732771,0.01132538237188682,0.011526886873701885,0.5077276481375949,5.294726387473149,1.0,
OK-05237,363876,727744,0.5044650733470917,0.8030000030994415,0.4784594029188156,0.19381694515109793,0.1312061167129187,0.041494357690852295,1.2701346336944634,0.8288720889926827,0.6769589553206073,0.549303624599256,0.003822764390779747,0.007703837057579416,0.007983243989346264,0.4788484976635153,5.457103653557937,1.0,
OK-05399,186147,372320,0.5787250101566315,1.4599999785423279,0.5292679369449615,0.4471988580162186,0.25347135609963334,nan,2.18817053153746,0.7855379066221926,0.5667978608533044,0.43802976090616447,0.008959838082802018,0.03358598291375782,0.034737191998703225,0.2579321346163069,4.929774876373157,0.0,
OK-05400,603361,1206724,0.906635969877243,0.9699999988079071,0.7372529804706573,0.6483674680672666,0.4399292076388029,nan,3.3408783688464787,0.8166697038904192,0.6785183237989992,0.5024574510964279,0.03964427220835453,0.040715586501002474,0.054809928374888434,0.7233045797322706,5.256716570260818,0.0,
OK-05406,194362,388760,0.4820431172847748,0.9399999976158142,0.47460272908210754,0.21505223971323292,0.12057867106257052,0.02168947079983166,0.9837347518619877,0.777718336286912,0.5606947931505355,0.47484175903172854,0.0031830874281322664,0.007576049817965596,0.00792660355419605,0.40157015629313997,5.295733345593005,1.0,
OK-05408,196919,393854,0.40691475570201874,0.9199999868869781,0.4923105537891388,0.18430215179975126,0.11456698363806282,nan,0.9066298430677848,0.7847744627249895,0.6216258601394009,0.4973706271865619,0.002883848211844063,0.007135976545268046,0.007239411852181967,0.39835393685674453,5.3368576112531665,0.0,
OK-05413,189228,378500,0.39542481303215027,0.8599999845027924,0.47495225071907043,0.16151479533771906,0.10493715168791819,0.015369887218483059,0.750897710026769,0.7897194930335902,0.6497061242501038,0.4902297971797063,0.0025538307439012596,0.005949996017462048,0.0061474198005629236,0.4154313235070433,5.401404619336157,1.0,
OK-05414,180907,361856,0.4160396009683609,0.8599999845027924,0.47517576813697815,0.17001506272669378,0.1058060036163715,nan,0.7218572253313261,0.7936138808502478,0.6223331151926169,0.48449927023258843,0.00261468475930396,0.005957963740411343,0.006057303475321371,0.43165820731232846,5.399004063895191,0.0,
OK-05420,237279,476222,0.4515754133462906,0.9050000011920929,0.4517209529876709,0.1846073990798123,0.1163925686290014,0.02141829948195817,1.0885599930526122,0.7796146389568938,0.63048701844654,0.5163903277912127,0.0029420138619507025,0.007342466695029824,0.007686293638120176,0.382761054997923,5.3384069343691225,1.0,
OK-05441A,271728,543520,0.4613535851240158,0.8499999940395355,0.5440379977226257,0.21334479709303075,0.15391990016878326,nan,1.1245431544309672,0.8017740337349774,0.7214607633560673,0.5529254461077774,0.0053742221392761675,0.00947653614669156,0.010260326219892006,0.5237866734545925,5.383158266084238,0.0,
OK-05441B-1,271420,542928,0.5288147628307343,0.8650000095367432,0.43895144760608673,0.20078726710962452,0.14488166732987443,nan,1.1337954486169788,0.8089866352146537,0.7215680028692899,0.5419531456951864,0.0046012384108565,0.00899838887197351,0.009953693498305596,0.46226442592789935,5.379107136884708,0.0,
OK-05441B,291013,582104,0.5167986750602722,0.8650000095367432,0.4554409384727478,0.2035961538835238,0.14644875654042425,nan,1.2034361442574473,0.8137831223207602,0.719310034826133,0.5435807830378203,0.004643604356489623,0.009206138641780715,0.009915602273637206,0.46831288996288806,5.383489338979776,0.0,
OK-05441C,274535,550108,0.46417658030986786,0.8499999940395355,0.5345245897769928,0.21089672526921308,0.15692599381819008,nan,1.1174769111745957,0.8084058578528949,0.7440892864404202,0.5528630716916764,0.005557412208937418,0.009720402763273272,0.010526867423101018,0.5279264937584165,5.390359161088644,0.0,
OK-05441D,257917,515888,0.46051111817359924,0.8499999940395355,0.5305667221546173,0.20768209185602407,0.1546234107925745,nan,1.03041326709485,0.8056040825705646,0.7445197099601992,0.5386225574994519,0.005364734066285253,0.00965049572940513,0.010350927858008377,0.518285330540163,5.398468526779366,0.0,
OK-05441E-1,274326,548704,0.4830177426338196,0.867000013589859,0.42565812170505524,0.17825557133820447,0.1348492707404695,0.019307946777546815,1.169119142714146,0.8036572682215725,0.7564940031221793,0.5371216981824084,0.003936773462563421,0.008366679340875937,0.008936949584908165,0.44050527813331897,5.370408199463456,1.0,
OK-05441E,267012,534092,0.5187079906463623,0.867000013589859,0.43212197721004486,0.19433382426465967,0.1377508372279642,nan,1.1372594625479175,0.8074186078776519,0.7088361367312149,0.536268126505127,0.004174514231016692,0.008390655524127858,0.009312231430537124,0.448282912871712,5.370671220722243,0.0,
OK-05441F,264519,530140,0.45499615371227264,0.8499999940395355,0.5194574296474457,0.20089846122206104,0.1511542446765033,nan,1.045757912973624,0.8054145527011968,0.7523912515657674,0.5420732551944347,0.005189222826434173,0.009251076710876532,0.009917849443626954,0.5232205687260842,5.403025712751259,0.0,
OK-05510,513563,1027474,1.2599376440048218,1.9908877611160278,1.0621796250343323,2.6643654606386584,2.0054246630423482,nan,11.041832612434344,0.8163014223084631,0.7526837788092481,0.43639836261572296,0.3826730678636419,0.6812356753541156,0.7457191369586544,0.5131597794638048,4.667552567932914,0.0,
OK-05538,321249,642464,0.9993191361427307,1.9938635230064392,1.3580749034881592,2.705972357521114,1.562012207768656,nan,6.733562487754421,0.7946810879799444,0.5772461804449412,0.42678088900909095,0.2365225254743329,0.5065158876950988,0.5271365335395894,0.4486931002223343,4.678596889699985,0.0,
OK-05542,256234,512480,0.4838018864393234,0.9369999766349792,0.5372337996959686,0.24354009195659415,0.13827479287356578,nan,1.1562369990887174,0.8120560159088767,0.567770143152489,0.5118013124972336,0.0039864228629838796,0.00923415181984166,0.009675506363198284,0.41201180727311815,5.345589893794598,0.0,
OK-05544,354638,709286,1.3389298915863037,1.9903091788291931,1.3195648789405823,3.516487930657126,1.948072050957438,nan,7.221774094121098,0.8444558275900613,0.5539822940877838,0.4658739400852567,0.38416754847850426,0.6061137857881904,0.6618704057721368,0.5804271427279409,4.691141370027612,0.0,
OK-05548,253358,506692,0.5589246153831482,0.8550000190734863,0.34737786650657654,0.16600512827075561,0.07225250374475876,nan,0.9012347868774396,0.8830452262010694,0.435242600619629,0.5880593051834191,0.0013996414051010743,0.0027445517177832404,0.0032950538575943775,0.42477041820582306,5.448896675306663,0.0,
OK-05552,257506,515032,0.9740776121616364,1.9883190393447876,1.0620543956756592,2.0569625922051316,1.1136687773488476,0.17439400606402464,5.55801975563879,0.7828611178029528,0.5414142102384847,0.3961551508513032,0.12430317282889398,0.328890158990865,0.33242936319902666,0.3739235656943855,4.6658672666253125,1.0,
OK-05553,180061,360136,0.4926102012395859,1.25,0.5745711624622345,0.35379951995873016,0.17310949097065376,nan,1.518489329488481,0.7470965510521617,0.48928695830578445,0.4123051553016458,0.004922895039311149,0.018703353976609608,0.018762018857884963,0.26238621102559245,5.07400791329214,0.0,
OK-05553_07152,21181,37190,0.5435945391654968,1.25,0.54051673412323,0.3672774312461957,0.16991710000228266,nan,1.9764350480414432,0.7412453495998557,0.4626396438946524,0.40210261185497176,0.0048560055248401636,0.017551548460212403,0.018318678899478576,0.26508491968699693,4.0300639136086085,0.0,
OK-05554,228980,457920,0.4499509781599045,1.0350000262260437,0.502101331949234,0.2338282258615706,0.14446971729331182,0.029024851826379695,1.3441088977378182,0.7616042409575355,0.6178455007345427,0.46436314382671573,0.003984622484590391,0.011571515936154016,0.01218442167491381,0.3270259837439989,5.231363094987173,1.0,
OK-05554_09086,20200,36002,0.470285028219223,1.034999966621399,0.48956242203712463,0.23829205548911359,0.16131396662540493,nan,1.842564268212311,0.7629871152740051,0.6769590630887591,0.4516825464826472,0.004979378565029851,0.0130672992674636,0.013740600860007827,0.36238433935755954,4.039928724561021,0.0,
OK-05656,220613,441236,0.4033501297235489,0.9600000083446503,0.5194371938705444,0.2011344588980134,0.11931143067591687,nan,1.1126970461604624,0.7641107882289773,0.5931923914460353,0.4794203541611885,0.0029727459245345845,0.008263236802074183,0.008573162865596711,0.34675019839689875,5.297254165263799,0.0,
OK-06103,227080,454224,0.5571385025978088,1.171999990940094,0.5818840265274048,0.37995067146664174,0.19767787636034342,0.03487361966388542,1.6321412264933837,0.8015451441645263,0.5202724753644732,0.4359198561451443,0.006939176439704556,0.018349911246831718,0.0187356861972711,0.37037215326093925,5.1434211507230705,1.0,
OK-06104,217629,435354,0.560888260602951,1.175000011920929,0.5948417484760284,0.3920267145004626,0.18998540186994736,nan,1.605984354595822,0.7881624687336529,0.48462361069457977,0.4242781972180285,0.006467743170787041,0.017363661413933248,0.018234758318565657,0.3546931117919962,5.131975456397148,0.0,
OK-06105,221422,442644,0.5354730188846588,1.175000011920929,0.5976026058197021,0.37600008774684535,0.18729970600985069,0.032906248925285854,1.6011926074846503,0.7865417164412898,0.4981373997336843,0.4133277601186098,0.006244423842149058,0.017314279175042795,0.018027850493226416,0.3463765047583054,5.140777192873459,1.0,
OK-06213A,231864,463736,0.427877277135849,0.8299999833106995,0.5123381018638611,0.18195079690012797,0.1280417598885686,0.015937412380491112,0.9497997895379129,0.7869371389098246,0.7037164006423682,0.5315556698239648,0.0038504798162675444,0.007382805821522936,0.007841815530408788,0.4910189230206008,5.387601254808594,1.0,
OK-06213B,225942,451892,0.41563963890075684,0.8199999928474426,0.5224259793758392,0.17805557369140834,0.12297907684202947,0.014902754318958695,0.9070496445657452,0.7861795457873899,0.6906780523207151,0.5211615207816989,0.0036213505943504865,0.006869679575379542,0.0073662842375385095,0.4916115747877499,5.396365911257005,1.0,
OK-06213C,231351,462712,0.4245399534702301,0.820000022649765,0.5194909572601318,0.18084663179049065,0.12293720458610435,nan,0.9289629211367281,0.7847790530507053,0.6797870846083885,0.5249311923520559,0.0035994435331454734,0.006905700335701904,0.0073436839769824595,0.490141398299181,5.3962730012515605,0.0,
OK-06213D,235994,471996,0.4290299713611603,0.8199999928474426,0.5311683118343353,0.18686744137370168,0.12271232134698397,0.01596156543913233,0.936685063048703,0.7871149811661089,0.656681123500702,0.5190244856598052,0.0035609439420526716,0.006949637160071835,0.0073444312764020594,0.48484951496436784,5.40130736668402,1.0,
OK-06434,282549,565178,0.4496486485004425,0.7899999916553497,0.4803875684738159,0.17064443872483406,0.10535182706775549,0.02494267603214727,0.963561840773145,0.8140388553569592,0.6173762699506218,0.5196634637314519,0.0026171519882562454,0.005632023726672271,0.005890990144382518,0.44426351498005606,5.467214181953914,1.0,
OK-06494,202048,404112,0.42968161404132843,0.9199999868869781,0.4571641981601715,0.18072024392772532,0.1196004899556055,nan,0.9877056608075306,0.7620823916608047,0.6617990732872009,0.47140282996134375,0.0030791249795816744,0.007841400522250285,0.00812450306509278,0.3789924078939973,5.3108270130415605,0.0,
OK-06495,194483,388976,0.45275212824344635,0.9300000071525574,0.42347386479377747,0.17830768636435046,0.11413315562600822,nan,0.9667066391412382,0.7620635522431699,0.6400910580646015,0.4739172011284879,0.00280880441128562,0.007368468490162374,0.00791996533775481,0.3546485737628081,5.303586943854226,0.0,
OK-06594,244846,489718,0.5614899396896362,0.9399999976158142,0.510963648557663,0.2696868906354792,0.17037794357675465,nan,1.2068856108580528,0.8234356530060997,0.6317620525613352,0.5048802048587332,0.006077129869864233,0.011681768779347977,0.012321234135798425,0.4932241204805602,5.307226904001868,0.0,
OK-06595,203202,406452,0.4866274744272232,0.9249999821186066,0.48580749332904816,0.2186767237940032,0.12970650317315888,0.021788633854951143,1.0102594316013844,0.791310531525299,0.5931427036347241,0.4755345908064568,0.0037307295586635363,0.008167409439205551,0.008324090326367444,0.44818465590721096,5.303495064513605,1.0,
OK-06596,198388,396828,0.4597504287958145,0.9199999868869781,0.5006605982780457,0.2117646077419992,0.12169741800278448,0.020106925291563185,0.9551845915485887,0.7962555963626219,0.5746825180110032,0.4883638752755943,0.003297133256249219,0.007448742226741039,0.007579481990396108,0.4350077301360418,5.317428091142488,1.0,
OK-06597,200344,400764,0.4801025092601776,0.9200000166893005,0.4876500815153122,0.2153922694616499,0.13080154519065165,nan,0.9859959467082717,0.7957763833965349,0.6072713079145143,0.47959391092439835,0.0038059223922405684,0.008228386267459276,0.008272208063440312,0.4600854285884259,5.307901210879259,0.0,
OK-06598,202936,405916,0.4854031950235367,0.9199999868869781,0.47991275787353516,0.21431508806932725,0.12811908945554779,nan,0.9949847660053546,0.8001502127397015,0.5978071381241411,0.4710515301692253,0.003682323224679758,0.007899103122207712,0.007975127976028526,0.4617259103236975,5.309542664488788,0.0,
OK-06612,244512,489092,0.42986802756786346,0.8519999980926514,0.4578387439250946,0.16768232222614898,0.11227092871786887,0.0212697108870796,1.0353638144201889,0.7812880529113326,0.6695454072162231,0.5016501962939186,0.002910188271390181,0.006540692689675745,0.006584051157447638,0.44200571985202186,5.373207195522552,1.0,
OK-06615,236249,472564,0.44460056722164154,0.8519999980926514,0.37810850143432617,0.14322738026545126,0.09042388154946691,nan,0.9802302058078812,0.7669775517195612,0.6313309744399381,0.49007008664728907,0.001965837465970419,0.004772218366070137,0.005300206253623736,0.37089829563262405,5.382041897720376,0.0,
OK-06616,245004,490044,0.5286648869514465,0.9500000178813934,0.5208068788051605,0.26156569914503797,0.15784668165292934,0.024918169563238234,1.2375270093564605,0.8135351734803977,0.6034685823442143,0.44542008980107123,0.0051949810798863,0.010811701538098118,0.011204769809761183,0.46364014326832703,5.2966184885270655,1.0,
OK-06616_93136,450518,499613,0.522077202796936,0.949999988079071,0.5108315944671631,0.2533588502634949,0.16479309953138843,nan,1.75491171846441,0.8117516426641203,0.6504335623563278,0.5684706667654278,0.005596481662078835,0.01151420035233195,0.011915911132649122,0.4696646022094524,5.409456873473341,0.0,
OK-06624,178530,356926,0.5153182148933411,1.2899999618530273,0.6080116033554077,0.40418208380526677,0.2069220363832125,nan,1.64503346704389,0.7500733952292294,0.5119525200995961,0.4155741214016673,0.007045858790529599,0.02307751220514525,0.023260772014821282,0.30290734916451284,5.035536467194125,0.0,
OK-06624_07255,21286,37934,0.5581767559051514,1.2899999618530273,0.5860433578491211,0.42197934411366284,0.20996686225973807,nan,1.754125816709323,0.7528931411796564,0.4975761614606002,0.4310360076004463,0.007342401101390808,0.02260171614340048,0.02314332323170855,0.3172578556622768,4.084033317392228,0.0,
OK-06659,239002,478024,0.47966787219047546,0.9399999976158142,0.5072000026702881,0.22869029271246621,0.13036892104780431,nan,1.1111754073926727,0.8067675501064304,0.5700675769903273,0.4482920014373803,0.0035179367568218987,0.00874242305827489,0.009034980924158704,0.3893684764087615,5.332618914194543,0.0,
OK-06659_OK-06659,20854,37708,0.5433828830718994,0.9399999976158142,0.43511489033699036,0.222247944000395,0.1330063673145624,nan,1.4326913472483696,0.7771049589014593,0.5984593824378686,0.4566822975322936,0.003927513886976068,0.008368953508810048,0.009436407381958807,0.41620859803964877,4.163036731232517,0.0,
OK-06660,252396,504776,0.616011381149292,0.9350000023841858,0.387582004070282,0.2232358560388446,0.09450225060466895,nan,1.066585239274065,0.8851127418759264,0.42332917427129135,0.5767915157075655,0.002179228905822866,0.004287957953818133,0.005156971377182661,0.4225792129591797,5.374086898795005,0.0,
OK-06661,264991,530014,0.500558152794838,0.9199999868869781,0.5001794546842575,0.23033938830737388,0.13926437332623962,nan,1.1970919837676859,0.8125861901856551,0.6046051192095717,0.4408148142309173,0.004203626343130915,0.009017257352604646,0.00926133937943986,0.4538896773897467,5.345103601468961,0.0,
OK-06661_OK-06661,20451,37080,0.524523913860321,0.9200000166893005,0.4323155879974365,0.20861907888456566,0.13162589614418774,nan,1.4348070046767507,0.7872518460200162,0.6309389191437268,0.4544159077426914,0.0038704582288583817,0.008148049356840215,0.009003832345931804,0.42986786960856377,4.153921060498805,0.0,
OK-06666,272842,545660,0.5984548926353455,0.9199999868869781,0.3655780255794525,0.2012793985352608,0.08778712107781601,0.057907566448271386,1.1080062546349458,0.8827003948891998,0.43614558527427816,0.5761987001906694,0.0018945148804268034,0.0038949608264775277,0.0046334311203046945,0.4088794742463378,5.391369012389771,1.0,
OK-06892,166942,333868,0.4867294430732727,1.0800000429153442,0.4988420158624649,0.26222519470716177,0.1518952610444085,0.024099679736723643,1.0935473238765632,0.7713767151260403,0.5792550224399167,0.44150289454145014,0.004388015303175437,0.012574791613497845,0.012820318377078596,0.34227038472154914,5.18372803001619,1.0,
OK-06893,168708,337416,0.4937010705471039,1.0799999833106995,0.5004193931818008,0.2668221932240798,0.15528310686577793,0.02479262778512964,1.0996579384449454,0.7723744370169364,0.5819722302311251,0.4437699376348168,0.00462497948715142,0.01290918689543325,0.012997186547661807,0.35584466455037944,5.185878063227854,1.0,
OK-06931,183039,365788,0.4784284234046936,1.3650000095367432,0.6623241901397705,0.4325339931893605,0.19840698325619777,nan,1.8439379154541111,0.7400873598925609,0.458708416865022,0.3906378777200348,0.0058942562913944264,0.025055055854339234,0.02535266290303227,0.2324906189909326,4.996797339963892,0.0,
OK-06932,212441,424920,0.21750791370868683,0.44999998807907104,0.17221390455961227,0.016856048745041867,0.00987871441049326,nan,0.23686679018207013,0.7719363508933447,0.5860634695541587,0.38996488369717847,4.623090158253958e-05,0.0001290968172680491,0.00013704819571988376,0.33733316472864827,5.9527341621594525,0.0,
OK-06932_35865,21229,37468,0.6506332159042358,1.3899999856948853,0.57065749168396,0.516091314090582,0.3192788229197557,nan,2.6125193325986635,0.77293401609306,0.6186479295478268,0.401635240162247,0.015507524051007006,0.04098666703747497,0.042645874716673894,0.3636347983019281,3.909870024140718,0.0,
OK-06939,246356,492780,0.6286313235759735,0.9799999892711639,0.44820575416088104,0.2761210499201558,0.19116225297707504,0.03019069198557062,1.3029039006769199,0.7831621572263979,0.6923132192650732,0.5076509244047116,0.007705352078647745,0.013994155476592883,0.016741226541962785,0.46026209963373144,5.276650759692107,1.0,
OK-07061,256826,513672,0.4996490180492401,0.9399999976158142,0.4728976786136627,0.22210588854831456,0.13146548628493646,0.017111889758465375,1.3554089520660413,0.7616440589079824,0.5919045512219224,0.4208502740439331,0.003891407982193834,0.008389235898244888,0.009481458382908637,0.41042293548516984,5.277568638099019,1.0,
OK-07062,244717,489464,0.5053609907627106,0.9799999892711639,0.45202241837978363,0.22386580480454038,0.1307956682431187,nan,1.4208195988012724,0.7622294903559411,0.5842592545892294,0.44341541746360014,0.0037438421863006358,0.008613075724666535,0.00965178118475573,0.38789132437168755,5.236125200829095,0.0,
OK-07063,240877,481774,0.5165947079658508,0.94200000166893,0.5005297511816025,0.24357390187430383,0.15174252796866547,nan,1.2060746831941715,0.7816558152022203,0.622983524922026,0.44276084793296616,0.004959671427081947,0.010461397062635987,0.01096984652783044,0.45211857927996424,5.30042113237313,0.0,
OK-07243,219590,439208,0.4598804712295532,0.9449999928474426,0.5208246111869812,0.2263436271883242,0.13452421252665547,0.017614744456776518,1.0663803369868194,0.8170731807013075,0.5943362055196172,0.48768343351487814,0.0038632571155106836,0.008756919004490122,0.008815605186089518,0.4382293709803004,5.3137004301989705,1.0,
OK-07252,228393,456812,0.5048354268074036,1.0000000298023224,0.5326941907405853,0.26892290715487477,0.16861892783869237,nan,1.2152574658279458,0.8017958225153486,0.6270158597593303,0.4519447182154726,0.005809050970182703,0.012529465603464912,0.012752474142912225,0.45552344628052827,5.2740144913137055,0.0,
OK-07253,258717,517466,0.5138578712940216,0.9999999701976776,0.5126915574073792,0.263450584468333,0.16505816749649369,nan,1.3765624511012555,0.794720582643855,0.6265242031236936,0.45534350707071697,0.005619799446354433,0.012140897696813426,0.012404371705525703,0.45304990690104957,5.274029047649921,0.0,
OK-07254,234854,469728,0.5141452252864838,1.0,0.594657301902771,0.3057402124550528,0.17922908602771262,0.02636191723115332,1.2589538571563068,0.8073463286912277,0.5862136504339,0.4494101895582082,0.006590235639319208,0.013423006180227954,0.013848269426144366,0.47588875089889554,5.2707881486711345,1.0,
OK-07255,276710,553432,0.5192753374576569,1.0000000298023224,0.5206592977046967,0.27036554057359374,0.17132161057001272,0.011310752572459259,1.4631419867694169,0.807354815834984,0.6336665915580274,0.4538138488166826,0.006024901464301178,0.01261876470536475,0.01290782885028716,0.46676335224007426,5.276738381220057,1.0,
OK-07280,197063,394124,0.514415979385376,1.050000011920929,0.4997919350862503,0.26995600873000325,0.1610047608994608,nan,1.2037628114464405,0.7754854093296435,0.5964111028937676,0.41138181006956354,0.005146761504090659,0.012653152938162165,0.012985603139881289,0.39634366218107825,5.214064167730464,0.0,
OK-07280_07261,21575,37934,0.5641365647315979,1.0499999523162842,0.5106303095817566,0.30246847639402824,0.1732939502776475,nan,1.2441299516110482,0.7738362410959541,0.5729322683263561,0.43138534915005905,0.00600518863094987,0.013614243994579688,0.014095062742733838,0.42604908829126087,4.239085058823441,0.0,
OK-07281,218460,436954,0.46046194434165955,0.9370000064373016,0.5194689929485321,0.22412637479940786,0.12796200666661625,nan,1.0837720592488234,0.7885355179104312,0.570936851056203,0.45392664411968897,0.003524602207290328,0.008380967828220195,0.008437654276175167,0.4177229940840914,5.304433979052431,0.0,
OK-07281_94793,21252,37764,0.44577133655548096,0.9369999766349792,0.46246060729026794,0.19316412216929313,0.12116469613554941,nan,1.020749551383704,0.7777455793513525,0.6272629449756622,0.42949259392234024,0.003216703793434292,0.007660002027885773,0.007745842437128052,0.4152813357028417,4.318480609513715,0.0,
OK-07282,226302,452640,0.44884875416755676,0.9000000059604645,0.47056324779987335,0.1900905560377312,0.11958339086429039,0.015117118291609694,1.052693411055524,0.7763267004142136,0.6290864383633777,0.46364233715449954,0.003167995912781407,0.007454501568019049,0.007690478804283659,0.4119374090228046,5.332386487518652,1.0,
OK-07282_07160,454030,499277,0.45103171467781067,0.8999999761581421,0.4660331606864929,0.18917615699357684,0.12962633438547913,nan,1.5460809445249626,0.7749045915486465,0.685214968130896,0.628803648515746,0.0036874560866971898,0.00829100193831723,0.008506280526940599,0.4334980577020112,5.467852322269599,0.0,
OK-07283,214869,429756,0.45211707055568695,0.9800000190734863,0.46498171985149384,0.20602165359012448,0.12782572100001366,nan,1.1671572850160752,0.7768291132184048,0.6204479906482069,0.4297587952045567,0.003421874586193005,0.008808956909026092,0.009027020784275386,0.3790702013397086,5.265044377524943,0.0,
OK-07283_07262,22567,40040,0.5058998465538025,0.9800000190734863,0.5221725702285767,0.25888368772876286,0.16042139558693708,nan,1.2964277271320284,0.788560830793709,0.6196659086338939,0.4491813488807414,0.005426046912940765,0.01146872105638736,0.01147361630424928,0.472915144541762,4.240725518042687,0.0,
OK-07355,253589,507168,0.4855973422527313,0.8100000023841858,0.5149160921573639,0.2025339281223168,0.1333652294746208,nan,0.9930527218125762,0.8090934377416608,0.6584833993545872,0.527767231498549,0.0040950342730008945,0.007986851441613506,0.00805407510920488,0.508442523502263,5.4071581050237745,0.0,
OK-07356,256852,513688,0.4756125658750534,0.8100000023841858,0.5203562080860138,0.20046524114046707,0.1378357801823241,0.016159847341075475,1.0064855697050783,0.8124254172999581,0.687579449674978,0.5320098956539218,0.004489232790776104,0.008071116520526512,0.008314091647329984,0.5399546915287843,5.406875399089544,1.0,
OK-07357,251529,503058,0.4492833614349365,0.8130000233650208,0.5158937573432922,0.18843916282834997,0.13157378041707693,nan,0.9848662976230704,0.8083922985464778,0.6982294892539299,0.5253881635580081,0.0041157734316762664,0.007523529612194029,0.007880190834877345,0.5222936243447369,5.407210788163836,0.0,
OK-07363,617303,1234898,0.6958810389041901,0.8100000023841858,0.5930970311164856,0.3343072333133209,0.20781036534628936,0.022017915158175805,2.1512766610143403,0.8840326052151299,0.6216149237534576,0.4871860238229582,0.008834857645252535,0.014352365921161852,0.015547284863191445,0.5682572695486698,5.457802121948813,1.0,
OK-07455,290117,582968,0.4381444454193115,0.847000002861023,0.5267060101032257,0.19546499651350235,0.11707182128667781,nan,1.0278481521182354,0.8272130026725458,0.5989400832623795,0.5181482333323986,0.003142602940369107,0.006758385744731945,0.0067958222468153156,0.4624315978602597,5.450644218485937,0.0,
OK-07456,313633,630166,0.4829709827899933,0.847000002861023,0.5534376204013824,0.22639828255289982,0.13029052247138273,0.012321700797272605,1.1606243885718945,0.8382241684256025,0.5754925390873461,0.48944612490736283,0.003976074324319431,0.007391867012221507,0.007506175356043653,0.5297070925898454,5.431730059945707,1.0,
OK-07609,317510,635036,0.5512318015098572,0.679999977350235,0.4079444259405136,0.15291291466912718,0.08844451992107642,0.01226826326961522,0.8091219566108844,0.8246992682308174,0.5783979732022805,0.5508975768714892,0.002146362879737097,0.0037467700842183666,0.004113057582863972,0.5218411939281818,5.593743421482496,1.0,
OK-07610,189738,379464,0.46883904933929443,1.1150000095367432,0.45634908974170685,0.23855901688293688,0.13317971911342147,0.020350860700027024,1.3045579744072853,0.7603601889421221,0.5582673874732389,0.40719224873416315,0.0034152236300121156,0.010763142889492403,0.010875893872258003,0.3140177414496104,5.162690934573099,1.0,
OK-07610_07266,20817,37036,0.507500410079956,1.1150000095367432,0.4527151882648468,0.2561747574097219,0.1401340321863512,nan,1.4059802634913205,0.7631991391197454,0.5470251386330895,0.4298181033091958,0.0037946483416238623,0.011315549878572835,0.011538568555690156,0.32886647276126474,4.170438917910899,0.0,
OK-07611,182780,365534,0.4835080951452255,1.125,0.4515160173177719,0.24560060564348388,0.13874708020851398,nan,1.2842015937934081,0.7605985732762759,0.5649297152382455,0.4158600758600481,0.003643665014360764,0.01147919753315367,0.011655223307955133,0.3126207810942433,5.153295468416822,0.0,
OK-07611_35918,21557,38126,0.5414360165596008,1.125,0.5310441851615906,0.3234672542599095,0.17304361793877654,nan,1.6718217621589202,0.7793157163280648,0.5349648709718668,0.44489822869086193,0.00558771835768232,0.014904201000986227,0.0151396679961578,0.36907799821636716,4.110398347566017,0.0,
OK-07968,167066,334204,0.44356226921081543,1.25,0.5359380841255188,0.297152390939015,0.15128516507235298,nan,1.4120919598381567,0.729720051594221,0.5091164321252305,0.40572734012325185,0.0038079662176135117,0.015765943640116097,0.016058253833531776,0.23713451394459653,5.073025094330666,0.0,
OK-07968_07267,23176,40510,0.4491163492202759,1.25,0.46628814935684204,0.26177203915477953,0.1479031708880273,nan,1.514603531617988,0.7294156052253243,0.5650075209162262,0.4084087797043371,0.0037225514956533675,0.0146413869476308,0.01496226098874172,0.2487960541828794,4.184739517056632,0.0,
OK-08045,404105,808260,0.4988156706094742,0.8700000047683716,0.6004699468612671,0.2605857241535022,0.19218812211966893,nan,1.776888006441479,0.8187637019515658,0.7375236028143178,0.5002331271586837,0.00785468814665469,0.01338647588951766,0.013924403379306075,0.5640951308785002,5.356834168021818,0.0,
OK-08489,160327,320648,0.4710501581430435,0.9900000095367432,0.5289719700813293,0.2466806092347395,0.13770038679755572,nan,0.8369064850603385,0.7921371221623393,0.5582132589372722,0.4426882435310581,0.00390732237455012,0.009818043208871348,0.010019144622084355,0.38998562471466264,5.282329733078751,0.0,
OK-08490,223672,447380,0.4826737642288208,0.9399999976158142,0.49834589660167694,0.2261061798391866,0.14389863619583973,0.021998623511764962,1.1154775174332534,0.7939000100127823,0.6364206245852488,0.44292302579360504,0.004530428446173964,0.009410653293574002,0.009636899204716822,0.47011267316737376,5.30215079962394,1.0,
OK-08491,206592,413210,0.47471843659877777,0.9350000023841858,0.42455869913101196,0.18844536265317507,0.11259013771095205,nan,1.0193023097801834,0.7696225022727727,0.5974683384391314,0.4562337402510721,0.002833296841037263,0.006803567390442182,0.007394462743623249,0.3831646651381953,5.306810491691975,0.0,
OK-08607A,178872,357736,0.4933735132217407,1.0649999976158142,0.5256636142730713,0.2762061562979464,0.15930813239468847,nan,1.1233473697286447,0.7941002842385761,0.5767725619513026,0.44019667216001074,0.004908105481507028,0.012755599504861324,0.01299794312886664,0.3776063206959879,5.202028290181031,0.0,
OK-08607A_93138,397673,499695,0.5103412866592407,1.065000057220459,0.5052499771118164,0.27461018317933406,0.16292765474538454,nan,1.5272107277164744,0.7876484915096849,0.5933052185431329,0.48519633637715065,0.005216094354332827,0.012808380045172613,0.012979661910991851,0.4018667350584508,5.415627139524111,0.0,
OK-08607B,193934,387876,0.4861532300710678,1.0550000071525574,0.5324068665504456,0.27306704222052425,0.15495416002224213,nan,1.1820530435330827,0.7916212025625428,0.5674583016763474,0.4371400607781897,0.004681385625413399,0.012222139013456559,0.012326261810967652,0.3797895661479459,5.215016989578492,0.0,
OK-08607B_OK-08607B,352515,499828,0.5285946130752563,1.0549999475479126,0.5103328824043274,0.2845959550529372,0.16407304434387657,nan,1.4885622234038083,0.791634247559905,0.5765122147057838,0.4538831428011127,0.005314744833302734,0.012779922048174772,0.013000467107180464,0.4088118364891116,5.374410608240482,0.0,
OK-08608A,209414,418840,0.5165466666221619,0.9600000083446503,0.534561038017273,0.2650806957063215,0.16318516789240442,0.026617299707401,1.0753998429914722,0.7831313013777906,0.6156056270245894,0.47163493754823393,0.005445867823475015,0.012291857618462335,0.01288071057951293,0.422792499672867,5.289435743563426,1.0,
OK-08608B,194564,389172,0.5103642046451569,0.9599999785423279,0.4701848030090332,0.23036686815388632,0.14065428622770884,nan,1.040604708203667,0.7724552318438319,0.6105664731863742,0.46650256553431596,0.0042170959469476944,0.00984378502199083,0.010575243708465236,0.39877056862264154,5.271776699727844,0.0,
OK-08662,233829,467698,0.5192660093307495,0.9600000083446503,0.4784933179616928,0.23852670515437793,0.15534462553231995,0.023079774794991254,1.2211034254285407,0.7828120923114235,0.6512672257463946,0.4422831289656233,0.005197731899239408,0.010654219343481416,0.011427060405942024,0.4548616804840385,5.282145922824575,1.0,
OK-08663A,233606,467192,0.48462052643299103,0.949999988079071,0.50908562541008,0.2343776736553641,0.1321499074368526,0.021649382649827253,1.1580807054287812,0.7862941611490052,0.5638331730827303,0.43817933312913376,0.003807503637142934,0.008683277667996326,0.008735078371933064,0.43588660284685427,5.304745167148491,1.0,
OK-08663B,214336,428670,0.45505040884017944,0.9300000071525574,0.47577235102653503,0.20134537619854623,0.11532470001855522,nan,1.0430207776528013,0.7815446229698945,0.5727705408284807,0.44825440500397645,0.002913279424466563,0.007118312641523099,0.007515209415458652,0.3876511303163421,5.312802161582286,0.0,
OK-08745,392348,784800,0.5944561660289764,0.7600000202655792,0.40245456993579865,0.18182362133847493,0.10752619800739359,0.012309650878435564,1.2726927066505054,0.8016166934367762,0.5913763966191582,0.542635243417433,0.002947735260935159,0.005510407114553365,0.006135248736467063,0.48045896548810346,5.488947887798242,1.0,
OK-08745_07317,349213,499729,0.6513086557388306,0.7599999904632568,0.3723500072956085,0.18431123255139417,0.10676585613846601,nan,1.323371450885364,0.7729679574470795,0.579269394819412,0.5538967073045838,0.002944183181622909,0.005676603307542383,0.006679214034573553,0.44079784932522914,5.421408641259225,0.0,
OK-08803,401575,803202,0.5545874238014221,0.7249999940395355,0.4891875386238098,0.19669050956376694,0.11671563385417034,0.014750435349056082,1.115578944154977,0.8270013602926335,0.593397384108821,0.5765120485166849,0.0035154921169814,0.00574007474656893,0.006341167941841161,0.5543918958185919,5.556266359392909,1.0,
OK-08803_07518,305581,499850,0.5883435606956482,0.7250000238418579,0.4818480312824249,0.20553184192717563,0.12682941192786187,nan,1.1566709954627599,0.8193778157683734,0.6170791383886896,0.6334839148417795,0.0040151709335806696,0.006788453173932741,0.007209137449120606,0.5569558025378547,5.42191650236678,0.0,
OK-08807,614318,1228640,1.4345836639404297,1.1200000047683716,0.5845127701759338,0.9391563720324713,0.9180610817074261,0.3272679564628082,7.988024081886113,0.7569289041008083,0.9775380427016729,0.47306576871266576,0.12080825224168597,0.18134731301460583,0.2518253325511599,0.47973033934996595,4.885953875186079,1.0,
OK-08920A,267702,535404,0.39898891746997833,0.7850000262260437,0.5107017755508423,0.15995501897689846,0.11481737539366853,0.01796299835398497,0.9854433017878335,0.7871176690780177,0.7178103952477481,0.5327475485310995,0.0032797285400012572,0.005981660403914468,0.006477183349582957,0.5063510422647566,5.43401997393172,1.0,
OK-08920F,264096,528192,0.4264945834875107,0.800000011920929,0.5361169874668121,0.18292079574192185,0.12244655195472615,0.015816635815354602,0.9944683643558163,0.7920519631854477,0.6693965629117575,0.5431273272732762,0.003593664656829339,0.006778246186021752,0.007180399723849384,0.5004825351008161,5.424170851357667,1.0,
OK-09215,265036,530102,0.5478141009807587,1.190000057220459,0.6682790219783783,0.43565030018696,0.25833604392023884,nan,2.0396829970397894,0.7703488331363292,0.5929894775910255,0.4398232728709754,0.010929092782158714,0.028707916976973967,0.029685890963281412,0.36815781596978003,5.113742192829971,0.0,
OK-09250,198212,396404,0.5205618739128113,1.14000004529953,0.5010700672864914,0.29735530125047044,0.16132535722351762,0.011347328808910047,1.4250406351810487,0.7635541118531154,0.5425339872707664,0.43050094667653865,0.004737408278773125,0.014240358830802064,0.014726562014934639,0.32169139504310507,5.143302695197918,1.0,
OK-09251,246912,496072,0.4243512749671936,0.9200000166893005,0.5286537110805511,0.20638808995210883,0.12558957643416746,nan,1.1399136477581848,0.7948613997244549,0.6085117434020044,0.4831177986141708,0.0035090930149628747,0.007942297689166747,0.00802602965767557,0.43721406033019167,5.335670243957514,0.0,
OK-09267A,212210,424428,0.4738616496324539,0.9500000178813934,0.5278131663799286,0.23760490130491851,0.11527714428289271,nan,0.9989923932582219,0.8103408877201752,0.48516315804006704,0.44940086027078513,0.0028789991078699614,0.007026192393239162,0.007382608196854309,0.38997045909827477,5.327203664023513,0.0,
OK-09267B,205458,410908,0.48561541736125946,0.9500000178813934,0.49381203949451447,0.22781260696229336,0.12054005905266668,0.02193901349124659,0.9870555760487978,0.8146644652945799,0.5291193523483009,0.45890093819634975,0.003175728041446816,0.007350370910936125,0.007681718533838465,0.4134137468663463,5.318381449966289,1.0,
OK-09309,256737,514828,0.46676938235759735,0.9099999964237213,0.5190198719501495,0.22045895153955788,0.10421370367201621,nan,1.0895213924377714,0.8291151801214581,0.4727125069961911,0.5086753215809704,0.0023657066200256493,0.006021688600195743,0.0063000112599929485,0.3755083161594694,5.372252700205905,0.0,
OK-09415,275906,551876,1.0121800303459167,1.9948871731758118,1.1498300433158875,2.321719529423716,1.5320740038126583,0.2312839803687808,6.274744198269727,0.7800899408769439,0.65988763259141,0.5183766344834059,0.2307557424906882,0.5014728359850269,0.5069613476844942,0.4551742327983125,4.643165119298983,1.0,
OK-09415A,252520,505092,0.43107128143310547,0.8550000190734863,0.47443385422229767,0.17486016601890975,0.11809971412526431,0.016648200536889993,1.079292542834071,0.7760984734584784,0.6753951847014302,0.49163801881376507,0.0032551846048890476,0.006915617823249274,0.007057566880788133,0.46123326351326543,5.369156604259198,1.0,
OK-09415A_93076,22325,39312,0.4494744539260864,0.8550000190734863,0.4551072418689728,0.17489801646107342,0.1237335992102445,nan,1.0466290023491664,0.7738936248911048,0.7074614207404893,0.5037066493227916,0.003568808937742605,0.007348813449906269,0.007359482926007011,0.484926587047456,4.328998702582419,0.0,
OK-09415C,254393,508876,0.4336877465248108,0.8549999892711639,0.48249225318431854,0.17890958394428422,0.11674198815350728,nan,1.0845881478716268,0.7719436997869786,0.6525194770441304,0.5013896558745867,0.0031457976400336317,0.006933609613048256,0.007003019053936861,0.44920592330320314,5.3702403026294485,0.0,
OK-09415D,249094,498248,0.44054269790649414,0.8549999892711639,0.4797903448343277,0.18071975139836155,0.11519184021866406,0.01659198998394122,1.0699928503909497,0.7700303229208755,0.6374059245176033,0.5017770733587092,0.0030632834277394693,0.006831691301174822,0.006871765222140175,0.44577824310263986,5.366982390911406,1.0,
OK-09417,213645,427364,0.4454669654369354,0.9199999868869781,0.48076292872428894,0.1970308799087748,0.11189821203806279,nan,0.9974521344681953,0.8204561968264564,0.5679222063560372,0.4727255364808249,0.0028307948088161605,0.006418341895598954,0.0065741373153772684,0.4305956314898954,5.3308006693212535,0.0,
OK-09687,194742,389548,0.4352881610393524,1.1449999809265137,0.4224610775709152,0.21055668636622882,0.13341552306202967,0.017672592123435218,1.5024024255201065,0.742666075958993,0.6336323265933965,0.42793871232042413,0.003150945636082882,0.01172321113036331,0.012404245707572547,0.25402154313658043,5.112673349837111,1.0,
OK-09688,190920,381876,0.4363730549812317,1.125,0.5199702382087708,0.25526362651479007,0.15513247341001402,0.02088831933578673,1.3441595357795484,0.7660788416456528,0.6077343471457167,0.41768747901014946,0.004409868227390486,0.013508056305318844,0.013665929426238798,0.322690692293747,5.1524006083180085,1.0,
OK-09689,194144,388300,0.48535995185375214,1.2400000095367432,0.5465084612369537,0.32891411986736147,0.20433871782826843,0.030991191118323547,1.6924228500667995,0.7698231415105292,0.6212524956686883,0.41228778449384523,0.007005803540169981,0.021310149907911025,0.021439531890461248,0.32677035935131415,5.059615092984436,1.0,
OK-09691,264215,528554,0.6025302410125732,1.2479999661445618,0.5848658680915833,0.43979440490100424,0.2764160522506988,0.044538879714865566,2.24275266269433,0.7741127373885269,0.6285119800760514,0.41223118060433295,0.01247164991768009,0.031003502114070797,0.03161406121753553,0.3944969243863669,5.071176088760257,1.0,
OK-09691_35735,22218,38348,0.6123483777046204,1.2480000257492065,0.645642876625061,0.4934072535413841,0.31285922174635195,nan,2.3857710839483355,0.7788700130158471,0.6340790888274024,0.42936982697835446,0.015934109880499023,0.03631924084586269,0.0363601719989885,0.4382297718762797,3.969076191894849,0.0,
OK-09692,194390,389468,0.47927501797676086,1.23499995470047,0.39116255939006805,0.23153092822163152,0.15633882527510867,nan,1.6003613054905204,0.7133259327025897,0.6752394873373216,0.4306366880473144,0.0041869697357361756,0.01637635370400848,0.017599465789860682,0.23790322875302,5.084455877566867,0.0,
OK-09693,174531,348994,0.5335586071014404,1.284999966621399,0.5924032032489777,0.40616513838845425,0.20465951037657867,0.029749765315407364,1.5548063829808787,0.7662002532466349,0.5038825123904243,0.4173460185190754,0.006910811757897551,0.022545631829336013,0.022928556729603533,0.30140631350663516,5.050196262162696,1.0,
OK-09693A,181416,362820,0.5534615218639374,1.2829999923706055,0.5858193337917328,0.41598511172902985,0.21542725191808867,0.030472304459820288,1.6176830355301044,0.7665675876382056,0.5178725051545033,0.4177287196221227,0.007639237102947728,0.02420750330970988,0.024311742440786217,0.3142200573058013,5.0497821559358576,1.0,
OK-09694,339601,679220,0.4484825134277344,0.4699999988079071,0.22140789777040482,0.04666985800949442,0.030870529892808602,nan,0.4158556000290998,0.735683390186135,0.6614661198782384,0.44130981144030296,0.0005248529858108796,0.0005643299987494881,0.000921131928063829,0.569791329363746,5.912026406220182,0.0,
OK-09694A,168634,337256,0.49842455983161926,1.0799999833106995,0.39817364513874054,0.21433628240786373,0.12721907218666173,0.024517644263263916,1.1233801244887758,0.7540461058919872,0.5935489351475017,0.4507675010093246,0.00313917015479265,0.010107070589896605,0.010781386829466893,0.2911657103530412,5.176418405792725,1.0,
OK-09694B,157229,314454,0.48593881726264954,1.0729999542236328,0.421645924448967,0.21985138334465432,0.1282355977624918,0.020456592399693458,1.0195977421797813,0.7683170392854647,0.583283106122015,0.44328475418109825,0.0031657098199046503,0.010205198981656817,0.010668292161730864,0.29674007534782715,5.188103787166251,1.0,
OK-09695,240975,481960,1.2782617211341858,1.9941186904907227,0.9303544163703918,2.3714786074999656,1.3603004842612563,nan,5.25303986501595,0.7921414737522601,0.5736085832523269,0.4640820034364472,0.19160164946152322,0.389738991968284,0.44167056663417215,0.43381122478153145,4.661561292291879,0.0,
OK-09696,218622,437220,0.93429896235466,1.9952703714370728,0.9826249182224274,1.8317887744234373,1.110895525591072,0.05796511695314464,4.624504309041501,0.7851620588991265,0.6064539433269158,0.4523974140126231,0.12701965223355544,0.3191381210712349,0.3248255934193601,0.3910395449337917,4.674628674550588,1.0,
OK-09696A-1,201678,403352,0.9495107233524323,1.9948608875274658,1.0017569661140442,1.8974697472690352,1.1453722268017077,0.138401930914321,4.451841598879431,0.7870132945390912,0.6036313508819857,0.45202534196864147,0.13387409846959544,0.33362555816504424,0.34084949065355935,0.39276602177958236,4.656118822587563,1.0,
OK-09696A-2,191883,383776,0.9622691869735718,1.9950344562530518,0.9261117577552795,1.7779124786607339,1.0270492141188707,nan,4.211921411460521,0.7794156883728455,0.5776714132140669,0.44979952464684697,0.10749829201715844,0.293578785261405,0.3022050286154455,0.3557131147342671,4.658556240572051,0.0,
OK-09696A,234062,468124,0.4859554022550583,1.024999976158142,0.5272713601589203,0.26263611896268185,0.15890876840171556,0.008668115964029312,1.3000879426555894,0.7920953901679818,0.6050529874921545,0.4475792775193528,0.00503837967793909,0.012165648854794726,0.012567436863051633,0.40090749870818665,5.255358181095047,1.0,
OK-09696A_157947,19666,35250,0.5068846344947815,1.024999976158142,0.494155615568161,0.2567418798234254,0.1581763630220979,nan,1.474366821829036,0.7849828974266905,0.6160910059974786,0.4447214178635923,0.005025424661902652,0.012002544971537665,0.012081746386980912,0.4159518418064102,4.12511048557948,0.0,
OK-09696B,192925,385856,0.48152831196784973,1.0400000214576721,0.5244848430156708,0.26265647857368835,0.1576352350353364,nan,1.1683898063688785,0.7846283449682735,0.6001574219350991,0.4462630996077531,0.004854898006032156,0.012532470204557387,0.012787348391948748,0.37966416939800657,5.217800749611457,0.0,
OK-09696B_07177,21103,37746,0.5554548501968384,1.0399999618530273,0.5354319214820862,0.30930457670171035,0.171605094095347,nan,1.5050976865202665,0.7882693591448497,0.5548094241775184,0.4546088608220801,0.005792659286452647,0.013807114763961058,0.013843754458368763,0.41843123582352293,4.146779510743453,0.0,
OK-10059B,269511,539014,0.4937456101179123,0.9629999995231628,0.48986001312732697,0.23291718038959472,0.1637306139219949,nan,1.368108778107123,0.7772358894948714,0.7029563626355377,0.46713901082964987,0.005474104858945537,0.011995494713352,0.012943695071648758,0.4229167041284641,5.294455866025615,0.0,
OK-10117,293509,587210,1.0320709347724915,1.9930093884468079,0.9670829474925995,1.9892190864229733,1.2353552623286885,0.16526550436751405,6.211784888726903,0.7989184102635427,0.6210252408899376,0.38879853114347157,0.16076623550940677,0.340084722337098,0.3562158989555814,0.45131684458995364,4.674405014859691,1.0,
OK-10141,301600,603224,0.30336567759513855,0.5449999868869781,0.32871483266353607,0.05434783357322668,0.042135922871390175,0.0072270805488635625,0.5183896127473128,0.8117160423538606,0.7753008740379221,0.48186690308631025,0.0006094158232689802,0.0011236562058029266,0.001140179411871069,0.5344911659726519,5.764775046441141,1.0,
OK-10161,187010,374088,0.4640500396490097,1.2100000381469727,0.4779236912727356,0.26835442300027496,0.16566880561289501,nan,1.599114845150301,0.7390430568219961,0.617350754873622,0.41452635188549447,0.00455262101751408,0.01728151049186003,0.018217763960310836,0.24990009901502766,5.067985175213631,0.0,
OK-10263,359800,719608,1.367340326309204,1.9948899745941162,1.126065731048584,3.071562185077401,2.1014676275003237,0.559257097015012,8.154621080456621,0.8131205097784101,0.6841689996412585,0.483497913527152,0.45007320679335244,0.6766589759833475,0.8077643565448271,0.5571837914692334,4.644657373460347,1.0,
OK-10263A,341814,683624,1.3641597628593445,1.9952086806297302,1.0309099555015564,2.8059136044208826,1.9343167506976113,0.4243430295424672,7.612196755724011,0.8008118838145883,0.6893714573570552,0.49435519103779696,0.3943108022712457,0.598179990888425,0.7509028774528762,0.5251155830015994,4.652279841403414,1.0,
OK-10263B,355203,710416,1.4062941074371338,1.9947402477264404,1.1243293285369873,3.1539590264180637,2.0871264388254307,nan,8.219876839126925,0.8055015734937806,0.6617481144629105,0.48689502934948875,0.44381272034345154,0.676212725953311,0.8237364838003272,0.5387799728086722,4.635611314694104,0.0,
OK-10330A,267083,534168,0.516019195318222,0.7800000011920929,0.4295032024383545,0.17287287985310032,0.12541440512541976,nan,0.9534805257761558,0.8107415306804854,0.7254718335923561,0.5453463193890338,0.0037410262820225873,0.006922207401717636,0.007331036157091615,0.5102997996270606,5.447334418497335,0.0,
OK-10330A_34632,20918,37980,0.4544687569141388,0.7799999713897705,0.5283415913581848,0.18728949520572388,0.12879733127765422,nan,0.9694873817062161,0.8094006999805652,0.6876911656800597,0.5630686955548696,0.0038992697552043595,0.0072368812131091646,0.0075726185454947584,0.5149169645583409,4.3339779977387956,0.0,
OK-10330B,239441,478884,0.5159397721290588,0.7800000011920929,0.40462779998779297,0.16283558868863732,0.11884968779913489,nan,0.8532247875098611,0.810317329085443,0.7298753838535312,0.547363260782116,0.0034160397744179647,0.006328050019224765,0.0067838518267630925,0.5035545972483194,5.448135053728642,0.0,
OK-10330B_34633,272059,403080,0.4260087311267853,0.7799999713897705,0.519751250743866,0.17270647891330795,0.12594543824675433,nan,0.9986635320680558,0.8050223473638075,0.7292455907804948,0.5472843839566772,0.0037833176692530983,0.00690554533172366,0.007366899649412902,0.5135562922395185,5.435243906252009,0.0,
OK-10330C,274796,549596,0.4674726575613022,0.7800000011920929,0.4890322685241699,0.17831518734869975,0.1259636467835929,0.01847768132589567,0.9684964409122412,0.8126918081492798,0.7064100857391797,0.5607329867956083,0.0037240515751278806,0.007089710094846148,0.007300514660100668,0.5101080880613599,5.452912377646202,1.0,
OK-10330C_34634,20919,38360,0.49217143654823303,0.7799999713897705,0.4641959071159363,0.17820188729074068,0.12460440320929811,nan,1.2163380067653584,0.8042274097766261,0.6992316697858705,0.5484751448707389,0.0037101908625372755,0.006868350447017104,0.007168870930119181,0.5175418693827138,4.2354866426236555,0.0,
OK-10330D,209985,419974,1.3144570589065552,0.7800000011920929,0.5851028561592102,0.5998922128994211,0.4724676271385743,0.03547078076916345,1.95339502033308,0.795446024216855,0.7875875315250825,0.5415643996322701,0.03282196869668935,0.06741410146628297,0.08137925455818214,0.4033210782635428,5.031398196326956,1.0,
OK-10330D_34646,21922,39158,0.4824999272823334,0.7799999713897705,1.2775065898895264,0.4807895150097756,0.3982551565095156,nan,1.7718199942979265,0.7816757522543754,0.8283357770425133,0.5662569655872581,0.025724003455199686,0.051079591995460125,0.06425121292274152,0.40036603645337177,4.0924605751933445,0.0,
OK-10330E,272180,544360,0.5206471085548401,0.7800000011920929,0.42592112720012665,0.17296859087670016,0.12270175551184186,0.019396135431396597,0.9626508116457151,0.8126318623949976,0.7093874956714495,0.5460128058111214,0.003582267275531165,0.00670995590613749,0.007168452583370121,0.4997267170102457,5.451387428406772,1.0,
OK-10330E_34636,21405,39092,0.4256269037723541,0.7799999713897705,0.512675404548645,0.1702025809180638,0.12796435145689025,nan,1.0086169630643853,0.8110243008030669,0.7518355524731601,0.561070537078061,0.003914475178725906,0.0069999796084517975,0.007600699854514099,0.5150150977743289,4.3267889642590625,0.0,
OK-10330F,271110,542220,0.5239658951759338,0.7800000011920929,0.42902880907058716,0.17534124218870756,0.12469293640233083,0.018479244134549534,0.9649094732351978,0.8128225229901133,0.7111443653862821,0.5465208382080405,0.003707055988305056,0.006827107164652833,0.007294561974881677,0.5081944606228652,5.44865896678465,1.0,
OK-10330F_34637,20448,37154,0.45633023977279663,0.7799999713897705,0.5298020839691162,0.18857646845066434,0.13029511902559102,nan,1.2088885335716597,0.8089460326368577,0.6909404980170102,0.5622351219816383,0.004028599576030231,0.007250701551874183,0.007714370305009526,0.5222201445805831,4.22826457820354,0.0,
OK-10343,284565,569192,0.45457984507083893,0.9569999873638153,0.4806939363479614,0.20911768002057102,0.1143236042055788,nan,1.3964799095334928,0.782071608119038,0.5466950675539856,0.4671512053722685,0.002552515598236948,0.008386659052970973,0.008486438652119215,0.3007758263355311,5.309146790991461,0.0,
OK-10403,256745,513510,0.4384809285402298,0.9799999892711639,0.44689443707466125,0.19203559187103583,0.13792240509565698,nan,1.4285639621182806,0.7633243980793627,0.7182127216723485,0.4464936690938915,0.003807061322799629,0.010071503564028677,0.01061972854721391,0.3584895137266398,5.254602304518571,0.0,
OK-10403_94796,21394,37752,0.47251108288764954,0.9800000190734863,0.46891337633132935,0.21713543611225467,0.1660486346481218,nan,1.6760259279806604,0.7685564462053428,0.7647237946102818,0.48630379743713265,0.005500359520216981,0.01261643413004912,0.013145865971721413,0.4184098280059313,4.106011258622688,0.0,
OK-10648,259309,518618,0.42269501090049744,0.8199999928474426,0.48951904475688934,0.16967215004681427,0.10808248176406847,0.015346717428919803,1.0010226227048795,0.7846448037310851,0.6370077925826213,0.4976869513591474,0.002794863092849786,0.005956757483371054,0.006055088507317137,0.4615726243262003,5.413373697892537,1.0,
OK-10700,632018,1264124,0.9433848261833191,0.9469999969005585,0.6611244380474091,0.5906389386969304,0.37002718976277427,0.06046223118647526,3.4485975227303998,0.8327392420063295,0.6264862770123647,0.4627043219916406,0.026999326713470464,0.03337234021625368,0.03996773791519592,0.6755280163905697,5.263086935360628,1.0,
OK-10859B,351298,702608,0.561720073223114,0.8499999940395355,0.6037127077579498,0.2882499124250939,0.1501647969033788,nan,1.3079513422882936,0.8476446660585418,0.5209534866464232,0.4925770404558861,0.0051767299439226065,0.008765915608808003,0.00948573595073471,0.5457383560757505,5.429084089389876,0.0,
OK-10859B_OK-10859B20241023,20168,37208,0.6205872297286987,0.8500000238418579,0.5972641110420227,0.3150563169118428,0.16041051776833481,nan,1.8310856581386656,0.839654525181412,0.5091487113817176,0.5204376886776959,0.005994218076944783,0.009318468391702337,0.010726396561686162,0.5588286842158768,4.0419541716071015,0.0,
OK-10860,297363,594736,1.2375295758247375,1.9931451082229614,1.1660592555999756,2.8761737981541105,1.5981462777124964,nan,6.164680977729068,0.8362049798419825,0.5556501066584242,0.4797708518706781,0.25715171595615793,0.47307343267571894,0.5115672425005622,0.5026743203868753,4.683376322795915,0.0,
OK-10862,183783,367548,0.817913830280304,1.9945024847984314,0.9515016973018646,1.5522143741145142,0.7895840873511234,nan,4.101451163533156,0.7615701527286769,0.5086823705015323,0.4234913073613848,0.06527214775923057,0.21209716216790586,0.2148457199867918,0.30380939291340475,4.651367791775336,0.0,
OK-10862A,178705,357408,0.4740796685218811,1.1500000357627869,0.5370968282222748,0.2928206983370951,0.1446888980229249,nan,1.3061554677960112,0.7645349404464687,0.4941211425442305,0.41473181490419864,0.0038256652183565843,0.012654247428514995,0.012787443241087082,0.2991735835092049,5.136141831037358,0.0,
OK-10862A_07185,20063,36688,0.4937039315700531,1.149999976158142,0.4947751462459564,0.2809132943625845,0.14840809854273074,nan,1.3388279376502785,0.7607778287263806,0.528305713972993,0.40465358179675354,0.0041134371438146635,0.012466867606916843,0.012596988838541951,0.32654130257138314,4.175671106843015,0.0,
OK-10862B,192950,385904,0.4869239032268524,1.149999976158142,0.5163841843605042,0.2891557670106539,0.1653323460347262,0.025307580924472703,1.4104611432151537,0.7734049408099605,0.571776062929551,0.4217232760333489,0.005053687221666145,0.014446199107380368,0.014852840431652015,0.340250556445522,5.136083656627083,1.0,
OK-10862B_07186,19704,35780,0.5265955328941345,1.149999976158142,0.46553683280944824,0.28192205319358754,0.15575669436354064,nan,1.4054551271592164,0.7643814573871425,0.552481413210293,0.4195347893884036,0.0045524349806225625,0.01323807953388497,0.013526379485313085,0.3365597561095774,4.146737414656523,0.0,
OK-10862D,191441,382878,0.48437830805778503,1.1500000357627869,0.5316168963909149,0.2961292559391262,0.16112159924350297,0.025516231553054592,1.3863302210455424,0.7731142818799965,0.5440921354849989,0.4192698519358144,0.00472375534046065,0.014394118040491658,0.014647228269294685,0.3225016538018435,5.140168263503903,1.0,
OK-10862D_08303,20802,37082,0.5223711729049683,1.149999976158142,0.5131301283836365,0.3082510386784565,0.18058938694533022,nan,2.305999087814259,0.7741949217992565,0.5858516737512344,0.45279859645978915,0.006027245286247614,0.015951281506007234,0.016181284038925044,0.3724825095306847,3.9552459608755113,0.0,
OK-10862E,179091,358166,0.4842657595872879,1.1500000357627869,0.5211909413337708,0.2902541751856099,0.15980861619998435,0.029055683164415095,1.3272771388415157,0.7705996821974558,0.5505816276296144,0.41593859781726295,0.004674373228563813,0.01416647983533136,0.01439283400380372,0.32477087051295633,5.130112147332195,1.0,
OK-10862E_08304,381850,499870,0.5434070825576782,1.149999976158142,0.4698805809020996,0.29363689487359956,0.16371461645194793,nan,1.6826953572884138,0.773886058163652,0.5575410287675919,0.43545172825451495,0.0049898211682025346,0.013977981911150326,0.014292865863903917,0.34911271229404983,5.35588729846629,0.0,
OK-10862G,282040,564108,1.0438267588615417,1.9946643114089966,1.0518879890441895,2.1901191341039383,1.2044247648753552,0.07656324857704665,6.073375113053193,0.7918615511540198,0.5499357300342164,0.42481261691907346,0.14624166987270099,0.34888887392003987,0.3614779929545491,0.40456590089313926,4.666880600496133,1.0,
OK-10888,258209,516420,0.430788055062294,0.800000011920929,0.5096696317195892,0.1756476741155923,0.11706291275849588,nan,0.9789898926864864,0.7899161723525722,0.666464348861561,0.5333846667650631,0.003288776232904449,0.00645640468495228,0.006617743809007142,0.49696336513181866,5.421193167667513,0.0,
OK-10888A,256070,512140,0.4284770339727402,0.800000011920929,0.5364561378955841,0.18388731059771135,0.11647434455205569,0.014776897394746262,0.9623529260434665,0.793747146492352,0.6334006635556576,0.5363505448826245,0.0032452394051815147,0.006377315779728654,0.006668290571569341,0.4866673655490942,5.425024330348777,1.0,
OK-10888B,263811,527620,0.43374861776828766,0.800000011920929,0.5411831140518188,0.1877899449418994,0.122058821654163,nan,0.9957515713585141,0.7892174948310057,0.6499752779198426,0.5376085797260381,0.0035672793907239307,0.006779401734929703,0.0070905903174947596,0.5031004797897164,5.423141899729517,0.0,
OK-10888C,239270,478544,0.41434723138809204,0.7999999821186066,0.5224964022636414,0.17319594627931173,0.11078393640562219,nan,0.8665080470563216,0.7921096991499951,0.6396450886151909,0.5461020477081654,0.002871833099487119,0.006163086909327858,0.0063384649813991644,0.45308021861993236,5.441115649331097,0.0,
OK-10888D,254604,509208,0.4151398837566376,0.800000011920929,0.5110188722610474,0.1697154547112767,0.10882565544350044,0.016298609295691328,0.9431584828281518,0.7822609031664265,0.6412241927444782,0.539787352042235,0.002824059194596932,0.0060086542454088395,0.006068865212095187,0.46533562633235137,5.431280547258799,1.0,
OK-10888E,259162,518324,0.42051175236701965,0.800000011920929,0.5203863084316254,0.17506284938174943,0.11592153120042507,0.01506255552162262,0.9784795929908391,0.7882892240886368,0.6621709380934483,0.5391149077988008,0.0031849706876849134,0.006465614815453583,0.006632715046858086,0.4801910929663159,5.423019550300924,1.0,
OK-10888F,270328,540656,0.43232405185699463,0.7950000166893005,0.554554671049118,0.19059912528073622,0.12537363846694624,0.01660838437321874,0.9939578992104363,0.7955422763871511,0.6577870611015743,0.5426488266917103,0.003730844930540562,0.007019889229356883,0.0074797862466235935,0.4987903139912161,5.4345230418282995,1.0,
OK-10888G,248528,497044,0.40355953574180603,0.800000011920929,0.5081011652946472,0.1640392587453182,0.10864070905447469,0.016526844206353756,0.9310104925806775,0.7805802699551365,0.6622848084381227,0.5396195508208969,0.002851232371930969,0.00587172892608253,0.006068759313866135,0.469821296985096,5.42642074935134,1.0,
OK-10888H,266964,533932,0.42262592911720276,0.7999999821186066,0.5409565269947052,0.18289779977843748,0.12282026042579948,nan,0.9908288205816411,0.7948167736041918,0.6715239908549148,0.5520897874987928,0.0035570163129794927,0.006888701396863778,0.007289606409368293,0.48795725217868635,5.430454070285444,0.0,
OK-10888I,256745,513492,0.4232731759548187,0.8050000071525574,0.5361158549785614,0.18267338741937258,0.11821380345567907,nan,0.9819800808686838,0.7851877581356361,0.6471320487657549,0.5411210542372313,0.0033102833007763602,0.006607101191056249,0.006925786285365076,0.477964979625684,5.417399316290076,0.0,
OK-10888J,209132,418264,0.43038712441921234,0.8050000071525574,0.407865434885025,0.14130972675003686,0.09459505493457483,0.021669068115215327,0.8154066411847303,0.7862995007597373,0.6694164450682455,0.5351215904761271,0.00216121147876681,0.00484852580256631,0.005111108693371977,0.42284592412785954,5.40904624648289,1.0,
OK-10888K,249409,498820,0.4115024358034134,0.800000011920929,0.5426383912563324,0.17863761847184906,0.1123817586569442,nan,0.9270561297464524,0.7858772502789635,0.6291046623791287,0.5499202123826523,0.0030199777636473303,0.006112354044044173,0.0064867282207154,0.4655625549414905,5.429806091243643,0.0,
OK-10888L,260923,521848,0.42167583107948303,0.800000011920929,0.5216056406497955,0.17595879623538932,0.11097600196256287,nan,0.9707637155140303,0.7887560003312152,0.6306931187123174,0.5409613130634081,0.002946489677150942,0.006065196310823189,0.006245726656496391,0.4717609077698267,5.429398828016584,0.0,
OK-10900A,343768,687552,1.071285605430603,1.994582176208496,1.351236641407013,2.8872780999626086,1.985142220288922,0.34209206075931675,7.76951764211459,0.8196728638175245,0.6875479782548936,0.48974171641666875,0.39574825947181047,0.6371921551218358,0.7003580789319119,0.5650656019779915,4.645871390311049,1.0,
OK-11049,363312,727410,0.5807086825370789,1.0099999904632568,0.5846764445304871,0.3429219514539214,0.17185395326174138,nan,1.8722953824808675,0.7985792575418493,0.5011459678597843,0.4185678112276662,0.005979740560011109,0.013304703823581784,0.014778843224804973,0.40461492615163863,5.287905376382915,0.0,
OK-11119,681227,1362464,1.9926217198371887,1.0665488839149475,1.2893500328063965,2.7401633992652834,1.8592747373487066,nan,13.483116974693614,0.8744285346082002,0.6785269585920429,0.5451871391385176,0.32713614393333185,0.580915096691559,0.6186382728236423,0.5288003641290876,4.703501550297918,0.0,
OK-11122,247990,496056,1.15340256690979,1.9948424696922302,0.9650330543518066,2.220402503562087,1.3721242997218057,0.18127737438890143,5.6170991406057595,0.8202686662697358,0.6179619674903858,0.449539202064969,0.18313196216546487,0.4103094559595612,0.4391875087906525,0.4169789861959812,4.6449220794498025,1.0,
OK-11123A,251954,504218,0.6270962655544281,0.9099999964237213,0.5809052884578705,0.3314980173970216,0.1626166979808029,nan,1.2181241926150823,0.792328185400198,0.4905510423793682,0.4340110370813176,0.0062454294798880445,0.01009554104074492,0.012212885410737126,0.5113803388671189,5.315629688961243,0.0,
OK-11123B,236439,473216,0.39841194450855255,0.9129999876022339,0.453984335064888,0.16513684745846852,0.10738745781801155,nan,1.0946394062317384,0.7808314696315002,0.6502937380164001,0.4667232408688971,0.0025829359241297703,0.006442169515233136,0.006486454390899753,0.3982045919807176,5.334448035489605,0.0,
OK-11124,214929,429960,0.3952219486236572,0.9130000174045563,0.4880214184522629,0.176096499818261,0.11846598529621256,nan,1.0244239643685522,0.7922594227190084,0.6727333332489541,0.49560656858697155,0.0031414107382845163,0.007196255268949605,0.0074488351805815246,0.4217318093537504,5.32181528867798,0.0,
OK-11131A,197958,395916,0.4351118952035904,0.8599999845027924,0.5424918234348297,0.20299839140934217,0.12687591142203267,nan,0.8328285842462948,0.7775696647358413,0.6250094423959742,0.5142337470429468,0.0036295066335708896,0.007954344624858568,0.00796581107196103,0.4556355405347787,5.376017434854366,0.0,
OK-11131B,178668,357400,0.550527960062027,0.8599999845027924,0.3181438148021698,0.15062647350338482,0.09065695764454586,nan,0.7446223243285333,0.7639932422360219,0.6018660301604196,0.523106588014932,0.0020062833385530304,0.004881679995392963,0.005676207436128575,0.35345490120449236,5.380110723416973,0.0,
OK-11131C,198119,396236,0.4102916717529297,0.8599999845027924,0.5628855526447296,0.19861463520511538,0.12758004237739085,nan,0.8483667718508533,0.7789487268829994,0.6423496548763139,0.5165189634019656,0.003738168562415774,0.007756407010884755,0.008122016784035666,0.4602512727828117,5.368342477147179,0.0,
OK-11435,291629,583274,1.341827630996704,1.9947495460510254,1.3485217690467834,3.609466930205543,2.2892246009215254,0.30940850340466447,6.472910680044982,0.8105109093105183,0.634227891593722,0.45136848383743444,0.5101341503828108,0.812051607957265,0.8576672446541144,0.5947926233192466,4.653731094438308,1.0,
OK-11527A,180884,361764,0.5111184418201447,1.3199999928474426,0.6628115475177765,0.44718326868863467,0.1950476003911532,nan,1.7316538223097817,0.7510676284648543,0.4361692711874719,0.38392389327489485,0.006016036515770934,0.02253982040817972,0.0226232399844843,0.2659228527786875,5.018939077413893,0.0,
OK-11527A_94807,23221,39826,0.4854821562767029,1.3200000524520874,0.6189502477645874,0.3966458929661229,0.20560778458596032,nan,1.9029396129507943,0.7496359012556618,0.5183660999195598,0.42193712721235793,0.006720490620631939,0.023645367717223358,0.023842141873794402,0.28187444971202974,4.086455911670381,0.0,
OK-11527B,180010,360040,0.5056982934474945,1.324999988079071,0.6207485795021057,0.4159327301991602,0.19307162867799177,0.032999131353440375,1.7251618105981212,0.7452867303878142,0.4641895543674663,0.3873373503453326,0.005964580011505097,0.022114837288480224,0.022436061252156858,0.26584791084628107,5.018466796173804,1.0,
OK-11527B_94809,21479,37404,0.5101881623268127,1.3250000476837158,0.5465744733810425,0.3694839829443328,0.1907867148543647,nan,1.8990270308806652,0.7382469807459162,0.5163599064133424,0.4291791942292224,0.005890486025721031,0.02116707012018068,0.021630085583208593,0.2723283735083234,4.0534829114471895,0.0,
OK-11528A,191309,382694,0.4948635846376419,1.274999976158142,0.6374561786651611,0.40220365074915393,0.19990905990719185,nan,1.6765867725134926,0.7379426842016188,0.49703442406561094,0.39833883586798496,0.0064032710330331,0.02324325360184628,0.023250123795820477,0.2754080403728506,5.057309366136746,0.0,
OK-11528A_94811,23352,39010,0.5525631308555603,1.274999976158142,0.5399026274681091,0.3803711077806768,0.2116723933227884,nan,1.8110038241823136,0.749451301686883,0.5564891470275376,0.45197873726667354,0.007379370599372572,0.023363658315011204,0.023812409474757937,0.3098960064161078,4.110404714592723,0.0,
OK-11528B,181470,362992,0.4784388095140457,1.2300000190734863,0.5155756175518036,0.3034058078563065,0.1594496470708742,nan,1.5045797078346452,0.7351363041982069,0.5255326132266717,0.4127386219082109,0.004321976526255941,0.016117691255346022,0.016492828282793887,0.2620518720106263,5.081389639004823,0.0,
OK-11528B_94813,22872,37835,0.5306506752967834,1.2300000190734863,0.558093786239624,0.36426800444147134,0.187599593326508,nan,1.8224382307874318,0.7460310181059123,0.515004312866162,0.4370507018658738,0.0060167443685214435,0.01916163929712269,0.019617830542439013,0.30669774394806265,4.098651324966385,0.0,
OK-11529A,179573,359162,0.5646034479141235,1.3600000143051147,0.5573793351650238,0.4279896849269411,0.21638679724650792,0.03369554500427674,1.788224845844911,0.7361574891487329,0.5055888140936052,0.39884160164037014,0.0071824849405309555,0.02751825975245247,0.027942387947423195,0.2570462107263568,5.0018189134294895,1.0,
OK-11529A_94815,24269,40874,0.5716311931610107,1.3600000143051147,0.5767440795898438,0.4483714773718886,0.2287928747661191,nan,1.907656769847225,0.7353616308708982,0.5102752657398711,0.4267479010654861,0.008085706759767775,0.029030825948615394,0.02932307123165673,0.2757455621169235,4.104551643572205,0.0,
OK-11529B,150511,301078,0.5089409649372101,1.3650000095367432,0.482935830950737,0.3354976573003076,0.17547757435607095,0.02577013029617202,1.5306543013831568,0.7344744897155921,0.5230366607269602,0.3876551557298463,0.004884942462820898,0.020427837909763616,0.020523982062788777,0.23801143695587196,4.992691124956834,1.0,
OK-11529B_94817,24810,41606,0.5109871625900269,1.3650000095367432,0.4686603248119354,0.3268893963798974,0.17440817072154016,nan,1.5981272395500343,0.7326423852144701,0.5335387830042984,0.45898796418221305,0.004895607195042229,0.019751204425661528,0.020018854929409472,0.2445498112806716,4.1910154102988795,0.0,
OK-11531C,314438,628896,0.6845194399356842,0.9000000059604645,0.32763729989528656,0.20184669226050303,0.15617849573339468,0.023026113494962936,1.3860159365140388,0.7557095749184649,0.7737481054771557,0.5134085937533387,0.006496588449651328,0.009825727272969279,0.014080357127747758,0.46139372678613993,5.35576680140413,1.0,
OK-11531D,427263,854552,0.7313267588615417,0.8900000154972076,0.5836839973926544,0.3799087227663373,0.2864774928952764,nan,1.9016795997722968,0.8390252706746943,0.7540692690846014,0.5084439798056786,0.017130574066213954,0.022145329845471524,0.026787045454537535,0.6395096501138073,5.351557937903498,0.0,
OK-11579,186671,373286,0.4675232321023941,1.0299999713897705,0.47331324219703674,0.2279234785614737,0.13472451559772916,0.014181654448076375,1.1189592368237231,0.7768413556652528,0.5910953818712991,0.41253636160212487,0.0037441582301653443,0.00977971999880035,0.009856249243797128,0.37987657754512144,5.222262588339713,1.0,
OK-11579_07191,21830,39308,0.5045240521430969,1.0299999713897705,0.4736514687538147,0.24613760823183486,0.14273090538218963,nan,1.1663781814405685,0.7742964213813138,0.5798825559715062,0.4188744934079725,0.004174910039495885,0.010554392593429858,0.010609643909190853,0.3935014290045372,4.272214348679505,0.0,
OK-11796,234814,469684,0.48853883147239685,1.0449999570846558,0.48150230944156647,0.2458180314130193,0.14297696529929405,0.021010094607626022,1.3877624695868764,0.7831890081632901,0.581637418855847,0.43669724009399763,0.004108486478186817,0.010611190247249673,0.01080348159243228,0.38029281977624385,5.228408848377898,1.0,
OK-11796_94818,21717,37870,0.5304826498031616,1.0449999570846558,0.49918973445892334,0.2767279989148937,0.1593428110018565,nan,1.4400605211590674,0.784347835303086,0.5758102238540075,0.4379311290292927,0.005091534581097717,0.01215570241382356,0.01223756519272473,0.4160578105949253,4.178419086854877,0.0,
OK-11796B,235686,471382,0.9556447863578796,1.9947022795677185,0.9722684025764465,1.8533641186520107,1.096552049276996,nan,5.105198018457678,0.7927231476983746,0.5916549469375401,0.4321177695843179,0.1251140214521581,0.30586107885020436,0.3130920429000235,0.39960779677850033,4.664321193737652,0.0,
OK-11813A,321642,643280,1.994671642780304,1.176107406616211,0.8917236626148224,2.0919374256526484,1.2748397199912127,0.4500946868792579,6.839472224956284,0.7834921739635424,0.6094062395740564,0.5000421585261662,0.17541455025014302,0.3685566087736992,0.45608292194290395,0.3846110911210633,4.67235016371197,1.0,
OK-11813B,275482,551008,1.0802780389785767,1.9919341206550598,1.1510958671569824,2.476977222207309,1.3374786857011,nan,5.642289988843751,0.8113022169706567,0.5399640633389565,0.4770639186129637,0.18375789824351482,0.38767124805477565,0.40245475701033473,0.45659268537058456,4.688637824088041,0.0,
OK-11813C,284070,568184,1.100914180278778,1.9950289726257324,1.2420462369918823,2.727975314930119,1.3561289896992668,0.38281326059032783,5.660035182332219,0.8172466536406997,0.49711923061664726,0.4789483670188692,0.18791693020601666,0.3946883756852346,0.4086493982164257,0.4598487873130149,4.700606240534762,1.0,
OK-11813D,283525,567078,1.1081462502479553,1.9950627088546753,1.2197391390800476,2.696625220121052,1.3052559896483527,0.29648117518340816,5.769440063096147,0.8116885863890664,0.48403314628562266,0.48074655208052164,0.17456505472274977,0.37354943658695683,0.39746515134708943,0.43919587448387276,4.691457693151745,1.0,
OK-11813E,281501,563034,1.0825881361961365,1.9924060702323914,1.2365750074386597,2.667236860480753,1.3466831383638207,0.30528102555564357,5.70488218457656,0.8170798342020205,0.5048982181961483,0.4831459523358064,0.1858230057470104,0.38833936562184596,0.4059966944091509,0.4576958588725447,4.693233262036923,1.0,
OK-11813F,277526,555092,1.0720606446266174,1.994656503200531,1.262055516242981,2.6987703491576083,1.3191357102569987,nan,5.619616618148713,0.8185403876463258,0.4887913900005432,0.49077089989341877,0.17608149489253738,0.3832360479597989,0.3993386430298682,0.4409327721368741,4.693596988093531,0.0,
OK-11813G,281826,563718,1.0845016241073608,1.9946458339691162,1.253989338874817,2.7126255325487,1.3373383248844817,nan,5.6522459146308,0.8170993686382065,0.49300513795133366,0.48290946854991057,0.18249743535727567,0.38653131646191086,0.4026567364867275,0.4532332848808335,4.6977600080589035,0.0,
OK-11813H,204066,408112,0.48472413420677185,0.9919999837875366,0.5580419898033142,0.2683324446101549,0.1547478169664151,0.029500281048051007,1.0274169853867339,0.8109052666421985,0.5767018490486289,0.44991278991935024,0.004853724168240138,0.011210184378079396,0.01131196937741483,0.4290786163133496,5.298023910481356,1.0,
OK-11813H_94826,349129,499966,0.5150696635246277,0.9919999837875366,0.5208905339241028,0.26614854839539825,0.15685551418632035,nan,1.0587030601820637,0.8036774091064174,0.5893532582912724,0.4822622711862816,0.005007989006019615,0.011227922879633376,0.011533213625535627,0.4342232068719731,5.5182117560755755,0.0,
OK-11813I,214272,428556,0.4613429754972458,0.9199999868869781,0.5009902566671371,0.21263806581867933,0.12654433702759305,0.02031962662740826,0.9450072096390759,0.8116933932361269,0.5951161027560319,0.45824689417176706,0.0035235941122278612,0.00782052751310543,0.00798169968477622,0.44145911915835895,5.355530301468309,1.0,
OK-11813I_94827,19251,35256,0.4732285737991333,0.9200000166893005,0.4440467357635498,0.1933247586953179,0.1234403210646049,nan,0.8518814161827747,0.8032571451577236,0.6385127383458851,0.4568634024839185,0.003372707038666625,0.007463909015384931,0.007781418709118143,0.43343086456902014,4.354074149809618,0.0,
OK-11813J,202900,405800,0.46399886906147003,0.9300000071525574,0.5178228318691254,0.22345036549471747,0.12750235899787807,nan,0.8911012401465674,0.8085328817020525,0.5706070729201485,0.449637295439565,0.0034814741227478067,0.00821102784566246,0.008355234033171397,0.41668181991382747,5.357354998956909,0.0,
OK-11813J_07452,293339,499939,0.4927108585834503,0.9300000071525574,0.44130218029022217,0.20221397137056774,0.12269618410833215,nan,1.186868871342627,0.7969344882551999,0.6067641284957751,0.5117834595350526,0.0033293651406881824,0.007454294687617818,0.008027531804477033,0.4147433136087188,5.39296706761703,0.0,
OK-11813K,260640,521284,0.48613935708999634,0.9249999821186066,0.5342245101928711,0.24022948828843146,0.13663122210123466,nan,1.1381113567393064,0.8129933377194279,0.5687529165328298,0.4689392388183406,0.004054884053751061,0.008747608414590774,0.008933572333790673,0.4538927880410973,5.359856309956882,0.0,
OK-11813K_94828,20162,37164,0.48504018783569336,0.925000011920929,0.50938481092453,0.22854169948895095,0.14293875693109823,nan,0.9361528422501808,0.8102048784682215,0.6254384090550125,0.4602540663037067,0.0043379918193893925,0.009460893051830364,0.00979698903028165,0.4427882695367968,4.333186850208082,0.0,
OK-12172,196835,393676,0.9478952884674072,1.9926388263702393,1.021971583366394,1.9303131664408162,1.345406757766938,nan,4.53733710503445,0.7757576971666916,0.6969888519424283,0.5098289524297724,0.17955358921474251,0.4184214029717954,0.4241672233825431,0.42330849560435924,4.637301277844276,0.0,
OK-12553A,344682,689372,0.5853280127048492,0.9650000035762787,0.6377236843109131,0.3602128243397277,0.22338946352192987,0.04623555658852516,1.8019899674365871,0.818481713393166,0.620159662364615,0.4670132984912803,0.00981488016269988,0.017993453922195476,0.0186652261883946,0.5258377296709341,5.281666235533735,1.0,
OK-12553B,411791,823600,0.5634978115558624,0.9679999947547913,0.6579699516296387,0.35890015777807,0.23343062313279825,nan,2.1852616577821014,0.8224381849278208,0.6504054625608238,0.45266907382741156,0.01080787585042183,0.018915293531552538,0.0193035991418902,0.5598891569897948,5.275173404797001,0.0,
OK-12556,626185,1252420,1.9921151399612427,1.4679927229881287,1.026930034160614,3.0031650042582982,2.088690488219084,nan,13.261436157428975,0.8121819895522425,0.6954964130367305,0.5930405544172005,0.4245397320889097,0.7116033454127894,0.8713043312064704,0.48724620879717373,4.674112101192071,0.0,
OK-13678a,226236,452480,0.4191202223300934,0.8100000023841858,0.5017419159412384,0.17033504902428215,0.11326652801032189,0.013549728092559646,0.8565846643375998,0.7827884245042672,0.6649631338889929,0.525875730941152,0.0030734353009582295,0.006275980974340912,0.006411611064755572,0.4793546068090138,5.421791418734186,1.0,
OK-13678b,235371,470744,0.41678406298160553,0.8100000023841858,0.5004184544086456,0.16893881415898376,0.1153760507849723,nan,0.898809415466294,0.7878876455683512,0.6829457834147872,0.5238249585701288,0.0032600452574140697,0.006191459725611582,0.006604564690941766,0.4936048642063054,5.418085339275758,0.0,
OK-13680,342604,685266,1.1515008807182312,1.9936378598213196,1.4439420104026794,3.3148226597344075,1.8923010073075748,nan,7.355182412952294,0.8049648003702421,0.570860405382649,0.43941977346354805,0.3455476825400674,0.651307990232551,0.663042680863735,0.5211545086206638,4.66819898121003,0.0,
OK-14609D,223278,446536,0.42158468067646027,0.9300000071525574,0.4538397192955017,0.17793864338637647,0.11230309411861474,0.020024913433430217,1.0641382871730551,0.7833529336587595,0.6311338109662862,0.4693466096632372,0.002754509235754107,0.007050467092930521,0.007145767994790763,0.3854742048387428,5.3218478641549245,1.0,
OK-14609E,238459,476914,0.45634472370147705,0.9300000071525574,0.5015852898359299,0.21287309610488986,0.1251939479699285,0.022004458221868552,1.1068350553375343,0.7887986617527724,0.5881154089488188,0.4666032964999912,0.0034140478051461675,0.008092750980925737,0.008161192773042315,0.4183270632233191,5.333330812840777,1.0,
OK-14846,278913,557860,0.4818496108055115,0.9350000023841858,0.5408832728862762,0.24368380950829532,0.12902008840599685,nan,1.2464785553898743,0.8236848625238465,0.5294569576301902,0.4790071510380622,0.0036344971523662962,0.008097357774876432,0.008241435285268037,0.44100293535801166,5.349783945758976,0.0,
OK-14846_07196,19301,35694,0.5223354697227478,0.9350000023841858,0.48181313276290894,0.2353096638340065,0.12319749426321917,nan,1.2952225645109512,0.8198699284913459,0.5235547586780195,0.449468538327038,0.0034011181141099835,0.007213727130094334,0.0077993908765427306,0.4360748381439772,4.173235408927119,0.0,
OK-14883H-1,245128,490252,0.474239781498909,0.8479999899864197,0.4795789122581482,0.19286521570210613,0.13978876766570875,0.019778196968478063,1.010954636267666,0.8089267823086215,0.7248003075973135,0.5191100818283825,0.004362660644042581,0.00876662822869644,0.00894506631246113,0.4877169706349831,5.3846612535324425,1.0,
OK-14883H-1_94839,335262,499782,0.46908971667289734,0.8479999899864197,0.48752865195274353,0.19393308398778586,0.14160757254804068,nan,1.430272577016088,0.8056796897491735,0.7301878031133631,0.533551617259428,0.004499956027578165,0.008845424344321435,0.008967160216524326,0.5018262101847835,5.36996551958194,0.0,
OK-14883H-2,223994,447992,0.4685351848602295,0.8449999988079071,0.46303439140319824,0.18332097876734438,0.13016973321927064,nan,0.9151934247425395,0.8015140944119543,0.7100645768669561,0.5055209083975148,0.0038628693453510426,0.007819887672280139,0.008040850040042498,0.48040559469638194,5.388723494042871,0.0,
OK-14883H-2_94916,21358,38878,0.4704800248146057,0.8450000286102295,0.48312512040138245,0.19206911374970223,0.13932563335899945,nan,1.0624069197171724,0.801045429726509,0.7253932224655535,0.5318158877282717,0.004403169551726294,0.008537051925025314,0.008743396680016429,0.5035994262721728,4.303269691475542,0.0,
OK-14890,263261,526502,0.4863464683294296,0.9100000262260437,0.5191760361194611,0.22977448938531592,0.12642542896549125,0.03692059412354367,1.1042184749205926,0.8079908950245229,0.550215253676332,0.4835972127941464,0.0035427815921316463,0.007777442912758071,0.008248861811831779,0.4294873247906817,5.377331517495446,1.0,
OK-14894A,204532,409056,0.4442126154899597,1.034999966621399,0.5374530553817749,0.24709943942548407,0.13729749686453643,0.01727215884235874,1.1815706546754678,0.7750257587769575,0.5556366181313828,0.4148844825696184,0.0036784761574106435,0.010714585145329346,0.010784694754354493,0.3410830108033795,5.238301568727191,1.0,
OK-14894A_07622,22358,39352,0.5197775363922119,1.034999966621399,0.4802713990211487,0.2583714762108103,0.13846801437725206,nan,1.3081205613572255,0.7780122882196313,0.5359260875386775,0.4145295146419591,0.003866295563833782,0.010140045751478415,0.010492310078336491,0.3684884963337612,4.23278517975562,0.0,
OK-14894B,211406,422818,0.4578217566013336,1.0350000262260437,0.4968997985124588,0.23545374842736946,0.14312725107850682,nan,1.2272207485024644,0.7828641359294707,0.607878413635268,0.4025169336938606,0.004090766945800982,0.010899755915090344,0.010999740707473647,0.3718966705298387,5.236194619793566,0.0,
OK-14894B_07199,22134,39516,0.4916129410266876,1.034999966621399,0.48489147424697876,0.2467221781072349,0.14639660551374148,nan,1.2674597253462867,0.7838890491524446,0.5933662171631442,0.4183598695982839,0.004312380189535238,0.01104139199761286,0.011070959319183319,0.38952181696331567,4.2421257374770756,0.0,
OK-14894C,208222,416432,0.454054519534111,1.034999966621399,0.5295727252960205,0.24887080244359944,0.13961795832540666,0.017800396982246967,1.2169592900450525,0.7751849315856586,0.561005778719453,0.41316977689423917,0.00383372469742793,0.010810021890800076,0.01088401384671044,0.3522344560951313,5.233250563246564,1.0,
OK-14894C_08306,22171,38890,0.5246778130531311,1.034999966621399,0.4810788035392761,0.26124576423121787,0.14081803691583267,nan,1.5547395169006162,0.7739733646179778,0.5390251487147574,0.45283427976148416,0.0039754001043741365,0.010483285417434311,0.010828229356692263,0.3671329793099724,4.15412764476924,0.0,
OK-14894D,195724,391448,0.44729630649089813,1.0350000262260437,0.5048004686832428,0.23369822955909955,0.14051064915887643,nan,1.1482558374472087,0.7773966639527723,0.6012482397661593,0.4103732173000377,0.003937625957393441,0.010668136792316176,0.010884636763264118,0.3617599781265106,5.231605420888906,0.0,
OK-14894D_07459,417931,499894,0.5630427002906799,1.034999966621399,0.48052218556404114,0.2800239076906604,0.1639035575593336,nan,1.3516636656688008,0.7729636119140388,0.5853198711175627,0.47606016657901723,0.00550283746521873,0.012272704905701157,0.012948144734260399,0.42499041972077967,5.4902359465014445,0.0,
OK-14894E,210564,421088,0.456425279378891,1.034999966621399,0.5120843946933746,0.24190874431394363,0.14913885754848566,0.018220322387102,1.2335829573358728,0.7823061725865512,0.6165087499066866,0.40881485721005345,0.00447796930256825,0.011315328505192722,0.01162161429656663,0.3853138805244273,5.232215761412473,1.0,
OK-14894E_09100,21947,39090,0.5300562977790833,1.034999966621399,0.4883173108100891,0.2678949055766915,0.15595633967823178,nan,1.588997435741031,0.7809418116538496,0.5821549287863761,0.4331923002750776,0.004882153991224861,0.01191765660424905,0.012189872059048713,0.4005090428821006,4.140251967283393,0.0,
OK-14894F,216249,432496,0.5108270943164825,1.034999966621399,0.5101005136966705,0.26969321523618317,0.1468986672472065,nan,1.2651690113996112,0.7766810088875885,0.5446880342116146,0.4117738358954841,0.004298397465276787,0.01131333072528622,0.0115813147864801,0.37114935087462514,5.232805561914851,0.0,
OK-14894F_59792,21373,37648,0.5004113912582397,1.034999966621399,0.4733833968639374,0.24517746186410944,0.14194351675127206,nan,1.1938397990841336,0.7826870394352787,0.5789419454466203,0.4479396281532607,0.004033797861557314,0.010525507339833887,0.010775283092168254,0.374356555373397,4.252919432868868,0.0,
OK-15056B-1,224047,450246,0.4347834438085556,1.0199999809265137,0.5956009924411774,0.2641365947027346,0.16111556924948717,0.011691448098185927,1.2664056532992598,0.7744964756151472,0.6099706457971503,0.5189176861913516,0.004879416883811542,0.013584498075644547,0.013894491606811,0.35117635260722174,5.247766292492912,1.0,
OK-15056B-1_94840,482969,499502,0.4638654291629791,1.0199999809265137,0.5141979455947876,0.24328901917282708,0.15922164885855353,nan,1.3796951406816997,0.7707540754802091,0.6544547279605991,0.6249554848354584,0.004921971064230474,0.012827232593501964,0.012920913050360293,0.3809305925244368,5.544136121182858,0.0,
OK-15056B-2,231933,464046,0.9013974964618683,1.9941635131835938,1.1813470125198364,2.123511418817336,1.2818253894358276,nan,5.129827860517699,0.7792562296901202,0.6036347994538803,0.5204804212531773,0.15741307978182956,0.4195859076739818,0.43070246171453835,0.36547987015258815,4.655259753607255,0.0,
OK-15056B-2_94841,22033,38492,0.4792501628398895,1.024999976158142,0.6195859909057617,0.30436009713125084,0.1896705762150742,nan,1.2794060581550448,0.7764424247034044,0.6231781958371552,0.5357904197205129,0.00665072682217667,0.016736555878805372,0.01715166786136917,0.3877597721651404,4.236065231624207,0.0,
OK-15056B-3,228245,456554,0.4515235722064972,1.0099999904632568,0.5968501269817352,0.27218681785068644,0.16119340558800496,nan,1.301332405497369,0.7765461077467422,0.5922160627059861,0.5174234356059745,0.004901002358440411,0.01355106306848429,0.0137417348247786,0.3566509193295668,5.244013027904062,0.0,
OK-15056B-3_07461,511874,499593,0.4645221531391144,1.0099999904632568,0.5644235014915466,0.2648090898967109,0.16743162464122788,nan,1.7022122202783785,0.7755834627372501,0.6322729507001997,0.5052383775150951,0.00539793609973944,0.013739255377683534,0.013952544820570286,0.38687824831648226,5.478149366649634,0.0,
OK-15056F-1,540837,1081620,1.4722208976745605,1.9929503202438354,1.802408218383789,5.288379461801799,3.3641748526266206,nan,11.904889486335678,0.8336480075137362,0.6361447541588506,0.48267886761620293,0.9618380963387734,1.5199610863813495,1.6048134400526348,0.5993457384723965,4.657341026929181,0.0,
OK-15056F-2,551530,1103056,1.4742419123649597,1.9902486205101013,1.915022075176239,5.618881461462266,3.4173855986667525,1.3456153180389236,12.00611889967547,0.8325932387684701,0.6081967776158437,0.4853746881320206,0.9606778206878593,1.6062916615649936,1.7066156155260852,0.5629139988805966,4.662166500522716,1.0,
OK-15059A,188358,376752,0.42085908353328705,0.9000000059604645,0.4668050557374954,0.17681323432273635,0.1090403149443614,0.007975711639190787,0.8166376161005096,0.8111135969951934,0.6166977000450692,0.5005331519783696,0.0024660014887140456,0.006967839284645975,0.007025313623027413,0.351016569656199,5.362954689828463,1.0,
OK-15059B,182162,364336,0.41183267533779144,0.8980000019073486,0.496952623128891,0.18378587320313586,0.10768936767597304,nan,0.7778895213945631,0.8142791817819501,0.5859501919222352,0.47951211487328715,0.002517168184195033,0.0064624792051955655,0.00646501957210285,0.3893519820197983,5.369539864516178,0.0,
OK-15059C,208789,417554,0.4170253723859787,0.9000000059604645,0.5660496950149536,0.2124513777743325,0.13349834734150676,nan,0.8866008691045393,0.8210584747672302,0.6283712948348573,0.466060200946395,0.00398469343222743,0.0081056227727926,0.008874451802848507,0.4490072762520869,5.3719794615414,0.0,
OK-15680,193284,386680,0.4792696237564087,1.2400000095367432,0.5517202913761139,0.3278842453403239,0.17930834120273653,0.0175480053302448,1.5913908387949633,0.7705945557991662,0.5468647663038075,0.3904388723279899,0.005486676766429497,0.01800687660171684,0.018070155264295604,0.30363196586752594,5.0844190511137,1.0,
OK-15700,334675,669392,1.1242520809173584,1.992347240447998,1.3251596093177795,2.968225712548939,1.802181702862183,nan,7.602344327341081,0.786882164999773,0.6071579042129429,0.41985624070721944,0.3145137574298766,0.6145452200886933,0.6486009703118348,0.48491101898701205,4.643675736170031,0.0,
OK-16037,531152,1062404,0.21872229874134064,0.2929999977350235,0.1430784836411476,0.009169275197947007,0.006450664796914771,nan,0.23318460755367754,0.8493310102962209,0.7035086915440241,0.41980562964372475,2.8950916670746442e-05,4.22656975757932e-05,5.2018021069228226e-05,0.5565555181773849,6.357518941725502,0.0,
OK-17046,185422,370852,0.4764143377542496,1.0449999570846558,0.5337244272232056,0.26571628725580115,0.13927900170796556,nan,1.1012140889832613,0.7882585299565126,0.5241643376338603,0.44188484306540615,0.003757300249908398,0.010765572667379267,0.010870801017642637,0.34563232680007044,5.226289502015425,0.0,
OK-17046_07462,20240,37076,0.5034869909286499,1.0449999570846558,0.4316180944442749,0.22709322057809134,0.12844805271501455,nan,1.2083808516285695,0.7705612694601286,0.5656181738408377,0.47446623152844997,0.0033187584471974724,0.009398717534148017,0.009959080349487158,0.3332394488983485,4.2240066734747765,0.0,
OK-17261,221618,443270,0.533457338809967,0.9900000095367432,0.46987660229206085,0.2481525329999858,0.15687809031009722,nan,1.256597591845818,0.7746043960578678,0.6321841184272989,0.4345842951646739,0.0051336857742212685,0.011397490611566726,0.01227440899830885,0.41824301071673436,5.246408808156222,0.0,
OK-17261_07202,22530,39870,0.5368141531944275,0.9900000095367432,0.48810839653015137,0.2594032630937696,0.17130506898909112,nan,1.4108464336543576,0.7737272724585897,0.6603813188239172,0.45036454260535064,0.006008039165533885,0.012915859362492326,0.013815268319249768,0.43488400128736326,4.203281447031179,0.0,
OK-17280A,260532,521068,0.41186247766017914,0.8100000023841858,0.4884202480316162,0.16294119900950507,0.11283207858123838,0.01576925435631001,0.9974634633146354,0.781706064500677,0.6924711446038665,0.5477324155070835,0.002989704009877214,0.006396230573571551,0.006465241553447895,0.46242727130323746,5.416964076775358,1.0,
OK-17280A_07204,20901,38424,0.437242716550827,0.8100000023841858,0.4516999125480652,0.15997702290179514,0.10738228814896306,nan,1.138033856643988,0.7751974193184805,0.6712356949840332,0.5353344777331094,0.002772745423221276,0.005819663936396476,0.005956530657364766,0.46549670986633834,4.264011882689961,0.0,
OK-17280B,243037,486080,0.39447902143001556,0.8100000023841858,0.4986345171928406,0.159327694147674,0.10325737073136732,nan,0.9276493967856332,0.7794689401668229,0.6480817492761961,0.5407722335576318,0.0024851010864018735,0.005775827471315207,0.005858070043061479,0.42421839754977353,5.418288529199965,0.0,
OK-17280B_07205,22079,39672,0.41301414370536804,0.8100000023841858,0.4538888931274414,0.1518446517981956,0.10295087143918613,nan,1.0141481192823547,0.7779890254010517,0.6780013008032036,0.5551962963429367,0.002518773801048538,0.005621760945881607,0.005649093991887206,0.4458721707703584,4.337878009875586,0.0,
OK-17280C,250118,500236,0.404007688164711,0.8100000023841858,0.4834643006324768,0.15821186893673062,0.11212137766792792,nan,0.9645415214126621,0.7857437830037862,0.7086786751300282,0.5386408120446988,0.003018055588775181,0.006085257729855366,0.006452376046859056,0.46774328818673494,5.413824019491495,0.0,
OK-17280C_07463,19328,35284,0.3715367019176483,0.8100000023841858,0.47002995014190674,0.1414530361737334,0.10660032568213407,nan,1.0253940318146957,0.7792984673310271,0.7536093149051036,0.541456357745032,0.0027256796452989522,0.005692817041212125,0.006075165694037838,0.4486593094858189,4.275296131589229,0.0,
OK-17280D,261505,523016,0.4137139320373535,0.8100000023841858,0.5382458567619324,0.18037064647198253,0.11897385612836454,nan,0.994435486039241,0.7812019831940994,0.659607638246421,0.5471999233425046,0.0032873096339913472,0.006858175493298834,0.007135095734331837,0.46072397013173166,5.419903383495793,0.0,
OK-17280D_07206,348798,499748,0.4175325930118561,0.8100000023841858,0.4635862410068512,0.1567855163481786,0.10799442227781547,nan,1.1759497110596535,0.7755656092224799,0.6888035629387399,0.6153364317326357,0.0027718593159693143,0.0059724870254645275,0.005988180727239702,0.462888386678173,5.472185236296257,0.0,
OK-17280E,252577,505160,0.39670465886592865,0.8100000023841858,0.5247471928596497,0.16861742196505033,0.1167052115162347,nan,0.9880355132748222,0.7876978782061783,0.6921302090624089,0.5353575458470259,0.0032323324509010735,0.006459668590757025,0.006996417495823106,0.4619982230664181,5.4076212457295565,0.0,
OK-17280E_92659,21739,38912,0.39897626638412476,0.8100000023841858,0.4915447533130646,0.1588528997219911,0.11473531386693535,nan,0.9658540415095823,0.7835557517380235,0.722273965837161,0.5440811052140563,0.0031527178516690597,0.006256358042647009,0.006654752530762675,0.4737543337780194,4.352328061134807,0.0,
OK-17280F,252630,505268,0.409543976187706,0.8100000023841858,0.4790424406528473,0.1589130466529314,0.10857250183329294,nan,0.9595159158072541,0.782314970787863,0.6832195601310004,0.5441289385597283,0.002770935549619637,0.006103040446519418,0.006126881047957364,0.452258747628769,5.420432739156585,0.0,
OK-17280F_07569,21677,39016,0.420512318611145,0.8100000023841858,0.4447017312049866,0.1514720708701621,0.10990462532543287,nan,1.0055940541920343,0.7861844026305822,0.7255768320460888,0.5474338067834933,0.002904546039209587,0.005962526227040284,0.006062797693447117,0.47907685297646024,4.333576480789442,0.0,
OK-17286E,457989,916024,0.6095282733440399,0.7599999904632568,0.49411527812480927,0.22889469368207713,0.16964277972876177,nan,1.3819224479310832,0.8454446521410846,0.7411389796758976,0.48055133696180274,0.006983938326130021,0.009928113719128972,0.010361709178766205,0.6740141231180179,5.52037137566351,0.0,
OK-17289A,270628,541264,0.43840672075748444,0.8070000112056732,0.5168780386447906,0.18286846694397213,0.12097578104193807,0.016823229152809677,1.0039658128091657,0.7968925604785051,0.6615453339968287,0.516451493940945,0.0035069370623397956,0.006664663275633328,0.00693724061990968,0.5055233419862917,5.43065380361916,1.0,
OK-17289A_94844,21309,38268,0.4538353383541107,0.8069999814033508,0.5418906807899475,0.19846481178360895,0.13529718100386737,nan,1.0304651496971977,0.7966140821331108,0.6817187378858133,0.5325055751873133,0.004428753089783614,0.007548736134939379,0.008033010270065536,0.5513192366113436,4.315529760855462,0.0,
OK-17289B,248845,497700,0.4406137615442276,0.8100000023841858,0.4968924820423126,0.17733950965451392,0.11957215517572241,nan,0.9364748983759356,0.7962262187028667,0.6742555869736435,0.5218457123841813,0.003435996718153982,0.006571615979272998,0.006772701759761098,0.5073302856134011,5.424432778087755,0.0,
OK-17289B_92651,19145,35140,0.4483226239681244,0.8100000023841858,0.5055441856384277,0.1835839861685396,0.1305689744309431,nan,1.2545737502952754,0.789294735601311,0.7112220251665852,0.5145186116711439,0.004124618128312387,0.007316310922997057,0.007575218207761114,0.5444883586437881,4.183559174220137,0.0,
OK-17289C,246817,493644,0.4276686906814575,0.80799999833107,0.5084020793437958,0.17568154214018328,0.11648806274415698,nan,0.9296221387356509,0.7971337214599316,0.6630637534545691,0.51887877181136,0.003238416203965706,0.006391314430574401,0.006661502259057398,0.4861390236057567,5.424068611475122,0.0,
OK-17289C_92653,353054,499699,0.4392625391483307,0.8080000281333923,0.4967804551124573,0.17631937778165044,0.12009124458995091,nan,1.2208504428971727,0.7909584023609734,0.681100660068509,0.4999464007380581,0.003492102503110363,0.00652128704426736,0.006771671329485922,0.5156928523545854,5.461178671200631,0.0,
OK-17289D,248360,496720,0.43169741332530975,0.7980000078678131,0.5036818236112595,0.17351563774354326,0.11481277686387503,0.015636302804273344,0.9090128525386785,0.7936978352258014,0.6616854731765948,0.5216035536446312,0.0031929342861865455,0.006179552489433478,0.006433892102023625,0.4962679254727143,5.436511627416042,1.0,
OK-17289D_92649,21491,38694,0.44836628437042236,0.7979999780654907,0.49774521589279175,0.1780913891692057,0.12836143070699077,nan,1.003621604523126,0.7928294510610074,0.7207615781189387,0.5316490406110985,0.004048671009244382,0.007014226580395601,0.007274818205103034,0.5565322589648192,4.330686622553729,0.0,
OK-17289E,246545,493100,0.4428611248731613,0.8129999935626984,0.5159512460231781,0.1857662296234534,0.12083367574632009,nan,0.9357394449214259,0.799912914206969,0.6504609367980873,0.5171854624923377,0.0035024819315569275,0.00662238058888427,0.006938037680124155,0.5048231348743917,5.420741262344369,0.0,
OK-17289E_92652,21864,39968,0.44557061791419983,0.8130000233650208,0.5623258352279663,0.20370192805988924,0.13729403090052836,nan,1.4531036663319115,0.800025182268179,0.6739947540416178,0.5153508968870107,0.00449617559846608,0.007757155342214605,0.008399833464197998,0.535269611907165,4.177433020140254,0.0,
OK-17289F,235809,471624,0.44591502845287323,0.8100000023841858,0.4994732737541199,0.1804053381838018,0.11909412188771999,nan,0.8583386198441713,0.8022221572604886,0.6601474384665031,0.5126537584998176,0.003435292328120303,0.006392864828005146,0.0067615562996381565,0.5080623714253688,5.438901723080846,0.0,
OK-17289F_92648,21094,38162,0.4569868743419647,0.8100000023841858,0.4516775906085968,0.16719269206957263,0.11692798183576053,nan,0.9962764680876017,0.7877815604571035,0.6993606023587692,0.5348783340282927,0.0033295020147177954,0.006356940053716155,0.006389541917187318,0.5210861839346764,4.3257790692108875,0.0,
OK-17290,267770,535544,0.5423820316791534,0.9850000143051147,0.4780666083097458,0.25540532092784796,0.18295654997031896,0.03175899365033511,1.4683196157041265,0.7806456627491551,0.7163380516336393,0.4677389417104723,0.006802693302954057,0.013945342434755995,0.015627753643681207,0.4352956578442482,5.2609413178952185,1.0,
OK-17290_07464,20125,36088,0.5751607418060303,0.9850000143051147,0.46677064895629883,0.2644411342568499,0.19437130714780737,nan,1.577128609328054,0.7824426111046929,0.7350267487470986,0.47598297107917653,0.007810826604807513,0.01466287674104845,0.017118084979201895,0.45629091188047605,4.105868779069233,0.0,
OK-17302A,368197,736412,1.3006486296653748,1.9947212934494019,1.428112268447876,3.705139478917454,2.8044262304464325,nan,8.361543232145678,0.8105782951995331,0.7569016622461439,0.5481812981221779,0.7103933162351901,1.1312775287949999,1.1692489965425794,0.6075637595890983,4.643793806070001,0.0,
OK-17302B,258474,516954,0.4201629161834717,0.8199999928474426,0.5522211194038391,0.19025872378403424,0.13028776884329482,nan,1.036791094787323,0.7889346980008042,0.6847926142466223,0.5149426307903832,0.0039816213174952795,0.007601607859101922,0.008135165240689843,0.48943336732489623,5.396725605478867,0.0,
OK-17302B_07493,21314,38602,0.4418924152851105,0.8199999928474426,0.49338147044181824,0.1787776527375611,0.11834280749025021,nan,1.2318996715403596,0.7834267005198028,0.6619552593856516,0.5074650043794382,0.0033221839689252406,0.006673761310761183,0.0068898969197368955,0.4821819553509525,4.2380896220146225,0.0,
OK-17303,364525,729148,1.1986564993858337,1.9918107986450195,0.8916166126728058,2.1287319516557983,1.8550251281758108,nan,8.404510641250173,0.797375977692522,0.8714225981965041,0.48599704777956876,0.32888498695559437,0.6271927544482301,0.7264564032334955,0.4527250162455862,4.637214887234736,0.0,
OK-17329A,234202,468436,0.42961858212947845,0.8400000035762787,0.5279357433319092,0.19052124543595012,0.11917219968740295,nan,0.9236269388422411,0.7929136282679544,0.6255060920618774,0.5183302754443405,0.003307460866897131,0.006907647306996343,0.0071076546664189996,0.46533786771094016,5.40409400824719,0.0,
OK-17329A_07466,20129,36630,0.45453426241874695,0.8399999737739563,0.5092338919639587,0.19442996517487973,0.13099103355140532,nan,1.0512153657737968,0.7952741710458894,0.6737183408616343,0.5215127584704184,0.0040248303489147565,0.007646160297282461,0.007794939755798737,0.516338865341537,4.282130499452699,0.0,
OK-17329B,234587,469176,0.4408054053783417,0.8299999833106995,0.5187064111232758,0.18977832574087344,0.12087243763887628,nan,0.9137232851731587,0.8056552845255378,0.6369138159850645,0.5137240203921578,0.003457742127059767,0.006765732977229172,0.007045771008415445,0.4907542585374761,5.409489248806993,0.0,
OK-17329B_93135,20077,36932,0.42809903621673584,0.8299999833106995,0.46722185611724854,0.16601429449349886,0.11396043194350902,nan,0.9654529081020403,0.7993018074368202,0.6864495150324041,0.522505161540634,0.003092412344620462,0.006256949219694178,0.006337920541885501,0.4879222331967709,4.317967723942357,0.0,
OK-18399,174570,349240,0.5167757570743561,1.3700000047683716,0.5164811909198761,0.3656597943523311,0.19397313883565556,0.02830299439503851,1.8124536514221954,0.7267377179555603,0.5304743420840875,0.40547407877790165,0.0058067507681980384,0.023785786978366835,0.024427070340224233,0.2377178551222338,4.983702702429465,1.0,
OK-18399_32588,26194,43460,0.5170667767524719,1.3700000047683716,0.5013671517372131,0.35515920828826386,0.19736010335641044,nan,1.7997481990848698,0.7205184226041373,0.5556947384459302,0.4139799983862712,0.006048456656881253,0.024228914000135618,0.024833689675980306,0.24355851811788784,4.162990075518024,0.0,
OK-18400,240968,481960,0.4417845606803894,0.9350000023841858,0.49555808305740356,0.20469946638611702,0.15120641466613885,0.016642809040187154,1.2989800140578969,0.7797083746075597,0.7386751774961826,0.46815735712447054,0.004859662840533322,0.0106057577650839,0.01061476403253681,0.45782109010028704,5.268356903964261,1.0,
OK-18419,270830,541700,0.5955343246459961,0.9249999821186066,0.5655096173286438,0.31152185291177975,0.1862549066571132,0.015817396821639584,1.2480467706814036,0.8353561711245243,0.5978871302805808,0.5206952978187591,0.00688705557228777,0.01382624417030094,0.01410438302535782,0.48829187068344304,5.336465908853646,1.0,
OK-18446,205192,410408,0.49502135813236237,0.8250000178813934,0.5484630167484283,0.22398825348966273,0.15895655819768814,nan,0.8176071610652094,0.8053635200458646,0.709664706613841,0.5002696849703938,0.005872216120610502,0.009843501038193111,0.010060659401155667,0.5836810378389274,5.399615737947363,0.0,
OK-18447,149420,298852,0.3890865445137024,0.8299999833106995,0.4787568300962448,0.15461060465927287,0.097716112360888,0.006414490349440381,0.6033374628088997,0.7691100259734557,0.6320142953727683,0.4656223083880667,0.002306987513894691,0.005259613668280963,0.005486548834192039,0.4204806306502916,5.393848439433577,1.0,
OK-18458,316985,633994,0.6065885424613953,0.9449999928474426,0.536255419254303,0.3073956392024754,0.17734139216514913,nan,1.525139339313908,0.8202577188678005,0.5769157709109135,0.5237527786903747,0.006307912374343546,0.012830030495410394,0.013910032557258343,0.45347933934576146,5.317729188144379,0.0,
OK-18471,183680,367364,0.8096844851970673,1.993893802165985,0.9377695322036743,1.51395846144256,0.7639019605073988,0.1409698092233533,4.02418845768946,0.7529882669575211,0.504572602196445,0.41027449297057644,0.06114817631063829,0.20704645258356588,0.20910004513241814,0.2924350220580516,4.659383559649607,1.0,
OK-18471A,188415,376832,0.47957077622413635,1.178000032901764,0.5352378189563751,0.3023742508484459,0.16014039612299913,nan,1.440297146937569,0.7539835138935567,0.5296098979117891,0.4119619548406366,0.00456068759139911,0.015161477681231321,0.015247872985261996,0.299103199233578,5.116663374264143,0.0,
OK-18471A_101878,21652,37512,0.5084592700004578,1.1779999732971191,0.5913168787956238,0.35417811814145345,0.17374791341208548,nan,1.5011031742303214,0.7632603387206711,0.490566481983207,0.4228302124812062,0.0053716056739357195,0.016391598132512727,0.016749786970442063,0.32069695473828175,4.159087475103808,0.0,
OK-18471B,191897,383788,0.4995507597923279,1.175000011920929,0.551393449306488,0.32365259772465116,0.16796548656870647,nan,1.4643877688152473,0.7606664012606622,0.5189684487303384,0.4135578479819671,0.005018127435189914,0.015973207498862347,0.015982247783953477,0.31398133122602584,5.117412092481166,0.0,
OK-18471B_101880,23445,41140,0.49280989170074463,1.1749999523162842,0.5782063603401184,0.334811317651102,0.1722994812240464,nan,1.880222963445552,0.7632520983035601,0.5146166576232502,0.4560056465067824,0.005342773938116598,0.015997956708387117,0.016296557916014608,0.32784677388016153,4.095840884591765,0.0,
OK-18534,208244,416488,0.47618331015110016,0.8949999809265137,0.5132047832012177,0.21871969478169948,0.15851901037033408,0.016107563550870483,1.0183737886748085,0.8424945098552394,0.7247587398498764,0.5161071355772914,0.005195991389780827,0.010394422296429276,0.0107000891368147,0.48560262660836273,5.310665284473716,1.0,
OK-19553,378006,756028,0.4955208897590637,0.8899999856948853,0.5132153928279877,0.22633496016411428,0.14640436902537654,nan,1.7211216075159232,0.8268009020182429,0.6468482328987952,0.36666052972508,0.00478330891760199,0.008949782726689552,0.009420249133257034,0.5077688339170463,5.341687136436355,0.0,
OK-19554,362435,724868,0.5720773637294769,0.8950000107288361,0.5160945653915405,0.264245189639497,0.148848412692188,nan,1.6348980825436512,0.8221103937972083,0.5632965841128768,0.36944517060602183,0.0048102031297433435,0.009522070590557452,0.0097530843238294,0.4931981484042671,5.345739445953763,0.0,
OK-1966-0108,323210,646460,0.5400219261646271,0.7249999940395355,0.5083291232585907,0.19901893075786783,0.14143972370399102,0.006092905100879312,0.9048928105090108,0.8471868625037446,0.7106847733800292,0.5359494288790506,0.004821641973109919,0.007535542320309004,0.008178729417414758,0.5895343551583111,5.552887651523161,1.0,
OK-1966-0114,219495,438976,0.47305789589881897,0.9900000095367432,0.5306777060031891,0.24853086860637408,0.1253357060119399,nan,1.1568671439482114,0.8069873870325406,0.5043063934663504,0.4452316640913216,0.0032049410100345476,0.008495213822731336,0.008874011434689893,0.3611603426051418,5.278141144752034,0.0,
OK-1966-0114_OK-1966-011420240516,471567,499690,0.5351822376251221,0.9900000095367432,0.4936325252056122,0.26154152832948707,0.13922922366965892,nan,1.738803526399467,0.7993656281982967,0.5323407894682771,0.5054428569289053,0.004064331642330808,0.009361995828677087,0.010054791770067854,0.4042183801786858,5.433292893501415,0.0,
OK-1966-0115C,300639,601324,1.2666922807693481,1.9947413802146912,1.3004822134971619,3.2859589811632586,1.625750111117009,nan,6.315775040378935,0.8516344090245732,0.4947566662994311,0.4639946100645142,0.2556157367070065,0.495136538324135,0.5253612020136781,0.4865523676420083,4.677618665575454,0.0,
OK-1966-0117A,186616,373240,0.4541857987642288,1.1800000071525574,0.48792941868305206,0.26150052464793344,0.1537969572067214,0.010316972730134542,1.449432141708566,0.7581346204472803,0.588132499595491,0.42173600757928265,0.004269981847973636,0.014081675028165808,0.014109115471863429,0.3026399391576946,5.109750988620627,1.0,
OK-1966-0117B,179354,358748,0.4406563639640808,1.1850000023841858,0.5102384090423584,0.2664351660049161,0.1584938385129879,nan,1.3890012136589815,0.7587664673751432,0.5948683159566986,0.41531182623474217,0.004557574362279698,0.014396295132794964,0.014748385045383318,0.30902192668927875,5.111008441660981,0.0,
OK-1966-0120A,169130,338260,0.4605516493320465,1.0099999904632568,0.4930049180984497,0.22932476827528417,0.1344778738484837,0.021518661454189764,0.9684581152647473,0.7937534362916507,0.5864079787799235,0.4396985491791718,0.0037029267708495977,0.009615576626617914,0.009636361890826202,0.38426605526041696,5.242139806159959,1.0,
OK-1966-0120B,195374,390744,0.462668776512146,0.9999999701976776,0.49089817702770233,0.22712325218864932,0.12927239351215555,0.009232368604548957,1.074687438700112,0.7963290877550248,0.5691728709695539,0.44179062385646606,0.0034607412710409924,0.008989267223390857,0.00899314165660406,0.3848200554585524,5.259584595415062,1.0,
OK-1966-0120C,179792,359588,0.4480048269033432,1.0,0.49373553693294525,0.22119590375967335,0.12907119520734947,0.014783726932840307,1.0136547612094546,0.7937333452180796,0.5835153048203991,0.4423762451866517,0.0033265823529740725,0.009278313497705649,0.009345791614459127,0.3559444175737267,5.248880298889255,1.0,
OK-1966-0120D,163822,327648,0.4506511390209198,1.0000000298023224,0.45101596415042877,0.20325086401835665,0.11862139238484697,0.020560662026642893,0.9402594110830658,0.7817944617044678,0.5836206057856347,0.43220745528226784,0.002948128336865251,0.008034801056803336,0.008165045651954873,0.36106697531561394,5.241124534675824,1.0,
OK-1966-0120E,168278,336564,0.43810950219631195,1.0,0.48564963042736053,0.2127677178283538,0.12531941323779572,nan,0.9461071576273674,0.782361433455966,0.5889963689834503,0.43733774395446257,0.0032659106288947114,0.008692708779549533,0.008789256991389303,0.37157983116141363,5.250087013661229,0.0,
OK-1966-0120F,177676,355356,0.4448600262403488,1.0,0.5078652501106262,0.2259289484907745,0.1241943090784045,0.014525955277559696,1.0017429683610013,0.784846705495611,0.5497051613263088,0.43786953280244345,0.0031008493832700547,0.00894608078345901,0.008979078722610237,0.3453415967343954,5.248872465800329,1.0,
OK-1966-0120G,159084,318160,0.4391622245311737,1.0,0.47704868018627167,0.20950175960026352,0.11489577850093748,0.018377072542243692,0.9082199172715134,0.7781769668723861,0.5484239307591617,0.43455209113981863,0.00271139530934606,0.007903736026492086,0.00805463875781177,0.3366253150355652,5.2434354805780385,1.0,
OK-1966-0120H,189342,378680,0.4449070692062378,0.9999999701976776,0.47164343297481537,0.20983749122154902,0.12074890977465702,nan,1.0517842702597826,0.7852988542772174,0.5754401135456239,0.4349062528897914,0.0030101636116879136,0.008325204264337709,0.008354395050238153,0.36030898629842806,5.255320288687877,0.0,
OK-1966-0125,539551,1079246,1.9947695136070251,1.2152979373931885,1.1635904908180237,2.820821768394497,2.530227106688083,nan,11.630829396662946,0.8543454907274789,0.8969822677340549,0.7122518713140041,0.5316988267470547,1.044547818465022,1.074511535813324,0.4948284025118436,4.666421816338178,0.0,
OK-1968-0030,283099,566184,1.994459092617035,0.8878416121006012,1.5113075375556946,2.676168641986753,2.406214429315927,nan,6.043126536673888,0.8165307882177998,0.8991266064344826,0.6746091114646621,0.5447143689628756,0.8968214562685572,1.1366016394077403,0.47924826964592016,4.670676647284514,0.0,
OK-1968-0164B,231457,462912,0.4781316816806793,0.8700000047683716,0.5383264720439911,0.22393012022064562,0.13153322149501723,nan,0.9762720842152263,0.7957247572978838,0.587385124276329,0.5260027914110952,0.003747637335997942,0.008441327251540873,0.00879506478496046,0.4261068482868248,5.3748994486155635,0.0,
OK-1969-0276,227861,455724,0.8603718280792236,1.9891432523727417,1.5734651684761047,2.692832720767111,1.5460775795934294,nan,4.998231551614,0.7705911151720595,0.5741454222797011,0.4303997521910243,0.26294266335606586,0.4721010539410827,0.5787833166929482,0.4543024233291096,4.658853627319981,0.0,
OK-1970-0039,220747,441508,0.44685545563697815,0.9649999737739563,0.5100117623806,0.21992497863578747,0.12419064964959396,nan,1.0705980833479425,0.7997560783923703,0.564695517625868,0.49705835852169544,0.003238727753320292,0.008238743473855462,0.008260730915329969,0.39206309786825,5.314268348585938,0.0,
OK-1970-0040,188340,376728,0.48035886883735657,1.2599999904632568,0.5289637446403503,0.3201564543763637,0.18454257065587432,0.018289362100855956,1.620654569137889,0.7670611507488334,0.57641371314955,0.38762157688370774,0.005741236461253844,0.01913237079076349,0.019171904735291585,0.29946093205258806,5.065252108116025,1.0,
OK-1972-0002,299661,599358,1.0399652123451233,1.9950448870658875,1.3368812203407288,2.773730781507625,1.5586770689381293,0.3061612438521559,6.498382185748985,0.7798649220478889,0.5619424492563517,0.43015183145063685,0.24110406645720214,0.49877350000845455,0.5293131125443733,0.45550367210483556,4.663824974790052,1.0,
OK-1972-0005A,180347,360670,0.45483554899692535,1.1600000262260437,0.5331086218357086,0.28127303947686694,0.14207784171767082,0.027455217249164488,1.3374708109381235,0.7539668729936775,0.5051242805990863,0.4147406509152053,0.00362098897927576,0.012772751545197294,0.01280466873517787,0.28278661901872787,5.129824609678173,1.0,
OK-1972-0005B,182833,365602,0.44537386298179626,1.1650000214576721,0.5651602745056152,0.29323937648044673,0.1431822865559817,0.02726776492268947,1.3419157533077877,0.7535300308022495,0.4882778304690916,0.41401645765030415,0.0035996759641384467,0.013287711368304004,0.013303089677428473,0.270589468418458,5.134329334118595,1.0,
OK-1972-0006,250173,500338,0.43097153306007385,1.0099999904632568,0.5329307615756989,0.23197476501408318,0.14488740085391885,0.02995559936257521,1.3818300245310682,0.7752165988778245,0.6245825956332912,0.4244350773434703,0.004153449621106099,0.011216916762427387,0.011289571066324661,0.3679014549538826,5.257785811676246,1.0,
OK-1972-0006A,246045,492096,0.43942491710186005,1.0099999904632568,0.5272392928600311,0.2339989011739486,0.14326037571010158,nan,1.3581594212775987,0.7721405169826572,0.6122267027382561,0.42279011278212153,0.004030494059999412,0.01112112861641188,0.01126209580736863,0.3578813507661972,5.258063793359897,0.0,
OK-1972-0006B,224909,449826,0.47341908514499664,1.0130000114440918,0.41731590032577515,0.2001336630623776,0.12802070496325516,0.026632286396513355,1.276297953268938,0.7670538529509435,0.6396760195377711,0.42268795148494914,0.003298848372691287,0.009285084085988158,0.009826481205289422,0.335710037374882,5.246054761808792,1.0,
OK-1978-0215A,307578,615184,0.47177954018116,0.7549999952316284,0.4019599109888077,0.14317552788880045,0.11077173668577295,nan,0.9694724474086915,0.8118998751826105,0.7736778646404264,0.5051794605840333,0.0031527544819821506,0.005338653333174944,0.005919646667503187,0.5325916662036068,5.501419797786343,0.0,
OK-1978-0215B,310026,620088,0.47531478106975555,0.7550000250339508,0.4109163135290146,0.14746252607978716,0.11058089017513317,nan,0.9584593282435854,0.8168566476083956,0.74989146812324,0.506883763591408,0.0031259390267933474,0.005338150578988454,0.005865373995800763,0.5329479465471975,5.509824428475827,0.0,
OK-1978-0217B,326943,653932,0.5486701428890228,0.7249999940395355,0.519631564617157,0.20670208378653684,0.15003614888842778,nan,0.9208942540994518,0.8502172440924624,0.7258569731854833,0.5466658710531321,0.005409771743340583,0.008153389388349613,0.008798674316258791,0.6148394120400659,5.550262280146837,0.0,
OK-1978-0219,361009,722390,0.5972312688827515,0.7600000202655792,0.5466595888137817,0.2481264785207262,0.18643771966581255,nan,1.1237645700807042,0.854784224658466,0.7513817984171297,0.5693612845991181,0.008143588193001344,0.011027448188918976,0.012268687928680947,0.6637700983463594,5.506842693468382,0.0,
OK-1978-0220,412134,824294,0.8770543038845062,1.0,0.6174911260604858,0.5415732497218393,0.34706676075029225,nan,2.1696892133009946,0.8194464572552237,0.640849157392008,0.5139389334877581,0.022471337083078857,0.03353518058298517,0.03642663528542972,0.6168930209172286,5.278640914306963,0.0,
OK-1978-0220B,385933,771876,0.7035578787326813,0.8300000131130219,0.4977194666862488,0.2906447999060083,0.1926784458330187,nan,1.417090664457316,0.81982855030463,0.6629344336982085,0.5221431375348486,0.008675628938056993,0.012226318967782904,0.01350180366192781,0.6425533325240395,5.435114278417963,0.0,
OK-1979-0001,222054,444144,0.48202718794345856,0.9199999868869781,0.4952639192342758,0.21963221720560527,0.13007558833158042,nan,1.0572289687192042,0.8040345198773597,0.5922427501144433,0.48374702738866654,0.0038122472978758207,0.008004618084586914,0.0080607332895481,0.47294050813205146,5.322289546246353,0.0,
OK-1979-0006,245524,491048,1.9951964616775513,0.9312223792076111,0.6325637698173523,1.1752855169982848,0.9317690033529736,nan,5.847658236729149,0.762951480334929,0.7928022509226016,0.5100198533896106,0.0821163872782661,0.28256135237144553,0.3062217098321936,0.26815991368889247,4.623111968289053,0.0,
OK-1980-0043,575179,1150360,0.44832979142665863,0.4000000059604645,0.5486427843570709,0.0983891634975315,0.06464705309014664,nan,0.963748182265422,0.8323815307783599,0.657054606341567,0.3991172437705222,0.0014474844847693845,0.0019540202126583773,0.002416058238945587,0.5991099309762888,5.775839449477776,0.0,
OK-1980-0043_07085,431468,499672,0.19635367393493652,0.4000000059604645,0.15330731868743896,0.012040982285581732,0.007218332146533117,nan,0.2300692077506074,0.7601246470102521,0.5994803393388084,0.35870529288969355,2.822421135107043e-05,7.526370586550174e-05,8.263372038438458e-05,0.3415580373215775,6.273090094631056,0.0,
OK-1980-0044A,400910,801824,0.6984623968601227,0.7149999737739563,0.5018658488988876,0.2506321037696413,0.18509968456070625,nan,1.0281884087630662,0.8237787877927514,0.7385314242537476,0.5362761130702635,0.007971841574408717,0.012010610826229206,0.012477545586427646,0.6388950069699626,5.5909741855444235,0.0,
OK-1980-0044B,409267,818540,0.6940523982048035,0.7150000035762787,0.47744299471378326,0.23692987685841008,0.17913356110334303,nan,1.0577280138711789,0.8300447066531194,0.7560615127082251,0.5314590904072197,0.007471113009529158,0.011203592888204087,0.012158614784652392,0.6144707388015792,5.587632721269818,0.0,
OK-1980-0045,399066,798136,0.4783405363559723,0.5150000154972076,0.6939964890480042,0.17096283133675388,0.12085653512665905,nan,1.0297158430228988,0.8630182337187088,0.7069170192239154,0.517038664080892,0.0038601058785797627,0.005691216283783603,0.005788367952039431,0.666872926974126,5.588327333160838,0.0,
OK-1980-0045_92588,292985,499934,0.5109452605247498,0.5149999856948853,0.6748794317245483,0.17758561530584474,0.1322975982189017,nan,1.1664879376658293,0.8499133140726939,0.7449792484095837,0.4790475365593352,0.004473565630822282,0.006478711033603105,0.007061164772416764,0.633544999303444,5.399965134047077,0.0,
OK-1980-0046,481353,962708,0.504588782787323,0.5449999868869781,0.6088497340679169,0.1674342126579088,0.1250272427617893,nan,0.9038661851807293,0.8335432050092572,0.7467245838055644,0.5279378954016106,0.004377411427993747,0.00571559469814637,0.006356560251889763,0.68864468431529,5.726359543699737,0.0,
OK-1981-0026A,263784,527572,0.5172766447067261,0.699999988079071,0.459266722202301,0.16629756152835298,0.1083968522918413,nan,0.6929931600478684,0.8568131325769843,0.6518246647492791,0.5571253142262125,0.002794950156420739,0.005328353116298462,0.005807573148903169,0.48125957000620806,5.5805195015009215,0.0,
OK-1981-0026B,271143,542292,0.4710713326931,0.699999988079071,0.4339510202407837,0.1430953173629507,0.10383680182933643,nan,0.7139584734226728,0.8468362163914976,0.7256477971669895,0.5709979191690463,0.00256479198596157,0.0051183422131088055,0.005586403996424446,0.4591132305510225,5.579525444624494,0.0,
OK-1984-0149,245732,491520,0.4094112515449524,0.9350000023841858,0.5092507302761078,0.1949409357054943,0.12020331080056897,nan,1.2114029722869244,0.7638802012255895,0.6166140034444345,0.4809697808371215,0.0030502399606860096,0.008176060979335669,0.008241322601792814,0.3701153453236331,5.3071730804574875,0.0,
OK-1984-0149_OK-1984-014920250325,421044,499691,0.42960119247436523,0.9350000023841858,0.4575418531894684,0.18378409203285015,0.130163696253366,nan,1.7554836871303539,0.7713861910563783,0.7082424534877595,0.5204075516805879,0.003639442761814912,0.008664499319764665,0.008698591695579426,0.4183944814497335,5.379930684781604,0.0,
OK-1985-0026B,197139,394214,0.45202861726284027,0.9800000190734863,0.4897806644439697,0.2169669832032413,0.12421406083205233,0.019028870469252026,1.0417910018097556,0.7889578827482335,0.572502133726477,0.40858996416066645,0.003208003777231984,0.008571736247550263,0.008577534179109956,0.3740006988307753,5.276991947227084,1.0,
OK-1985-0031A,251854,503768,0.4905800223350525,0.9600000083446503,0.4682396799325943,0.2205206732507519,0.14775994370798531,0.015134137339299338,1.3312759423632934,0.7724918171874953,0.6700503019958085,0.45263807581945953,0.00461347714691936,0.010231505876841039,0.011292557138419241,0.4085414038972191,5.276880768914905,1.0,
OK-1986-0074,260846,521716,1.1187828183174133,1.994645118713379,1.1082842946052551,2.473219178347474,1.433994492763464,0.22064631905657595,5.647687376396426,0.8188171735366733,0.5798089006092915,0.468296701571478,0.20505433942578424,0.41994960747914994,0.4576332385793241,0.44807571246868916,4.664513532670087,1.0,
OK-1987-0096,200074,400122,0.3956344723701477,0.8299999833106995,0.39082983136177063,0.1283393733367865,0.08133115457827265,nan,0.7402447656737862,0.7837707629527558,0.633719430473176,0.488586639831162,0.0015189164500398638,0.004320924067101251,0.004589065209423917,0.33098602454388293,5.431815309758793,0.0,
OK-1987-0130,298519,597056,0.46528103947639465,0.699999988079071,0.512509673833847,0.16692272080550719,0.1222028131976076,nan,0.807152994733388,0.8528253634796664,0.7320921478388449,0.594990465757751,0.003705980016739556,0.00619570196794919,0.006353323947886034,0.5833135610805209,5.5680161156774775,0.0,
OK-1989-0001B,218437,436858,0.44562993943691254,0.8799999952316284,0.4572637230157852,0.17931795559926192,0.11031440460973063,0.018455266761338043,0.9454703075692358,0.7769053147591242,0.6151888372866587,0.47245859756025255,0.002716015930183743,0.006666621809265202,0.00687442501591899,0.3950899055403631,5.363678308924877,1.0,
OK-1989-0002A,243088,486164,0.44634176790714264,0.875,0.5113649964332581,0.19971311198461883,0.12199285765003963,0.0054884676314544524,0.9685810963895878,0.8102052338638346,0.6108405023473625,0.48688110463165113,0.003328672869830993,0.007356007256887596,0.007372139455977918,0.4515206053422985,5.399627531743666,1.0,
OK-1989-0002B,195528,391044,0.43327589333057404,0.8799999952316284,0.5242498517036438,0.19988744300316824,0.1269789696907211,nan,0.7890409529553328,0.8117383532880548,0.6352523589423696,0.4717505580736087,0.0036518024529180685,0.007550722434496062,0.007919839421467338,0.461095517040355,5.394109413392101,0.0,
OK-1989-0002C,220119,440230,0.43903400003910065,0.8800000250339508,0.5117354094982147,0.19770894016276938,0.12491333116682361,nan,0.8920125310403789,0.8137947599884129,0.6318041615315182,0.4731017004247847,0.003532482247931995,0.007414057064888586,0.007594144576468558,0.4651586774997475,5.392286575733591,0.0,
OK-1989-0002D,203826,407648,0.4362476170063019,0.875,0.5507738292217255,0.2102395491939869,0.13039499779615227,0.02097490548597608,0.8251928354056748,0.814869692874229,0.6202210682816748,0.4753137111046974,0.0038565600932523583,0.00774238338417514,0.008189651942985102,0.47090647076347597,5.392704133082562,1.0,
OK-1989-0002E,195278,390552,0.4376824349164963,0.8799999952316284,0.5112689882516861,0.19692063992722153,0.12506215010284633,0.01677953368644758,0.78983207888975,0.8130480215322463,0.6350890904532259,0.47236164626526167,0.0035544040707422607,0.007416212837229643,0.0075508685300053864,0.47072784496483944,5.393118549918665,1.0,
OK-1989-0002F,245698,491398,0.43040864169597626,0.8799999952316284,0.523740828037262,0.19837186791379594,0.1271356720255565,nan,0.9913271884278377,0.8100425971628872,0.6408956741830163,0.4777891886028539,0.0036694427933020232,0.0075652068387856266,0.007846892770078563,0.46763004170188055,5.394184603876616,0.0,
OK-1989-0003A,345638,691280,0.6056476831436157,0.9199999868869781,0.6908164918422699,0.3849200896543619,0.2082433164060747,0.05265774531946193,1.5249560115526837,0.8295698590971922,0.5410040213621126,0.46862667326750523,0.009035175311440269,0.015856484181031992,0.016596206924490885,0.5444120667179159,5.355364167140161,1.0,
OK-1989-0003B,344902,689800,0.6617209017276764,1.0300000309944153,0.7211876213550568,0.49154168560275086,0.26786864067812793,0.09620137371399591,1.9188362420955878,0.8232471683449634,0.5449561014335034,0.48085382459313825,0.013248908936979135,0.024931065057097263,0.027134119126126458,0.48827488651445633,5.254657800113656,1.0,
OK-1989-0003C,234628,469248,0.6584676802158356,1.0199999809265137,0.4479525685310364,0.3008615287943446,0.18282192072767733,0.026549241828987408,1.3253619042768587,0.7825342126121181,0.6076613432774457,0.47843458214798995,0.0064349724500727835,0.015546565763873522,0.016879784656057717,0.38122361044241393,5.248045355409026,1.0,
OK-1989-0043,449423,898848,0.5680565536022186,0.7400000095367432,0.6457202732563019,0.2714361719307538,0.20873072961668668,nan,1.2730497586316272,0.8406617411243567,0.7689864181769261,0.45653444738554083,0.01088530564310982,0.012824227679535838,0.01331526962549128,0.8175054617197206,5.547809915533005,0.0,
OK-1989-0094,177922,355908,0.4472547173500061,1.1100000143051147,0.5123562514781952,0.2543606662635723,0.14521056411434924,0.015797462499700363,1.3377398370870848,0.749432219097197,0.5708845091791036,0.4520117150790393,0.003946910849704162,0.012417650566869585,0.012578305416379849,0.31378716918134103,5.1238579914918345,1.0,
OK-1989-0140,307080,614198,0.42638009786605835,0.7900000214576721,0.4055529534816742,0.13660657302680876,0.11333157763370516,nan,0.9468676547925856,0.8150490945392319,0.8296202380500686,0.525762178048465,0.0028304124029840173,0.006505764523700754,0.006837037990401789,0.41398225473626243,5.510962250724473,0.0,
OK-1989-0185,453840,907680,0.8145045042037964,1.0649999976158142,0.7738930881023407,0.6713114659207459,0.3584653523473182,nan,2.48647095374013,0.8675594406800611,0.5339776996891605,0.4665574503085437,0.021035207995995526,0.038039037457989026,0.04094300189564885,0.5137680927648592,5.261319380265724,0.0,
OK-1989-0229A,242620,485284,0.4471811503171921,0.9199999868869781,0.5553072094917297,0.2284570801260825,0.12552271229483256,0.025666122100355262,1.1088954141390361,0.7978814666948573,0.5494367354496441,0.4890591638993653,0.0034572677507939092,0.007897384403756778,0.008135033086557681,0.42498508783039796,5.340036010948302,1.0,
OK-1989-0229A_07614,419770,499759,0.4671519100666046,0.9200000166893005,0.5457379817962646,0.2345471415994701,0.14107768027840042,nan,1.2299345786449463,0.8014006976915139,0.6014896592486086,0.5601005891625104,0.004382136790715129,0.009156970075168733,0.00918777054576442,0.4769532248207159,5.533129385794453,0.0,
OK-1989-0229B,235781,471580,0.4447997957468033,0.9199999868869781,0.5524945557117462,0.226089505066743,0.12403204916741567,nan,1.0711853881912459,0.7950993671560822,0.5485971103824596,0.49534476882052964,0.003353344556214429,0.007914511223398072,0.008096871638675469,0.41415310824453033,5.342644165379883,0.0,
OK-1989-0229B_08309,455340,499293,0.4924027919769287,0.9200000166893005,0.550800085067749,0.24951826425820728,0.14483415435936886,nan,2.2356938575277354,0.7994664048574655,0.5804551213513217,0.535632350331935,0.004592615676081841,0.009494927589729443,0.009655073166971373,0.47566865591371427,5.308923469599028,0.0,
OK-1989-0229C,239764,479520,0.4547203481197357,0.9200000166893005,0.5473551154136658,0.22898203208979717,0.12673366949463208,0.02288235925343879,1.0935937866180923,0.7948044439068478,0.5534655638173935,0.4933989405254726,0.0035264997234919397,0.008020567672085642,0.00826881960237894,0.4264816374125958,5.340927941292478,1.0,
OK-1989-0229C_08310,443026,499433,0.49226057529449463,0.9200000166893005,0.5359059572219849,0.242700949224101,0.14122475911474178,nan,1.8375838879200488,0.805406823307791,0.5818879553880117,0.5545677145166741,0.004400719551372489,0.009071620020126212,0.009161140148046828,0.4803681070538726,5.382182040266257,0.0,
OK-1989-0229D,240780,481592,0.4656974524259567,0.9199999868869781,0.5325810313224792,0.22817989588517282,0.12392459346161015,0.02955726485561881,1.085076510326147,0.7969006173044815,0.5431004032185764,0.49800307540275485,0.0033707944855367994,0.0077396866115699604,0.008141402143504768,0.4140311983269403,5.346160048116391,1.0,
OK-1989-0229D_08308,426469,499487,0.49048641324043274,0.9200000166893005,0.5644458532333374,0.25470478487967024,0.14804979515478126,nan,1.8000829525426403,0.801014947058447,0.5812603607926886,0.5508962609080377,0.0047579147537399995,0.009808371123135253,0.009993065379057984,0.47612164768890103,5.374594948824163,0.0,
OK-1990-0041,248608,497232,0.4850880652666092,0.7849999964237213,0.47340673208236694,0.18027050444249756,0.128855311913465,nan,0.8800997993951338,0.814414921657626,0.7147886578115561,0.5862090732633307,0.0040759625222289665,0.006855208413804832,0.007330372341358184,0.5560375834160922,5.450983177766614,0.0,
OK-1990-0061,653553,1307120,0.7292517721652985,0.7900000214576721,0.7057135999202728,0.40656789681561745,0.29572533329631456,nan,2.0479316561161767,0.838986900412836,0.7273701037699711,0.5049403170586378,0.01969986222318173,0.02229016271884706,0.02701985411246258,0.7290884007436371,5.503965353330357,0.0,
OK-1990-0073B,171332,342656,0.37841594219207764,0.8649999797344208,0.447371169924736,0.1464379076709863,0.08919815642503176,0.004322915405364188,0.7108966101371035,0.7955968465768486,0.6091193041725258,0.5017788003902632,0.0019043686687544386,0.004595452033798152,0.004794177343041269,0.3972253282450268,5.3820320412098575,1.0,
OK-1990-0073C,171509,342928,0.4003150463104248,0.8700000047683716,0.4573253244161606,0.15927456220061512,0.0949621408418327,nan,0.7268104360003516,0.8009525463189071,0.5962166182081394,0.5035094587997316,0.002105976693616477,0.005107440562556782,0.005301604526163463,0.3972338342521522,5.372865760191382,0.0,
OK-1991-0003,227500,455116,0.6167645156383514,1.0600000023841858,0.4561615288257599,0.2982248997125908,0.19769219342625102,nan,1.4389600005891716,0.7618303201888412,0.6628963363447302,0.45798088580583635,0.007440088468694414,0.01769558164637381,0.018299753466483774,0.4065676885932386,5.1989326791655195,0.0,
OK-1991-0003_104382,360261,499748,0.4103268086910248,1.059999942779541,0.6144036054611206,0.2672326324921118,0.178821539465041,nan,1.1924354534805528,0.7493160710828592,0.6691605654497284,0.4679067392507604,0.006315493290793868,0.014923704596533617,0.01623227421367465,0.38907014554211206,5.480182370191466,0.0,
OK-1991-0016C,532006,1064004,0.6312846839427948,0.8300000131130219,0.6858743727207184,0.35937505456189517,0.20866388976217923,0.038746057520719884,1.8902462595741367,0.8373677141703804,0.5806298659670632,0.4497103306018426,0.00972042739430867,0.014206009543826458,0.01584685846061044,0.6133977544173904,5.449398142973816,1.0,
OK-1991-0892D,308925,617868,0.49170736968517303,0.8799999952316284,0.5287719368934631,0.22880093002305113,0.19214722062947898,nan,1.5134415120550408,0.801161294528287,0.8398008723571212,0.5117351003471434,0.007823389801332147,0.013757918734217873,0.01392938030030018,0.561646651370668,5.309887413327786,0.0,
OK-1991-0892D_125935,339480,499742,0.5218024849891663,0.8799999952316284,0.5605700016021729,0.25740600007004616,0.2188415902737314,nan,1.6502119777815347,0.8041335023406473,0.8501806104526682,0.48550745168919635,0.010053232666673694,0.016350108116199937,0.016648317007672036,0.6038587961798701,5.313274458461785,0.0,
OK-1991-0893A,658939,1317856,1.5321217775344849,1.8431804776191711,1.994772493839264,5.633191542471226,4.211896057614008,nan,15.698752507038671,0.8446964326475112,0.7476926757875324,0.4489645192629842,1.5080885445014465,2.0498946163576974,2.1226879311497338,0.7104617322079014,4.622980069683473,0.0,
OK-1991-0893B,736478,1472934,1.7108592987060547,1.9891030192375183,1.9941999912261963,6.786412925935706,5.156643546234146,nan,17.60700929482563,0.8395564687430196,0.7598481852654363,0.4588379842004636,2.211211907450521,2.7162920874990353,2.938002838042038,0.7526241563892193,4.621474184669949,0.0,
OK-1991-0898,194336,388676,0.5982750952243805,1.9599999785423279,0.9849185943603516,1.1549344283812546,0.5824943225119564,nan,4.263859678940398,0.7434782047000384,0.5043527218496509,0.36707825879962236,0.037176882458053125,0.14624980046640937,0.15478293850598762,0.2401872119556315,4.658750355559185,0.0,
OK-1991-0898_111619,182557,246620,0.636975884437561,1.9600000381469727,1.106502890586853,1.3814387153205696,0.6933560291570965,nan,5.919261080150268,0.7503582944350201,0.5019086416701445,0.3043405348830075,0.05290727898181614,0.1786160947888624,0.19369085998331392,0.2731532039579668,4.489130994504657,0.0,
OK-1992-0122A,217167,434360,0.38099342584609985,0.8030000030994415,0.4201962798833847,0.1285538927172434,0.09292674218954518,nan,0.8592463254340695,0.7681443021368236,0.7228621415139813,0.46391919745047294,0.002085827621492839,0.004832028370014837,0.0049839100336097645,0.41851229404759305,5.402676148382085,0.0,
OK-1992-0122B,227948,455920,0.39334362745285034,0.8030000030994415,0.42285047471523285,0.1335594088100198,0.09621330231840486,0.010418978059019464,0.8904009073454106,0.7669739968862309,0.7203783183501694,0.4632017894256928,0.0022412853611031534,0.005017156693757381,0.005251726178444911,0.42677117674227655,5.408250192198857,1.0,
OK-1993-0159,268291,536590,0.40802863240242004,0.699999988079071,0.46056491136550903,0.13154656740168258,0.09081924556779286,0.009965674055453143,0.7779500552701505,0.8158201564122705,0.6903961643519952,0.5361376987977621,0.0022132893185370876,0.00404593485812988,0.004163384759050939,0.531608161778835,5.537654388227919,1.0,
OK-1993-0173,196932,393868,1.0737296342849731,1.9949423670768738,0.9929209053516388,2.1268651140436736,1.3439401347017135,0.14096563680407054,4.148060478345856,0.7955396561727578,0.631887807942162,0.505286533997384,0.17125785704586494,0.42880045319670046,0.4546481827230804,0.3766821545840767,4.676471211790534,1.0,
OK-1994-0038,382045,764502,0.8619260191917419,0.9300000071525574,0.3442171961069107,0.27592147666941913,0.09234976363825925,nan,1.7100293782528353,0.715691140388467,0.3346958154652937,0.43809439333360733,0.0026245952084411202,0.0049862338660971945,0.006818780456618874,0.3849068356341449,5.349110948621033,0.0,
OK-1994-0038_93125,420385,499806,0.39733344316482544,0.9300000071525574,0.5440414547920227,0.2010342554910698,0.07297647862256892,nan,1.8276672939508138,0.7958406689277748,0.36300519254446484,0.36964455325187123,0.0010954449960382058,0.004297862550850908,0.004555430794286573,0.2404701213795442,5.361750071099869,0.0,
OK-1994-0081,349070,698144,0.47568708658218384,0.75,0.47582218050956726,0.16975685008333352,0.09907823275395948,nan,1.0232988921350583,0.840112209263333,0.5836479217499738,0.48781637439612596,0.002594675596048482,0.004465823268962422,0.004663881616428775,0.556333931570775,5.532910022057882,0.0,
OK-1994-0136,417110,834252,0.643372654914856,0.8650000095367432,0.8397564589977264,0.4673390414212615,0.2231866552926758,nan,1.7908180201326347,0.8197951483403407,0.47756903556340025,0.39547372059889474,0.010051925715586395,0.017277109350690344,0.019091041799485137,0.5265257821528359,5.367199146131855,0.0,
OK-1994-0210,170274,340568,0.539656788110733,1.300000011920929,0.6143620014190674,0.4310080157023441,0.17410471596881336,0.03565514100944392,1.5543751684105227,0.7515888323171289,0.40394774488150303,0.385861706735249,0.005013590287211467,0.018487776103199256,0.018910044975614996,0.2651284168639802,5.039592488731483,1.0,
OK-1995-0109,315158,630326,0.5671100318431854,1.0870000123977661,0.7153909504413605,0.4410017581825731,0.28893813866788703,nan,2.216766847257179,0.8176574051796167,0.6551859109556378,0.38656517110102195,0.015694269831785308,0.026115608376661176,0.028200337139486116,0.5565277377414821,5.152808318019192,0.0,
OK-1995-0109_115045,338360,499493,0.5653095841407776,1.0870000123977661,0.7585188746452332,0.46610341999897514,0.31603255205457076,nan,2.435092706419855,0.8124888797437575,0.6780309658643261,0.5104488324226535,0.018962727913324432,0.028767130624650347,0.032923080291278065,0.5759706487229268,5.1428635163960355,0.0,
OK-1995-0111,492606,985266,1.0494100451469421,0.9550000131130219,1.023581624031067,1.0258197946485934,0.4059499829499979,nan,2.5764798882449056,0.8779449076066559,0.3957322573299152,0.4476502273166362,0.030110059502752584,0.0399389967357847,0.0452110807673504,0.6659884920180197,5.281472940544815,0.0,
OK-1995-0114,423336,847242,0.5187771320343018,0.7350000143051147,0.5171262323856354,0.1971808526841718,0.12133480203447355,nan,1.1234432253017586,0.8294071423633065,0.6153477905322671,0.5176794962299491,0.0036509386947238672,0.006287383679549274,0.006674386000854697,0.5470074242419215,5.576134072280758,0.0,
OK-1995-0136C,250197,500404,0.913423091173172,1.9946817755699158,1.0945459008216858,1.9942499272835936,1.2918854664941157,nan,5.720071070091457,0.7702960937483894,0.6478051967407205,0.46848229804961394,0.16694026059301328,0.4005134615235726,0.4090091000910505,0.40815781496267517,4.6408806731588355,0.0,
OK-1995-0136C_38120,529592,499005,0.42205801606178284,0.925000011920929,0.5121201872825623,0.19993360053908427,0.1341185986401888,nan,2.278169738612558,0.7662363535215603,0.6708157022059454,0.4861923790289646,0.0038547050693182538,0.008997226363577793,0.009284881181293413,0.4151593320423387,5.366355337301799,0.0,
OK-1996-0001,244065,488156,0.4181792140007019,0.7369999885559082,0.42544856667518616,0.13112242965767526,0.08613653918099808,nan,0.6775938262278172,0.8297463212888406,0.6569168936685889,0.5234177506685902,0.001834401927348298,0.004140329021074375,0.004152196927489573,0.4417906856015572,5.556536063787698,0.0,
OK-1996-0029,186057,372116,0.4061800688505173,0.9699999988079071,0.4435288906097412,0.17474801725054787,0.11102218714701856,nan,0.9180916221247417,0.7897731656255992,0.6353273066774695,0.4923901548622236,0.002515061140103292,0.007448940677285338,0.00755308544278218,0.33298460068483865,5.306759989737756,0.0,
OK-1996-0132,200783,401604,0.42616529762744904,0.9699999988079071,0.4433934688568115,0.18329014210753067,0.11306381811199555,nan,1.1416342273240576,0.7537540091693469,0.616857059588423,0.43123602482803375,0.0026886456934041773,0.0075926996131603555,0.007836436794280475,0.343095435334401,5.24519995807717,0.0,
OK-1997-0125,163889,327780,0.44421224296092987,0.7549999952316284,0.379936158657074,0.12742308057559,0.07089217554599332,nan,0.5016062401839906,0.7930939004412734,0.5563527049084223,0.6074603346904602,0.0012791627507869377,0.003259257419521358,0.003739315279166152,0.34208475490523077,5.514186874656865,0.0,
OK-1997-0125_07100,274148,499964,0.4515158534049988,0.7549999952316284,0.3912513554096222,0.13337542233103436,0.08087341926225605,nan,0.5023206049661431,0.8102872718082932,0.6063592365730645,0.5982758847921334,0.001705384830727726,0.0036673464654933654,0.0039003873538949346,0.4372347349102969,5.7370040888197105,0.0,
OK-1999-0003,169849,339694,0.5184002816677094,0.945000022649765,0.4368497133255005,0.21400755376983974,0.11297095158286868,0.008032710288892825,0.825332361445325,0.7803122898007345,0.5278830097014537,0.5183068816192424,0.002955920193959419,0.0066561402073314875,0.007254280860102542,0.4074725325588836,5.3134341200531425,1.0,
OK-1999-0053,291854,585062,0.7024586796760559,1.024999976158142,0.6609840989112854,0.4759218567731825,0.30646729249220567,nan,1.5265340867087298,0.8513161360616831,0.6439445638620114,0.48900861739751117,0.01718993001915667,0.02891945149295806,0.029468376632201275,0.5833348145948611,5.281459143590686,0.0,
OK-1999-0054,277173,554452,0.5690414309501648,0.7750000059604645,0.5042971223592758,0.22239861771226418,0.16748553995678037,nan,0.8600918317367177,0.8476810416299516,0.7530871445139579,0.5995891157609119,0.00656631303263047,0.009758357995643561,0.01060352330683505,0.6192576601777083,5.508206099263325,0.0,
OK-2000-0008,178262,356512,0.4508066475391388,0.7899999916553497,0.3908970355987549,0.13921299442901128,0.08189880223460934,nan,0.6040020102003157,0.7842493119614551,0.58829854619909,0.5500444404943003,0.001807585611522566,0.003599886380520199,0.004195374838376495,0.4308519932445551,5.470020390741714,0.0,
OK-2001-0017,136625,273248,0.995652586221695,0.3700000047683716,0.4558532387018204,0.1679324409030989,0.061374870390496494,nan,0.6945457665567685,0.7235891292102574,0.36547358009231395,0.35181391450802657,0.0009260763097186558,0.0033007879242189027,0.003611207719322127,0.2564450404676508,5.293829306441816,0.0,
OK-2001-0150,198706,397444,0.4186084419488907,0.8900000154972076,0.541338324546814,0.20168182893093412,0.1199465854609277,0.011312021665760624,0.836674745428112,0.8155240421978531,0.5947317420549739,0.4646233444298116,0.003266208105618013,0.0070275919221942686,0.007567284924202614,0.4316221918870304,5.375654320746822,1.0,
OK-2001-0151,246819,493646,0.4632326513528824,0.7699999809265137,0.44874003529548645,0.16006069400012257,0.10134361502613036,nan,0.7833392542534096,0.8296370706764085,0.6331574135624625,0.49926766400898354,0.0025128167470946905,0.005017542789789421,0.005266799603033546,0.47710506123061347,5.49842869820725,0.0,
OK-2001-0189,263831,528062,0.5306378304958344,0.7599999904632568,0.48520466685295105,0.19567564088622533,0.1366804721208968,0.0038583407365131808,0.7786856896365724,0.8456744690445303,0.6985052993917061,0.5969647607469316,0.004490092102656945,0.0072657512422549045,0.007819123953665531,0.574244906368575,5.529963630090412,1.0,
OK-2001-0225,270074,540168,1.9949930906295776,0.8033514022827148,0.8166486024856567,1.3088267880257083,1.0301335302547532,0.48279239212041175,6.219099106272813,0.7521329584027983,0.7870663556700668,0.5302876822375591,0.09155090145203451,0.36840111902400036,0.38837402786150177,0.23572869163301136,4.6377552990131985,1.0,
OK-2002-0097,222765,445568,0.4958224445581436,0.9070000052452087,0.49530646204948425,0.22274474445081002,0.12038950384305624,nan,0.9443614809983758,0.7985801994186245,0.5404819051505951,0.4315685668200164,0.003325305175624978,0.007190534415390009,0.007597538964639386,0.43768188502904404,5.3727086925566025,0.0,
OK-2002-0136,256502,513008,0.42595528066158295,0.7899999916553497,0.509233295917511,0.1713593812629222,0.11746354244454926,nan,0.8479454551867938,0.7997435233865483,0.68548066396389,0.583634331813687,0.0033873830021343898,0.00637136318115599,0.0065419093965750205,0.5177972969035363,5.480722838953428,0.0,
OK-2002-0142,258456,516924,0.45703884959220886,0.5800000131130219,0.4415111094713211,0.11703688578791929,0.08222954033058148,0.006859909071918694,0.45314026200158886,0.8553462484405489,0.7025950816872242,0.6602833141523723,0.0020944798145425,0.0029185340151143546,0.0030538991877737116,0.6858379028776562,5.756153967245733,1.0,
OK-2002-0142_07114,292383,499944,0.46522653102874756,0.5799999833106995,0.41515761613845825,0.11202255257661989,0.0847159150969438,nan,0.49795477350160905,0.8416934162144388,0.7562398208967859,0.6007532663174892,0.0022048449292692072,0.003119444289271012,0.003134207816655402,0.7034775797420022,5.768762217905325,0.0,
OK-2002-0155,543833,1087670,0.5807312726974487,0.7899999916553497,0.530224621295929,0.24325523255169082,0.15269962904673776,0.01602068069508351,1.7181895606222377,0.8711957958083344,0.627734201007535,0.43340842375855027,0.005436627691130929,0.008540325872804618,0.009066650806626513,0.5996291030815347,5.500394481190083,1.0,
OK-2002-0168,227824,455628,0.4941902309656143,0.9850000143051147,0.5655725300312042,0.27530791695355433,0.15987563825906836,0.03419081343924984,1.1886388688251213,0.7943144446242334,0.5807157310555661,0.5165892057144568,0.005216855201199235,0.011706803876226045,0.012404866618913756,0.4205490765410627,5.282549544971824,1.0,
OK-2002-0168_07115,313718,499954,0.5144258737564087,0.9850000143051147,0.5014439225196838,0.2540863957523851,0.15105556241041254,nan,1.5539024231701175,0.7883023654491191,0.5945047233367848,0.4119854590349557,0.004768043362459144,0.01057333420513609,0.011082939733691413,0.43021467923033124,5.3051156937222,0.0,
OK-2002-0175A,507159,1014338,0.6742638051509857,0.9999999701976776,0.862889975309372,0.5818154608392848,0.28200358230385486,nan,2.6273130814372845,0.8339264084118276,0.4846959238536854,0.4072195335518627,0.01384021567131334,0.027650177038983217,0.030579121563917133,0.4526034419394365,5.2856323086551,0.0,
OK-2002-0191,360240,720492,0.5771340131759644,0.7399999797344208,0.48033832013607025,0.20514248534490978,0.14335760847851098,0.02113892676796238,1.07493673633609,0.8469497807677682,0.6988196922616066,0.5761868643923886,0.00488292221114249,0.007710821076580493,0.008822827056130772,0.5534419047406652,5.525209028650811,1.0,
OK-2003-0100,679107,1358236,0.5080183148384094,0.7549999952316284,0.5084076821804047,0.19500171130232707,0.1384351733938031,nan,2.108649316229035,0.8706673456364964,0.7099177359483566,0.42952629865770975,0.00427260933783335,0.007853412013642378,0.008170673087421138,0.5229201183450957,5.5079338476443525,0.0,
OK-2003-0101A,430899,861768,1.5996196866035461,1.9951615929603577,1.5812619924545288,5.046597272664736,2.345110347899522,nan,9.999853617955411,0.8478173500749329,0.4646913992130864,0.3862446735446207,0.504159866312866,0.9242036861070997,0.928842510148126,0.5427829376935663,4.634381843547494,0.0,
OK-2003-0113,186287,372580,1.9949037432670593,0.6721617579460144,0.7160532772541046,0.960154412381197,0.7797254203483464,nan,4.580632895381388,0.767159063394254,0.8120833589824535,0.7520277584254649,0.05573402192652226,0.23751080839711342,0.23915339712503508,0.2330471680374383,4.60925706119555,0.0,
OK-2003-0115,444637,889276,0.4961703270673752,0.8199999928474426,0.6128150820732117,0.24932973878253906,0.12441320243155145,nan,1.4537964703363608,0.8351211179191658,0.4989906259841006,0.40848006031025236,0.0037568172667419987,0.006655084018379276,0.007130855816282321,0.526839605726402,5.485501989123456,0.0,
OK-2003-0200,892402,1784828,1.1736563444137573,0.9800000190734863,0.727279394865036,0.8365045707065244,0.515803207180712,nan,6.611535565690911,0.8748135502920726,0.6166173207458471,0.5116980753505251,0.04572030861164548,0.056470024390637086,0.06825421291949722,0.6698532831309699,5.130258196433064,0.0,
OK-2003-0202,553291,1106624,0.9485676288604736,0.6399999856948853,0.49489809572696686,0.30044435372697254,0.16823665165854815,nan,2.6680708305977547,0.7984579865661907,0.5599594386501018,0.36523423213178186,0.005675620283677178,0.012858987550151083,0.013244218985716,0.4285356720391275,5.316756251076973,0.0,
OK-2003-0237,345423,690844,0.5874857008457184,0.7899999916553497,0.550495058298111,0.2554922976590061,0.1461688354771227,nan,1.1139389165495501,0.8613547647277777,0.572106622455631,0.6076444034444137,0.0050092234454568825,0.008173716967105641,0.008569515152143138,0.5845398901248378,5.4914898749893855,0.0,
OK-2003-0239A,654766,1309564,0.7443828284740448,0.75,0.6093422472476959,0.340187929136228,0.2723001895787755,0.01659573630323839,2.1540566822922766,0.8375952530548945,0.8004404808547252,0.5433657599188162,0.01805709697460431,0.01817605480196448,0.021625545759032933,0.8349891917553991,5.482828992511455,1.0,
OK-2003-0247,187442,374880,0.5167623162269592,0.9549999833106995,0.5110990703105927,0.2522314817144421,0.14443538236816283,0.012649352088686458,0.9278823069451307,0.7704083991991414,0.5726302735345381,0.5401359963873847,0.0044984517673776194,0.009911376861375288,0.010523979770154634,0.42744777789624366,5.305374015938199,1.0,
OK-2003-0249,159795,319612,0.4005691558122635,0.8300000131130219,0.49523602426052094,0.16465231181897502,0.10164441742722345,nan,0.6439008136083924,0.7727854082787663,0.6173276056942046,0.4712981218019715,0.002465311512445556,0.005617278030432855,0.005732225101815398,0.4300793267286016,5.394744212226624,0.0,
OK-dep-00039A,223616,447232,0.4475010186433792,0.972000002861023,0.4520728439092636,0.1966385731009872,0.14314010575186145,0.02651909261266348,1.20325184776316,0.7718068153978129,0.7279350307243602,0.4912774590113008,0.004128971694773713,0.010413299230089806,0.010877876021676683,0.37957517501999305,5.269146337360374,1.0,
OK-dep-00126,548503,1097036,1.4140040874481201,1.9950810074806213,1.2779352068901062,3.6051225650143697,2.6656442914645644,nan,12.788457720926704,0.8345689232767683,0.7394046231140936,0.442512736310387,0.6624982834711622,1.019120159444668,1.0442221777573857,0.6344418817975794,4.632360835236171,0.0,
OK-dep-01106_72718,23163,40162,0.5724579691886902,1.3450000286102295,0.6144046187400818,0.4730645133718261,0.20324504965745296,nan,1.807012869414259,0.7380265119219809,0.42963495234254334,0.4290128082099106,0.006575799774150667,0.023818409845047427,0.024976450912784658,0.26327999110493006,4.107833561588444,0.0,
OK-INV-013K_29885,367627,499815,0.44744497537612915,0.800000011920929,0.40541669726371765,0.14512133346186495,0.09753876452071002,nan,0.9088385200250212,0.8139699855765818,0.6721187174478471,0.6567073716782335,0.002248477653907741,0.005053804981215475,0.005448243737738652,0.41269769895445135,5.606920674407355,0.0,
